lat,lon,day_of_year,sst,ssh,sss,temp_50m,temp_100m,temp_200m,temp_500m
13.99,66.69,183,28.13,0.707,35.03,26.51,24.1,20.09,14.44
23.21,68.05,352,26.4,0.669,34.95,25.49,22.7,18.42,13.14
19.71,74.53,36,27.94,0.674,34.43,27.35,24.6,20.71,15.64
17.58,65.78,37,28.35,0.757,34.91,27.51,24.75,20.37,15.29
10.5,74.78,14,28.58,0.756,34.49,27.3,24.45,20.44,14.85
10.5,61.5,123,29.88,0.775,35.0,28.73,25.85,21.66,16.48
8.93,73.21,83,30.39,0.739,34.67,29.16,26.19,21.69,16.45
21.86,74.41,159,27.33,0.663,34.41,26.71,24.09,20.62,15.48
17.62,63.09,329,26.7,0.598,35.18,25.97,22.72,18.23,12.94
19.33,67.32,102,28.26,0.69,34.98,27.21,23.91,19.65,14.5
8.33,62.81,337,28.92,0.766,35.25,27.81,24.67,19.94,14.37
23.52,72.01,83,27.72,0.718,34.61,26.69,24.2,20.04,14.4
21.32,69.1,44,28.02,0.717,34.74,27.04,24.32,20.39,14.24
11.4,70.8,68,29.54,0.816,34.87,28.37,25.27,20.81,15.18
10.91,63.34,48,29.37,0.763,35.18,28.17,25.05,20.22,14.63
10.93,63.6,57,29.33,0.727,35.19,28.34,25.45,21.2,15.16
12.87,60.71,75,29.13,0.716,35.29,28.38,25.64,21.48,15.99
16.4,65.48,22,28.41,0.713,35.0,27.44,24.99,20.8,15.62
14.91,69.52,132,28.58,0.709,34.77,27.39,25.15,21.68,15.91
12.66,74.58,302,27.38,0.729,34.69,26.39,23.49,19.53,14.59
17.79,71.34,267,26.37,0.678,34.7,25.48,23.31,19.31,13.92
10.23,67.4,287,27.72,0.689,34.91,26.61,23.79,19.82,14.57
12.67,76.2,120,29.17,0.734,34.51,28.52,25.74,21.77,16.26
13.86,72.23,246,27.38,0.72,34.74,26.43,23.86,19.58,13.81
15.3,75.81,56,28.85,0.776,34.69,27.99,25.44,20.96,15.63
20.56,68.97,38,28.62,0.655,34.81,27.31,24.95,21.84,16.57
11.19,64.4,245,26.98,0.673,34.97,25.73,22.51,18.35,12.8
16.23,60.9,21,28.92,0.741,35.15,28.07,25.23,21.14,15.72
17.48,72.34,110,28.68,0.752,34.59,27.8,25.31,21.22,15.72
8.74,62.06,94,30.15,0.779,35.18,28.97,25.76,21.36,15.67
17.72,65.15,136,28.22,0.733,35.01,27.39,23.96,19.93,14.53
10.73,69.05,231,27.23,0.677,34.83,26.35,23.07,18.45,12.74
9.04,69.6,8,28.85,0.703,34.85,27.66,24.77,20.95,15.68
23.18,70.21,328,25.9,0.678,34.64,24.96,22.73,18.52,13.72
23.45,62.83,290,25.58,0.67,35.23,24.72,21.43,17.79,12.62
20.93,66.46,251,26.29,0.685,34.89,25.53,22.33,18.44,12.88
12.87,70.49,361,28.24,0.75,34.74,27.11,24.08,20.14,14.74
9.56,76.49,87,30.02,0.732,34.63,29.11,25.94,21.53,16.37
18.95,72.37,204,27.04,0.661,34.77,26.04,22.86,18.79,13.26
15.04,75.68,219,26.71,0.716,34.77,25.62,22.15,18.35,13.02
9.95,72.96,241,27.19,0.7,34.59,26.58,23.57,19.52,14.24
15.92,70.06,320,26.52,0.668,34.7,25.31,23.07,18.43,13.0
8.55,63.26,258,27.65,0.689,34.95,26.7,24.02,20.31,14.87
22.55,71.33,109,27.4,0.743,34.76,26.21,23.69,19.89,14.71
12.14,70.6,256,27.03,0.61,34.75,26.12,23.14,18.44,13.46
18.6,70.24,282,25.81,0.656,34.72,25.44,22.36,18.31,12.78
12.99,68.33,220,27.68,0.698,34.86,26.87,24.18,20.4,15.27
16.32,68.99,83,29.07,0.692,34.74,28.39,25.56,21.22,15.28
16.75,65.69,107,28.75,0.797,35.13,27.79,24.87,20.24,14.89
10.96,68.83,69,29.1,0.635,34.78,28.23,25.91,21.38,15.23
23.51,63.36,97,27.8,0.709,35.01,27.04,23.94,19.8,14.06
20.4,73.69,212,26.65,0.691,34.41,26.19,23.06,19.33,13.52
23.03,63.16,286,25.82,0.605,34.91,24.77,22.23,17.69,12.68
22.32,61.44,237,26.41,0.673,35.08,25.81,23.19,18.66,13.08
17.57,67.42,8,28.07,0.703,34.87,27.22,24.06,19.84,14.32
22.75,71.19,294,25.71,0.681,34.82,24.7,21.88,18.06,12.49
9.42,67.44,189,28.57,0.868,34.75,27.42,23.95,20.55,14.62
11.14,64.7,81,29.49,0.768,35.06,28.11,25.32,21.25,15.84
8.72,69.49,108,30.45,0.808,34.88,28.69,25.65,21.28,15.8
13.21,65.9,321,27.44,0.654,35.03,26.19,23.29,18.87,13.13
14.22,75.86,67,29.35,0.759,34.67,28.28,25.06,21.51,16.42
12.34,75.68,174,28.35,0.705,34.46,27.33,24.84,20.23,15.13
21.26,68.54,346,26.25,0.689,34.91,25.14,22.37,18.35,12.47
13.71,65.57,351,27.74,0.645,35.15,26.67,24.14,20.57,14.86
12.49,72.53,328,27.52,0.653,34.84,26.54,23.68,19.52,14.16
16.68,60.62,43,28.56,0.774,35.36,27.5,24.97,20.44,14.8
10.25,68.07,187,28.35,0.729,34.9,27.06,23.63,19.74,14.18
20.84,65.72,302,26.02,0.704,34.91,25.01,22.16,18.1,12.3
9.19,75.65,200,28.82,0.749,34.32,27.99,25.47,21.56,15.76
23.79,60.2,39,26.88,0.697,35.07,25.73,22.28,18.42,12.76
20.36,69.4,220,25.79,0.631,34.77,25.15,22.37,18.48,13.02
11.18,72.59,307,27.89,0.699,34.66,27.1,24.43,20.45,15.01
8.09,68.25,4,28.63,0.767,34.79,27.44,24.44,20.61,14.87
21.05,61.45,121,27.97,0.704,35.18,27.21,24.65,21.09,15.25
19.31,76.53,336,26.91,0.725,34.56,25.86,23.3,18.89,13.01
19.66,68.81,77,28.4,0.718,34.85,27.56,24.52,20.31,15.11
20.34,70.44,179,27.2,0.639,34.86,26.77,23.84,20.05,15.19
9.18,64.02,133,29.75,0.712,34.99,28.91,25.7,21.57,16.2
13.74,68.22,311,27.93,0.701,34.98,26.83,24.07,19.47,13.2
9.85,67.3,229,28.39,0.758,34.79,27.05,24.23,20.26,14.93
21.81,61.27,276,25.52,0.609,35.12,24.62,21.81,17.52,12.37
17.97,61.8,152,28.42,0.752,35.16,27.55,24.71,21.46,15.76
13.29,74.24,164,28.73,0.736,34.44,27.86,24.74,21.04,15.8
9.02,64.08,290,27.69,0.725,34.99,26.57,23.28,19.64,14.46
12.98,63.31,109,29.13,0.732,35.14,28.46,25.73,21.65,16.53
13.2,68.58,126,29.35,0.758,34.81,28.34,25.4,21.42,15.75
19.67,73.07,240,26.15,0.692,34.49,25.17,22.02,17.78,12.3
18.2,61.05,310,26.38,0.661,35.07,25.57,22.52,18.09,12.64
22.2,69.81,345,26.24,0.636,34.67,25.54,23.0,18.53,13.43
15.56,62.03,146,28.87,0.663,35.17,27.75,25.18,21.93,16.31
9.91,60.62,252,27.37,0.713,35.19,26.1,23.44,19.5,14.28
19.41,60.9,183,27.05,0.651,35.01,25.83,22.99,18.36,12.94
20.17,74.18,309,26.42,0.642,34.47,25.49,22.46,18.75,13.53
16.98,62.01,306,26.59,0.625,35.05,25.89,23.48,20.43,15.15
20.34,60.77,72,28.25,0.708,35.17,27.51,24.56,19.84,14.15
15.9,67.44,219,27.42,0.776,34.84,26.68,23.88,20.02,14.6
16.36,74.35,207,27.65,0.714,34.66,26.56,23.45,18.9,13.2
14.84,64.46,173,27.53,0.67,35.05,26.52,23.61,19.97,14.46
8.41,67.17,141,29.69,0.742,34.97,28.19,24.52,19.57,14.59
9.73,60.68,272,27.12,0.626,35.03,26.23,23.23,19.16,13.54
8.5,67.63,214,28.19,0.67,34.87,27.35,24.06,20.13,14.45
18.18,69.82,269,26.27,0.607,34.91,25.14,22.41,17.75,12.2
13.03,69.71,20,28.54,0.737,34.74,27.85,24.8,20.88,15.58
16.14,65.65,66,28.56,0.745,34.89,27.56,24.59,20.31,15.01
22.52,65.36,303,25.45,0.637,34.94,24.4,22.22,18.81,13.42
11.99,61.81,147,29.31,0.764,35.08,28.21,25.02,20.35,14.61
14.57,66.24,165,28.83,0.704,34.96,27.97,25.15,21.42,15.84
20.09,61.69,310,25.59,0.592,35.07,24.71,21.98,17.84,12.76
11.66,73.03,6,28.48,0.678,34.48,27.31,24.19,20.61,14.65
9.23,76.43,14,29.32,0.702,34.66,28.34,25.82,22.25,16.83
12.64,76.49,132,29.21,0.761,34.59,28.32,25.93,21.73,16.17
10.58,74.71,342,27.82,0.785,34.63,26.71,24.18,20.06,14.7
22.88,70.21,243,25.59,0.596,34.78,24.7,21.61,17.88,12.42
20.93,71.91,231,26.26,0.644,34.69,25.29,22.26,18.37,12.42
18.13,64.85,228,26.54,0.674,34.93,25.72,22.27,18.13,12.8
21.94,70.72,162,27.31,0.678,34.58,26.15,23.25,18.82,13.03
20.86,67.75,283,25.88,0.66,35.05,24.87,22.0,18.05,12.19
10.99,68.19,263,27.22,0.663,34.87,26.12,23.52,18.98,13.5
22.28,72.88,131,28.03,0.684,34.52,27.04,24.73,20.89,15.26
16.63,64.79,225,26.76,0.666,34.91,25.86,22.65,19.0,13.26
20.92,65.41,258,25.6,0.651,35.01,24.78,21.99,17.56,11.94
22.34,75.72,234,26.59,0.719,34.6,26.25,23.32,19.06,13.34
13.09,60.96,336,27.64,0.714,35.09,26.47,23.57,19.21,14.18
9.76,68.26,316,27.06,0.672,34.76,25.97,23.61,19.93,14.52
11.65,75.52,24,29.31,0.783,34.52,28.07,25.21,21.13,15.58
14.83,70.38,271,27.15,0.725,34.59,26.56,23.86,19.61,14.34
21.09,69.29,95,28.37,0.709,34.78,27.85,25.14,21.3,15.74
21.77,64.25,142,27.89,0.701,34.98,26.74,23.95,19.66,14.08
8.11,65.84,182,29.64,0.742,35.12,28.49,25.39,21.21,15.99
16.17,74.48,206,27.01,0.713,34.58,26.06,23.77,19.22,13.51
14.68,69.51,81,29.22,0.75,34.85,28.17,25.28,21.52,15.71
11.55,68.75,274,27.86,0.65,35.01,26.71,24.05,19.51,14.21
9.92,61.69,276,28.17,0.731,35.03,27.24,24.45,20.92,15.47
13.4,60.27,208,27.57,0.757,35.13,26.92,23.4,19.4,13.95
23.09,76.38,296,26.23,0.72,34.49,25.57,22.4,18.24,12.63
13.17,66.41,39,29.21,0.727,34.78,28.37,25.54,21.43,16.11
16.3,70.25,288,27.04,0.653,34.76,26.01,22.93,19.52,13.61
19.25,61.36,124,28.56,0.803,35.26,27.87,25.09,20.45,14.37
13.82,71.61,364,28.2,0.779,34.82,27.4,24.24,19.63,14.01
23.55,75.85,283,26.15,0.673,34.68,25.24,22.41,18.69,13.38
23.4,69.79,180,26.58,0.599,34.75,25.72,22.41,17.94,12.82
12.03,62.14,97,30.16,0.751,35.0,28.81,26.18,21.79,16.45
15.96,69.89,191,28.25,0.674,35.03,27.02,24.32,20.04,14.26
12.81,73.03,74,29.83,0.838,34.7,28.72,25.95,22.3,16.53
12.56,66.91,273,27.09,0.622,34.76,25.85,23.01,19.24,14.1
8.59,74.96,49,29.88,0.839,34.86,28.93,25.81,21.65,16.42
17.75,71.03,337,26.6,0.664,34.75,25.64,23.28,19.34,14.01
16.04,75.29,210,27.11,0.635,34.29,26.26,23.94,19.99,14.77
8.82,70.6,116,30.16,0.814,34.92,28.81,25.88,21.38,15.93
12.46,62.23,23,28.37,0.746,34.88,27.59,24.55,20.08,14.51
22.53,65.26,98,27.92,0.657,35.02,27.19,23.84,18.93,13.38
11.83,63.43,328,28.29,0.718,35.15,27.33,24.54,21.04,15.73
10.32,75.45,313,27.67,0.755,34.65,26.79,23.71,19.34,13.91
15.83,72.93,190,27.98,0.693,34.84,27.08,24.09,20.0,13.91
23.77,71.5,182,26.81,0.742,34.84,25.81,23.23,19.34,14.11
11.87,65.12,148,29.0,0.71,35.18,28.08,24.94,20.45,15.12
18.75,63.13,342,26.88,0.611,35.07,25.82,23.59,19.15,13.74
20.19,72.86,23,27.68,0.702,34.64,26.85,23.69,19.23,14.15
11.8,68.06,105,28.98,0.681,34.84,27.78,24.33,19.07,13.33
19.65,63.84,163,27.93,0.713,35.18,27.38,24.32,20.2,14.38
13.88,70.48,67,29.18,0.746,34.72,28.31,25.54,22.38,17.03
18.12,60.69,290,26.62,0.638,35.26,25.91,23.13,18.82,13.09
18.14,65.54,289,26.44,0.738,34.89,25.37,22.55,18.25,13.25
16.57,67.97,46,28.52,0.725,34.8,27.63,24.68,20.44,14.73
9.44,62.52,81,30.02,0.805,35.22,28.97,25.92,21.94,16.23
21.36,76.74,147,27.74,0.739,34.57,26.91,23.67,19.92,14.3
13.13,63.55,222,27.92,0.778,34.84,26.51,23.66,19.23,13.64
10.98,62.22,343,28.13,0.665,35.03,27.46,24.94,21.03,15.42
8.65,63.46,15,29.3,0.679,34.8,28.18,25.35,21.21,15.63
17.45,73.07,121,28.25,0.786,34.64,27.42,24.3,20.32,14.71
18.84,67.23,78,28.53,0.749,34.88,27.36,24.53,20.61,14.65
8.27,69.61,322,28.59,0.733,34.77,27.77,25.34,20.85,15.5
16.19,60.36,295,26.78,0.668,35.31,26.1,23.2,18.89,13.26
11.62,60.59,241,27.12,0.671,35.22,26.24,23.03,19.12,13.57
18.32,67.58,18,27.53,0.73,35.14,26.67,23.87,19.71,13.85
10.79,73.88,256,27.21,0.629,34.7,26.62,23.98,20.2,14.24
19.06,75.05,277,26.44,0.682,34.65,25.74,23.16,18.97,13.44
14.19,61.47,27,28.87,0.777,35.17,27.6,24.92,21.23,16.19
22.99,69.15,2,25.76,0.672,34.81,24.98,22.2,17.31,12.27
10.2,75.52,353,28.4,0.719,34.51,27.44,24.33,20.36,14.59
13.46,66.6,295,27.11,0.683,34.91,26.12,22.98,18.36,12.64
9.82,74.1,312,27.49,0.746,34.62,26.52,23.55,19.89,14.45
22.8,62.27,363,26.62,0.692,35.1,26.09,23.43,19.27,12.97
22.04,75.9,239,26.3,0.729,34.63,25.43,22.37,18.13,12.45
12.13,72.77,13,28.77,0.663,34.72,27.66,24.68,20.25,14.81
18.56,76.0,184,27.24,0.723,34.51,26.11,22.98,19.15,13.58
21.08,71.5,194,26.75,0.64,34.67,25.51,23.16,19.29,13.22
16.88,66.18,56,28.58,0.725,34.98,27.58,24.65,20.44,14.39
16.47,75.95,230,26.94,0.733,34.47,25.85,23.19,19.35,13.42
11.87,64.68,28,28.55,0.686,34.97,27.46,25.09,21.08,15.56
9.49,65.65,320,27.74,0.787,34.92,26.53,23.35,19.28,13.53
22.36,71.91,71,28.29,0.763,34.97,27.24,24.58,20.8,15.76
22.41,73.01,210,26.27,0.681,34.55,25.33,22.46,19.08,13.18
18.13,75.8,184,27.19,0.649,34.49,26.38,23.98,19.99,14.86
13.42,63.48,356,27.76,0.696,35.01,26.64,23.55,19.57,13.71
13.59,73.57,41,29.16,0.73,34.61,28.11,25.31,21.58,16.83
19.62,72.56,260,25.94,0.599,34.8,25.47,22.86,18.38,13.08
22.35,61.08,344,26.58,0.711,35.13,25.96,22.9,18.72,12.56
22.19,66.58,84,27.87,0.69,34.8,27.08,24.18,19.92,14.79
20.48,64.81,46,27.64,0.692,35.15,26.83,23.94,19.96,14.32
18.27,65.18,159,28.0,0.705,35.02,26.95,24.42,20.41,15.19
9.35,76.71,344,28.34,0.712,34.57,27.17,24.98,21.58,16.08
10.59,70.93,7,28.96,0.76,34.83,27.84,25.43,21.93,16.32
22.38,72.2,333,26.48,0.64,34.59,25.67,23.28,18.57,13.0
17.7,76.6,136,28.3,0.76,34.54,27.36,23.23,19.27,13.42
8.15,66.41,183,29.07,0.718,35.03,27.73,24.91,21.09,15.46
9.62,73.63,197,28.34,0.719,34.59,27.38,24.53,20.47,14.58
18.62,67.39,172,27.81,0.652,34.94,26.79,24.21,19.9,14.26
8.08,74.78,349,28.73,0.775,34.66,28.0,24.68,21.13,15.69
10.57,63.07,276,27.23,0.74,34.93,26.41,23.76,19.79,14.61
16.78,76.11,78,28.64,0.758,34.45,27.36,23.86,19.34,14.29
19.07,63.72,178,27.51,0.702,34.82,26.56,24.02,20.31,14.81
18.43,65.55,27,28.32,0.718,35.0,27.73,24.38,20.47,14.63
11.59,72.86,120,29.79,0.701,34.87,28.87,26.39,22.03,16.52
19.39,66.69,281,25.82,0.59,34.86,24.94,22.5,18.09,12.55
11.8,70.34,308,27.18,0.715,34.77,25.67,22.71,18.3,13.19
13.21,67.56,196,27.74,0.695,35.0,26.68,23.96,20.33,15.1
19.94,72.62,277,25.83,0.591,34.72,24.99,22.2,18.33,12.9
18.39,63.88,18,27.26,0.632,34.95,25.94,22.68,18.96,13.92
21.59,60.99,295,26.08,0.678,35.31,25.35,22.68,18.66,13.01
18.52,65.1,271,26.09,0.688,35.02,25.04,22.55,18.18,12.86
17.09,68.06,53,28.72,0.67,34.85,27.85,24.91,20.5,14.84
9.5,62.86,294,27.55,0.703,35.07,26.49,23.83,20.16,14.52
13.88,66.03,52,29.05,0.757,35.02,27.99,24.85,20.93,14.81
12.24,66.8,216,27.5,0.672,34.87,26.63,24.07,19.86,14.39
11.9,60.98,72,29.54,0.806,35.32,28.55,25.66,21.56,16.1
23.57,69.92,28,26.96,0.665,34.93,26.69,23.86,20.16,14.62
14.29,75.03,252,26.93,0.609,34.6,26.29,23.63,19.76,14.39
22.27,62.58,35,27.98,0.702,35.1,26.94,24.55,20.41,15.21
18.1,70.16,201,27.27,0.743,34.71,26.59,23.87,19.75,14.25
20.72,71.3,249,26.09,0.639,34.68,25.07,21.93,17.59,12.27
16.04,67.13,99,28.59,0.686,34.8,27.39,24.33,20.24,14.86
17.23,71.92,308,26.79,0.699,34.7,25.56,22.69,18.47,13.29
15.88,66.98,140,28.82,0.745,34.93,27.78,25.06,20.94,15.6
11.12,68.58,83,29.8,0.764,34.7,28.94,25.71,21.4,16.44
19.56,60.13,48,28.21,0.735,35.26,27.36,24.59,19.96,14.54
12.49,71.76,278,27.09,0.655,34.64,26.16,23.6,19.88,14.1
8.39,71.24,248,28.05,0.688,34.79,26.29,23.3,19.43,14.31
18.33,60.65,177,27.98,0.739,35.25,27.02,24.75,20.54,15.23
10.83,66.26,52,29.61,0.72,35.08,28.34,25.25,21.03,15.67
23.05,76.64,79,27.62,0.763,34.64,26.49,23.67,19.01,13.05
23.26,67.15,322,25.63,0.688,35.08,24.58,21.11,17.43,12.38
22.64,68.53,64,28.09,0.667,34.94,27.28,24.35,20.75,15.55
13.92,75.47,8,27.99,0.769,34.6,27.12,24.19,20.05,14.65
8.25,72.19,214,28.4,0.728,34.66,27.11,24.11,20.15,13.79
22.85,69.9,25,27.17,0.74,34.79,26.46,23.37,18.88,13.28
14.85,73.56,256,26.51,0.671,34.82,25.69,22.7,18.63,13.7
23.47,74.69,243,25.89,0.64,34.59,25.15,22.52,18.14,12.79
23.42,67.77,198,26.58,0.656,34.89,25.6,22.2,17.82,11.96
21.65,68.08,94,27.74,0.604,35.02,26.8,23.44,19.22,13.56
12.71,66.56,207,27.95,0.745,34.91,26.99,23.97,19.7,14.08
14.16,76.43,15,28.48,0.696,34.46,27.34,24.46,20.31,15.15
21.62,71.85,178,27.3,0.727,34.84,26.58,23.48,19.81,13.85
13.07,61.41,75,29.44,0.82,35.06,28.2,25.31,20.37,15.18
10.71,74.67,104,30.19,0.753,34.65,29.2,26.51,22.2,16.94
16.91,68.17,294,26.5,0.639,34.9,25.74,23.21,19.36,14.54
22.98,61.17,168,26.97,0.719,35.18,26.19,23.72,19.7,14.36
19.14,69.35,115,28.14,0.695,34.58,27.04,23.8,19.39,13.51
17.12,67.09,39,28.1,0.766,34.99,26.83,23.72,20.46,14.95
9.55,74.92,364,28.44,0.696,34.6,27.13,24.02,21.0,15.2
17.84,63.47,273,26.39,0.719,35.12,25.56,23.01,18.9,13.52
23.84,74.05,135,27.42,0.68,34.69,26.57,23.54,19.05,14.07
10.24,69.48,232,27.86,0.719,34.85,26.66,23.9,19.7,13.94
16.29,60.93,39,28.14,0.753,35.12,27.27,23.96,19.41,14.19
22.04,76.52,291,25.49,0.655,34.5,24.25,21.23,17.29,11.61
19.85,68.71,307,25.95,0.691,34.85,25.02,21.9,18.03,12.07
19.15,64.94,47,28.85,0.677,35.02,27.73,25.09,21.39,16.37
19.24,67.98,36,27.96,0.693,34.84,26.8,23.58,19.64,14.21
13.75,74.58,320,27.28,0.691,34.71,26.17,23.86,19.85,14.5
12.7,65.18,95,29.47,0.723,34.96,28.94,26.14,21.64,16.4
20.95,63.28,361,27.44,0.732,34.97,26.71,23.62,19.03,13.02
20.96,62.19,13,26.84,0.655,35.17,25.75,23.03,18.12,12.54
21.87,65.06,146,27.61,0.668,35.19,27.01,23.93,19.86,13.87
22.61,73.26,65,27.4,0.73,34.55,26.31,23.13,19.37,13.72
16.18,68.02,228,26.21,0.615,34.87,25.56,22.96,19.32,14.17
16.02,63.87,242,26.55,0.627,35.15,25.42,23.01,19.25,13.88
20.77,62.83,8,27.37,0.712,35.14,26.53,23.79,19.54,13.86
18.4,65.66,304,26.16,0.709,35.04,25.66,22.44,19.09,13.59
19.23,75.98,341,26.95,0.685,34.56,25.99,22.9,18.42,12.88
20.73,65.83,43,27.93,0.643,34.7,27.43,25.07,20.57,15.17
22.24,76.8,244,25.78,0.671,34.55,24.93,22.33,18.54,12.85
13.41,68.25,181,28.6,0.704,34.91,27.57,24.38,20.84,15.31
14.01,63.05,85,29.11,0.788,35.19,27.94,24.83,21.44,15.99
9.5,75.15,155,29.44,0.738,34.52,28.63,25.82,22.11,16.74
17.25,67.83,275,25.87,0.692,35.06,24.84,21.95,18.14,12.71
8.58,72.06,23,29.41,0.735,34.69,28.68,26.44,22.66,16.67
15.45,76.72,115,28.91,0.71,34.48,27.81,24.74,20.52,14.65
16.68,60.85,306,26.32,0.583,35.09,25.29,22.67,18.25,12.94
12.58,61.64,299,27.34,0.664,35.24,26.52,23.77,19.78,14.21
17.45,72.25,99,28.55,0.734,34.6,27.6,24.23,19.45,13.82
8.49,64.79,104,30.62,0.793,35.07,29.57,25.95,21.73,16.15
8.6,63.13,51,29.1,0.768,34.99,27.73,24.73,20.42,14.85
21.16,60.67,362,27.04,0.731,35.17,26.2,23.46,19.6,13.57
13.76,60.37,112,29.27,0.749,35.03,28.34,25.94,21.93,16.95
10.03,73.17,244,27.56,0.7,34.75,26.83,23.75,20.24,14.71
16.36,62.29,169,27.86,0.75,35.09,26.82,24.08,20.31,14.82
20.32,67.95,72,28.31,0.728,34.94,27.5,24.55,20.19,14.72
11.45,70.3,139,29.62,0.722,34.77,28.81,26.47,22.64,17.42
17.97,67.28,336,26.43,0.642,34.96,25.52,22.68,17.89,12.6
9.37,60.46,231,27.66,0.615,35.18,26.79,23.85,20.04,14.52
8.83,73.32,239,27.57,0.66,34.74,26.97,24.19,19.79,14.03
16.5,60.18,253,26.27,0.591,35.25,25.33,22.59,18.25,13.12
16.65,72.95,49,28.7,0.745,34.7,28.02,25.57,22.0,16.52
18.2,75.19,303,26.6,0.716,34.5,25.78,22.93,18.98,13.66
19.62,67.36,72,28.71,0.694,34.86,28.0,25.28,21.1,15.28
23.61,69.1,263,25.66,0.604,34.76,24.99,21.7,18.0,12.7
16.26,68.11,322,27.16,0.722,35.02,26.42,23.21,19.7,13.77
13.17,66.62,222,27.05,0.663,35.01,26.23,23.29,18.79,13.17
20.72,75.09,77,28.7,0.741,34.6,27.82,24.98,20.6,15.14
12.33,75.2,62,29.34,0.78,34.54,28.19,25.08,21.3,16.32
15.02,65.71,157,28.77,0.705,34.89,27.87,25.1,21.13,15.82
9.26,70.46,294,27.27,0.661,34.79,25.89,22.9,18.05,12.99
8.41,75.76,125,29.87,0.746,34.75,28.88,26.52,23.13,17.77
23.4,76.35,229,26.11,0.591,34.55,25.45,22.59,18.3,12.47
21.38,68.65,340,26.5,0.685,34.97,25.61,22.9,18.4,12.57
19.14,67.7,161,27.54,0.72,34.92,26.65,23.72,19.63,14.36
14.54,64.74,29,28.99,0.743,35.07,28.18,25.28,21.54,15.74
10.77,76.3,114,29.34,0.805,34.5,28.43,25.69,22.04,16.08
10.5,62.43,79,29.79,0.753,35.08,28.91,26.07,21.99,16.2
12.0,69.86,23,29.05,0.766,34.72,28.17,25.13,22.04,16.62
16.79,64.8,106,29.47,0.774,35.04,28.55,25.76,22.79,17.05
19.43,64.74,131,28.08,0.68,34.99,27.18,24.3,20.37,15.25
18.56,66.88,357,27.17,0.731,34.96,26.34,23.65,19.53,14.16
12.48,76.98,173,28.39,0.727,34.42,27.65,25.13,20.9,15.45
23.28,60.93,264,25.6,0.677,35.21,24.84,22.29,18.13,12.75
19.81,69.84,342,26.94,0.626,34.82,26.32,23.19,19.69,14.37
16.87,61.4,285,26.82,0.679,35.16,25.47,21.72,17.76,12.44
17.79,62.63,2,27.8,0.686,35.13,26.94,24.77,21.02,15.28
14.71,67.47,233,26.93,0.644,34.88,25.96,23.29,19.47,14.35
11.96,68.68,251,27.54,0.753,35.23,26.17,23.4,19.55,14.23
13.7,64.4,321,27.35,0.698,35.07,26.04,22.98,19.31,13.69
20.13,65.38,108,28.56,0.668,35.0,27.77,24.32,20.55,15.28
8.23,61.48,276,28.01,0.69,35.22,26.91,23.47,19.56,13.66
9.86,65.15,180,29.26,0.785,34.94,28.34,25.34,21.98,16.74
8.74,76.43,213,28.18,0.681,34.49,26.56,23.76,19.13,13.72
8.65,76.06,293,27.6,0.66,34.64,26.71,24.39,20.4,14.26
21.69,65.69,72,28.22,0.711,35.06,27.58,24.8,20.49,15.59
19.26,69.7,283,26.48,0.683,34.93,25.31,22.67,18.94,13.04
15.59,75.46,175,28.03,0.682,34.44,27.35,24.35,19.59,14.27
9.57,60.11,123,30.16,0.791,35.18,29.43,26.4,22.39,17.32
15.87,73.78,227,27.2,0.687,34.68,25.97,22.68,18.77,12.49
15.58,76.12,301,26.73,0.678,34.63,25.79,22.58,18.97,13.54
10.77,61.55,83,29.94,0.672,35.19,28.92,25.71,21.44,16.21
14.94,62.74,253,26.7,0.672,35.01,25.36,22.42,19.43,14.27
14.38,76.33,146,28.82,0.725,34.6,27.76,24.4,20.07,14.93
17.85,69.14,120,28.26,0.733,34.87,27.61,24.5,19.95,14.73
18.16,60.24,65,28.53,0.7,35.22,27.45,24.58,20.73,15.13
8.72,64.38,281,28.0,0.695,34.92,27.26,23.69,19.54,14.18
13.99,67.65,283,27.15,0.706,34.8,26.22,23.81,20.45,15.55
18.01,71.78,106,28.85,0.793,34.91,27.77,25.41,20.67,15.55
16.05,72.46,300,26.8,0.621,34.8,25.85,23.35,19.26,13.56
21.7,76.92,107,28.15,0.735,34.52,27.01,24.26,20.49,15.31
18.54,64.89,36,27.74,0.751,35.0,26.91,24.13,19.77,14.68
10.61,69.15,147,29.24,0.775,35.06,28.13,25.4,20.74,14.98
9.13,69.07,262,27.71,0.747,34.84,26.53,23.68,20.16,14.65
18.28,66.9,159,27.59,0.676,34.91,26.39,23.61,19.17,13.58
8.42,62.88,265,27.22,0.736,35.01,26.1,22.73,19.05,13.83
17.37,76.62,202,27.54,0.667,34.51,26.65,23.85,19.38,13.75
23.04,74.51,155,27.31,0.691,34.45,26.21,23.52,19.29,13.6
17.21,68.47,13,27.95,0.688,34.91,27.23,24.49,20.69,15.52
14.21,70.26,297,27.13,0.665,34.92,26.19,23.7,19.74,13.88
18.29,63.86,322,26.35,0.592,35.17,25.27,22.91,18.44,13.0
15.33,69.24,85,28.97,0.66,34.76,27.98,24.99,21.1,15.39
16.73,71.81,280,26.95,0.726,34.5,26.17,22.97,18.0,12.83
23.06,68.76,245,25.54,0.564,34.88,24.99,22.59,18.01,12.32
14.18,76.83,300,26.91,0.687,34.66,26.23,23.59,20.19,14.7
23.38,70.39,362,26.43,0.611,34.62,25.98,23.0,18.83,12.62
22.49,66.31,354,26.38,0.627,34.91,25.28,22.4,18.59,13.09
11.13,73.13,316,27.97,0.736,34.71,26.77,23.81,19.98,14.43
9.11,62.9,9,28.28,0.725,35.0,26.9,24.12,19.88,14.4
9.61,66.54,247,27.55,0.691,34.77,26.68,24.26,20.21,15.1
8.29,65.9,312,28.07,0.758,34.89,26.93,23.78,19.21,13.89
9.51,67.34,278,28.09,0.701,34.85,27.25,24.49,20.44,15.06
18.93,73.29,238,26.04,0.7,34.48,24.86,22.08,17.79,12.06
9.14,68.23,203,28.02,0.668,34.98,26.79,23.36,20.09,15.24
13.1,73.5,247,26.9,0.629,34.82,25.72,23.66,19.28,13.23
21.52,69.8,235,26.24,0.652,34.81,25.64,22.88,18.98,13.12
8.37,65.82,81,30.16,0.775,35.04,29.19,26.65,22.44,16.71
21.03,73.77,356,26.43,0.628,34.5,25.16,21.86,18.09,12.64
12.51,64.05,13,28.62,0.718,35.02,27.5,25.22,20.57,15.09
9.89,63.81,327,28.45,0.778,34.99,27.56,24.57,20.41,14.69
19.15,68.58,16,27.73,0.686,34.9,27.06,23.53,19.66,14.21
18.06,64.43,45,28.38,0.644,34.75,27.54,24.29,20.29,15.14
22.04,60.15,321,26.14,0.584,35.16,25.33,22.17,18.27,12.79
19.76,71.02,139,28.18,0.799,34.82,27.11,23.97,19.54,13.67
20.86,68.69,326,25.95,0.706,34.88,25.3,22.06,17.82,12.29
12.51,67.57,148,28.93,0.72,34.98,27.66,25.04,20.93,15.19
10.84,76.44,355,28.31,0.752,34.48,26.93,24.11,20.32,14.4
20.01,69.71,236,26.1,0.663,34.53,25.26,22.58,19.04,13.55
20.91,74.68,191,27.09,0.734,34.72,26.14,23.41,18.56,12.79
23.85,62.37,101,27.62,0.656,35.18,26.96,24.06,19.83,14.23
14.6,69.68,105,29.07,0.7,34.97,28.18,24.86,20.5,15.12
13.95,74.76,250,26.63,0.722,34.62,25.97,22.65,18.25,12.84
20.42,69.91,94,28.45,0.664,34.85,27.66,24.39,20.39,15.25
13.45,72.21,220,27.74,0.705,34.94,26.94,23.76,19.68,13.66
22.89,66.32,298,25.56,0.635,34.76,24.57,22.26,17.71,12.15
21.73,61.57,339,26.66,0.701,35.18,25.96,22.66,18.09,12.9
14.86,67.78,133,28.83,0.74,35.01,27.79,25.36,21.45,15.45
20.01,66.71,361,26.36,0.655,34.95,25.38,22.23,17.7,12.15
20.07,74.74,155,27.72,0.686,34.62,26.66,23.41,19.03,13.59
9.65,64.15,28,29.26,0.708,34.89,28.48,25.75,22.02,16.19
22.44,76.43,282,25.68,0.634,34.69,24.84,22.41,18.38,12.67
16.08,76.29,116,28.96,0.785,34.66,27.84,24.46,20.98,15.12
21.22,64.21,305,25.78,0.632,35.16,25.06,22.22,18.08,12.66
13.12,65.92,234,27.74,0.759,34.96,26.64,24.11,20.91,14.66
22.33,75.22,1,26.85,0.705,34.56,25.86,23.28,19.11,13.38
14.23,76.43,348,27.66,0.719,34.54,27.24,23.92,20.3,14.59
8.17,67.54,240,28.19,0.709,35.07,26.84,23.92,19.48,14.26
22.49,65.46,58,27.84,0.68,34.96,27.38,24.06,19.7,13.73
9.46,68.94,335,28.96,0.806,34.99,27.71,24.91,21.49,16.38
13.11,71.69,183,28.16,0.747,34.72,27.27,24.44,20.07,14.79
23.2,64.65,337,26.27,0.652,34.93,25.43,22.78,18.59,13.4
23.21,72.52,26,27.01,0.748,34.49,26.34,23.18,18.82,13.19
17.18,60.88,77,29.05,0.767,35.22,27.84,24.74,21.09,15.47
18.11,60.84,217,26.9,0.62,35.24,25.69,23.17,18.59,12.85
15.18,66.57,328,27.11,0.666,34.82,26.29,23.76,20.18,14.86
12.69,66.01,325,27.27,0.717,35.11,25.89,23.53,19.53,13.93
13.26,65.37,262,26.64,0.73,34.85,25.39,22.96,18.93,13.19
18.76,68.35,23,27.97,0.804,34.94,27.05,23.66,19.53,13.93
20.04,65.45,244,25.73,0.643,35.06,24.59,22.14,18.54,13.15
20.67,63.27,158,27.98,0.734,35.18,26.88,24.01,19.82,13.94
20.63,65.26,206,26.25,0.633,34.79,25.3,22.71,18.32,12.54
9.46,76.57,310,27.75,0.667,34.64,26.23,23.29,19.4,14.3
15.91,66.99,87,28.75,0.665,34.91,27.5,24.4,20.26,14.49
8.92,67.56,267,27.68,0.716,34.86,26.85,23.9,20.59,15.52
16.79,69.8,134,28.58,0.778,34.89,27.83,24.96,21.22,15.56
15.06,76.72,267,26.88,0.707,34.63,26.36,23.59,19.63,13.72
22.2,64.11,333,25.78,0.647,34.84,25.07,22.54,19.01,13.92
13.61,71.58,268,26.73,0.721,34.61,25.99,22.82,18.14,13.16
9.87,72.17,53,29.96,0.887,34.83,28.79,25.51,21.64,15.96
10.29,70.32,99,30.04,0.738,34.83,28.93,25.57,21.51,16.34
20.18,61.51,247,25.35,0.533,35.16,24.55,21.72,17.54,12.07
17.89,71.51,36,28.33,0.733,34.64,27.03,23.9,19.68,14.23
9.62,61.09,28,29.0,0.783,35.2,28.03,25.03,21.38,15.97
9.35,70.13,220,27.9,0.645,34.92,26.68,23.87,19.02,13.53
19.22,72.57,102,28.43,0.756,34.93,27.44,24.03,20.12,14.65
9.16,63.59,263,28.11,0.7,35.02,27.22,24.2,19.53,14.03
21.15,74.31,271,25.52,0.649,34.72,24.35,21.63,17.44,11.76
19.3,60.52,224,26.1,0.616,35.36,25.21,22.43,18.31,12.59
9.3,74.34,139,29.76,0.723,34.48,28.75,25.78,22.33,16.48
9.36,67.83,280,27.59,0.654,35.07,26.4,23.56,19.25,13.18
23.79,63.7,286,25.82,0.671,35.07,25.02,22.11,18.03,12.5
13.99,62.27,250,26.89,0.652,35.12,25.91,22.79,18.2,12.44
13.93,76.21,322,27.66,0.711,34.5,26.84,23.64,19.74,13.75
21.0,61.24,317,26.17,0.656,35.11,25.28,23.25,18.62,12.87
23.16,63.38,78,28.05,0.664,34.99,26.99,24.34,19.53,13.87
23.78,65.91,297,26.02,0.654,34.87,25.1,22.59,17.89,12.22
20.05,70.54,338,26.6,0.678,34.82,25.66,23.0,18.78,13.7
14.02,69.26,307,27.4,0.735,34.94,26.24,23.79,19.6,13.92
9.34,62.14,351,28.33,0.78,35.01,27.27,24.56,20.91,15.84
20.43,64.93,13,27.47,0.653,34.93,26.63,23.17,19.68,13.95
16.93,64.06,346,26.84,0.689,35.06,25.92,22.82,19.32,13.97
14.79,63.63,82,29.02,0.652,34.94,27.85,25.1,21.46,15.66
22.5,66.99,9,26.69,0.705,34.94,25.89,23.1,19.83,14.84
9.78,71.97,213,28.5,0.769,34.69,27.67,24.83,20.91,15.78
15.88,63.7,48,29.22,0.64,34.89,28.32,25.16,21.25,15.98
8.18,66.23,49,29.76,0.749,35.0,28.86,25.82,22.45,17.54
15.5,66.65,309,26.66,0.634,34.88,25.71,22.97,18.42,13.18
8.9,76.6,40,29.23,0.733,34.64,28.0,25.15,21.42,16.06
9.9,76.23,363,28.75,0.711,34.53,27.84,25.22,21.1,15.19
9.88,73.6,280,27.34,0.689,34.58,25.98,22.81,19.25,13.04
18.39,64.11,226,26.46,0.703,35.03,25.44,22.73,19.1,13.21
19.94,61.16,108,28.85,0.723,35.28,27.94,24.91,20.74,14.73
17.33,65.39,245,26.45,0.624,35.17,25.65,22.73,18.15,12.41
23.39,64.54,255,25.73,0.634,35.08,25.17,22.34,18.78,13.61
14.0,68.6,33,28.76,0.723,34.8,27.93,24.55,20.26,14.44
12.57,73.22,23,28.37,0.718,34.67,27.49,24.67,20.62,14.98
21.9,74.59,333,25.73,0.617,34.61,25.06,22.63,18.09,12.6
11.58,74.36,54,29.57,0.772,34.61,28.72,25.47,21.23,15.76
23.41,66.11,309,26.21,0.708,34.93,25.17,22.88,19.18,13.51
8.19,71.68,49,29.96,0.718,34.64,29.29,26.23,22.29,17.14
23.52,65.32,78,28.03,0.729,35.08,27.44,24.75,20.35,14.86
8.69,61.04,336,28.05,0.75,35.24,26.91,23.64,18.78,13.34
22.26,71.93,358,27.02,0.663,34.73,26.26,24.08,20.25,15.49
16.44,60.17,122,29.07,0.792,35.32,27.86,24.64,20.38,15.4
23.89,66.96,359,26.28,0.656,34.98,25.43,22.66,18.63,13.14
9.18,65.6,90,30.19,0.731,34.86,29.02,26.0,21.84,16.5
16.86,71.79,346,26.76,0.622,34.69,25.73,22.9,18.63,12.86
23.51,73.03,193,26.68,0.702,34.83,26.03,23.21,19.36,13.23
16.37,65.17,244,26.53,0.694,34.96,25.6,22.65,18.2,12.91
18.07,73.8,149,27.78,0.766,34.58,26.62,23.53,19.49,13.67
19.13,65.0,146,28.16,0.742,35.07,27.02,24.14,20.2,14.87
15.27,67.59,316,26.48,0.66,34.87,25.11,22.26,18.7,13.85
18.04,72.36,141,28.38,0.741,34.76,27.64,24.87,20.79,14.72
17.35,71.78,286,26.08,0.655,34.73,25.11,22.42,17.85,11.66
22.42,76.79,339,25.91,0.634,34.45,25.23,22.66,18.83,13.05
8.73,63.83,111,30.04,0.749,34.98,29.56,26.86,22.4,17.14
12.5,71.26,108,29.42,0.684,34.58,28.21,25.41,21.04,15.92
23.21,70.36,281,25.97,0.619,34.67,25.21,22.33,18.03,12.77
22.24,75.56,50,27.39,0.691,34.64,26.84,23.54,19.36,13.95
15.29,62.66,14,28.61,0.62,35.21,27.53,24.77,21.19,15.69
17.92,72.78,134,28.06,0.691,34.63,27.07,24.55,20.71,15.25
12.44,69.66,76,29.77,0.8,34.68,28.84,25.71,21.17,16.03
11.01,64.67,84,30.07,0.826,35.13,29.52,26.41,22.91,17.22
15.42,68.07,343,27.54,0.675,34.99,26.7,24.25,20.57,15.09
13.65,65.67,158,28.41,0.7,35.05,27.23,24.87,20.94,15.09
17.34,69.85,286,25.97,0.62,34.66,24.89,21.83,16.8,11.41
9.24,75.11,314,27.3,0.667,34.65,26.11,24.04,19.61,14.11
23.59,69.68,94,28.42,0.768,34.87,27.24,24.48,20.39,15.66
23.78,70.74,297,25.44,0.698,34.86,24.6,22.03,18.59,12.65
19.17,68.82,94,28.19,0.648,34.86,27.3,24.37,20.8,15.58
16.58,60.87,57,28.37,0.689,35.09,27.43,24.66,20.18,14.52
12.95,63.96,164,28.68,0.656,35.0,27.37,24.67,19.9,14.65
21.02,68.36,320,26.09,0.652,34.98,25.3,22.2,18.03,12.75
18.96,65.27,98,27.97,0.69,35.03,26.88,24.53,20.48,14.9
10.6,63.09,16,29.2,0.76,34.95,28.08,25.19,20.59,14.78
22.57,68.57,344,26.49,0.691,35.03,25.51,22.52,18.07,12.25
21.16,65.49,78,28.75,0.754,35.1,28.12,24.9,21.64,16.17
23.2,64.39,346,26.68,0.604,35.19,25.72,23.09,18.84,13.12
19.61,67.89,72,27.46,0.693,35.0,26.84,24.08,19.85,14.29
17.81,62.27,270,26.76,0.605,35.02,25.86,22.76,19.79,13.92
14.69,75.77,287,27.19,0.755,34.6,26.29,23.45,19.22,13.87
22.92,74.75,66,27.63,0.685,34.67,26.82,24.13,19.62,13.86
21.86,72.03,68,27.9,0.652,34.58,26.88,23.94,19.56,13.93
8.72,61.81,193,28.8,0.712,35.01,27.77,25.03,21.05,15.94
8.42,73.19,55,29.61,0.767,34.75,28.41,25.53,21.24,15.78
14.02,73.74,168,28.32,0.749,34.73,27.38,24.44,20.29,15.02
20.97,73.05,25,27.86,0.758,34.91,27.12,23.95,19.83,14.04
23.8,61.94,131,27.72,0.704,35.1,27.29,24.5,21.66,16.24
10.41,70.95,325,27.68,0.687,34.59,26.7,23.23,19.42,14.05
17.51,74.18,102,29.06,0.769,34.62,28.32,25.87,21.39,15.6
14.09,69.82,282,26.99,0.706,34.89,26.12,23.63,19.46,13.97
23.52,70.99,296,25.64,0.644,34.72,24.79,21.66,17.88,12.25
21.47,67.79,294,25.7,0.673,34.9,24.98,21.71,18.05,12.63
21.41,68.99,263,25.81,0.62,34.78,24.93,22.47,17.73,11.83
15.5,60.58,120,28.7,0.73,35.3,27.65,24.73,20.06,14.25
14.64,70.86,231,26.53,0.585,34.84,25.33,22.55,18.64,12.72
12.37,61.38,291,27.11,0.739,35.06,26.21,23.35,18.99,13.15
8.9,67.4,161,29.26,0.728,34.85,28.05,24.79,20.38,14.69
21.84,64.98,161,27.4,0.748,34.93,26.68,24.04,20.02,14.67
21.01,69.27,78,28.58,0.701,34.64,27.72,25.01,21.22,15.75
24.0,62.27,38,27.14,0.696,35.03,26.28,23.44,19.24,13.77
23.95,71.76,28,27.05,0.684,34.55,26.08,22.56,17.68,11.89
16.89,73.52,100,29.08,0.718,34.75,28.4,25.69,21.38,15.87
20.3,62.78,294,25.8,0.663,35.19,24.85,22.13,17.57,12.44
23.12,61.77,124,27.79,0.755,35.1,27.29,24.39,20.51,15.1
21.59,62.47,92,28.04,0.783,35.12,27.03,24.42,21.14,15.89
11.96,74.91,255,27.2,0.716,34.71,26.46,23.94,19.95,14.3
15.21,68.98,97,29.34,0.702,34.92,28.38,25.63,21.71,16.06
10.07,67.94,6,28.7,0.675,35.08,27.8,24.5,20.73,15.39
23.26,61.81,169,27.22,0.732,35.15,26.15,22.9,19.34,13.56
17.7,71.04,271,25.76,0.603,34.9,24.57,21.56,17.23,11.69
11.66,74.76,108,29.17,0.77,34.62,28.18,25.22,21.1,15.65
18.75,74.08,299,25.6,0.643,34.62,24.5,21.93,18.21,12.59
17.89,70.64,47,28.04,0.764,34.84,27.38,24.6,20.12,14.37
13.73,61.28,99,29.89,0.787,35.2,28.95,26.01,21.31,15.61
9.82,61.91,14,29.01,0.739,35.06,27.8,25.12,20.83,14.92
18.75,60.84,194,26.94,0.761,35.08,25.85,22.73,19.14,13.72
16.32,64.38,157,28.5,0.758,35.03,27.48,24.79,20.75,15.5
20.36,62.31,154,27.99,0.732,34.92,27.0,24.2,19.92,14.27
16.32,64.42,115,28.49,0.697,34.99,27.63,24.94,21.25,16.57
21.63,66.55,258,26.55,0.621,34.84,25.69,23.13,19.25,13.52
16.83,76.03,145,28.48,0.714,34.5,27.77,24.9,20.49,14.77
16.98,70.38,291,26.63,0.609,34.71,25.81,22.41,18.24,12.97
22.03,74.19,10,27.25,0.675,34.71,26.24,23.2,18.69,13.38
14.46,72.08,214,27.56,0.729,34.76,26.48,23.85,19.81,14.51
10.14,61.91,233,27.58,0.737,35.13,26.33,23.29,19.44,14.26
8.46,72.51,171,29.8,0.75,34.66,28.52,25.44,20.36,14.58
20.08,64.68,21,27.53,0.813,35.12,26.29,23.4,18.89,13.5
17.92,70.86,15,28.1,0.764,34.86,27.37,24.82,21.39,15.47
19.27,65.8,126,28.16,0.714,34.96,27.52,24.8,20.57,15.39
11.41,76.96,341,27.81,0.75,34.66,26.56,24.21,20.77,15.57
10.18,64.48,341,28.76,0.71,35.0,27.47,24.73,20.12,14.94
8.23,64.75,213,28.33,0.73,35.03,27.33,24.57,20.26,14.74
13.61,75.82,188,28.03,0.697,34.51,26.86,23.94,19.93,14.74
17.44,60.42,172,27.89,0.658,35.14,27.21,23.91,19.69,14.24
14.28,71.84,247,27.76,0.724,34.66,26.63,23.81,20.21,15.13
15.0,72.33,5,28.7,0.731,34.78,27.3,24.44,20.3,14.7
22.47,74.22,231,26.33,0.663,34.67,25.47,22.84,19.02,13.42
13.57,76.57,201,28.64,0.728,34.43,27.52,24.74,20.21,14.84
16.22,76.59,149,28.14,0.678,34.59,27.21,24.45,20.46,14.58
20.54,61.11,72,28.45,0.787,35.33,27.51,24.96,20.73,15.16
14.34,73.97,226,27.25,0.698,34.58,26.38,23.45,18.95,13.43
17.95,70.99,74,28.12,0.703,34.69,27.29,24.69,20.77,14.87
21.8,71.0,307,26.06,0.599,34.76,25.28,22.87,19.31,13.84
23.19,62.18,169,26.85,0.732,35.25,26.07,23.04,18.7,13.35
10.35,71.05,249,28.01,0.747,34.71,26.94,23.95,20.01,14.77
22.83,76.7,280,25.46,0.634,34.72,24.36,21.31,17.13,11.18
15.87,75.5,152,28.28,0.667,34.47,27.4,24.16,20.1,14.91
12.13,67.47,224,28.05,0.778,34.92,27.16,24.83,21.06,14.94
15.35,60.68,225,27.08,0.668,35.0,26.17,24.3,20.77,15.0
23.68,66.16,38,27.73,0.675,34.86,26.88,24.11,20.5,15.62
15.88,74.05,44,28.77,0.731,34.62,27.93,24.96,20.56,15.11
13.26,71.93,185,28.29,0.734,34.75,27.32,24.98,20.34,14.53
18.13,67.81,241,26.39,0.655,35.01,25.62,22.97,18.07,12.16
11.84,60.94,331,27.91,0.572,35.09,26.85,23.84,19.99,14.11
9.21,67.26,351,28.49,0.735,34.95,27.11,23.98,19.67,13.89
10.06,67.97,210,27.9,0.744,34.75,26.79,24.16,20.49,15.28
10.05,75.79,23,29.12,0.708,34.67,27.86,25.12,20.6,15.27
10.43,70.9,124,30.04,0.834,34.9,28.87,26.29,22.37,17.19
10.22,65.3,86,30.02,0.806,35.09,28.96,26.27,21.46,15.65
18.25,68.93,43,28.5,0.744,34.95,27.78,24.55,20.65,14.55
10.91,61.12,40,29.33,0.709,35.15,28.4,25.31,21.37,16.06
13.53,76.53,303,26.54,0.677,34.57,25.57,22.47,17.93,12.41
22.35,66.12,169,26.76,0.687,34.95,26.17,23.4,19.37,13.63
15.58,68.12,175,27.93,0.705,34.87,26.97,24.08,20.81,15.61
18.68,66.04,20,27.46,0.73,34.88,26.6,23.6,19.77,14.66
10.76,71.6,109,29.57,0.743,34.76,28.43,25.47,22.55,17.57
11.08,71.26,193,28.15,0.704,34.79,26.88,24.23,20.19,14.38
8.65,72.16,244,27.7,0.674,34.81,26.7,23.81,19.94,14.81
10.7,64.56,324,28.25,0.699,35.06,26.87,23.81,19.52,14.14
12.46,65.37,280,27.12,0.678,35.07,25.91,22.67,18.67,12.99
10.83,62.13,228,28.01,0.703,35.04,26.98,23.86,19.37,14.23
9.42,71.14,36,29.53,0.747,34.9,28.27,25.72,21.98,16.22
9.93,60.68,45,29.97,0.806,35.15,28.9,25.79,21.37,15.68
15.37,70.16,28,28.76,0.793,34.59,27.81,25.46,22.03,16.8
11.3,74.78,154,28.89,0.686,34.57,27.73,25.07,20.43,14.75
13.83,75.14,23,29.18,0.804,34.65,28.18,25.04,20.82,15.44
16.05,67.63,207,27.16,0.712,34.9,26.21,23.17,18.97,13.32
19.05,67.81,91,28.6,0.692,34.69,27.48,24.0,19.45,14.0
8.63,61.31,359,28.9,0.724,35.17,27.9,24.9,20.9,15.47
20.79,71.4,38,27.96,0.72,34.76,26.69,24.41,20.1,14.31
18.05,73.96,228,26.89,0.61,34.54,26.34,24.03,20.49,15.05
9.31,64.16,202,28.18,0.712,35.09,27.19,24.82,20.4,14.74
21.98,67.16,350,26.81,0.695,34.9,26.17,23.51,19.58,13.79
22.73,74.26,309,25.98,0.62,34.43,25.29,22.42,18.29,12.45
8.98,74.91,254,27.72,0.642,34.67,26.61,23.82,19.64,13.81
12.43,64.13,38,29.01,0.748,35.05,27.82,25.11,21.05,15.37
20.9,69.36,221,26.08,0.741,34.98,25.22,22.34,18.53,13.2
19.97,63.27,187,27.26,0.659,34.98,26.54,23.48,18.62,12.71
10.95,61.73,43,29.17,0.718,35.11,27.94,25.06,20.98,15.51
11.35,75.49,359,28.45,0.715,34.69,27.42,24.16,19.73,14.34
13.93,73.95,114,29.19,0.808,34.55,27.83,25.1,20.7,15.5
15.75,72.92,260,26.27,0.592,34.79,25.14,22.08,18.07,12.41
17.89,60.83,5,27.34,0.721,35.27,26.25,23.56,19.9,14.44
13.9,74.34,68,29.34,0.731,34.66,28.68,25.49,22.01,16.16
15.4,67.45,228,26.89,0.661,34.89,25.65,22.77,18.43,12.54
19.96,65.82,123,28.06,0.672,34.9,27.26,24.51,19.27,13.88
8.59,69.29,173,28.88,0.726,34.76,28.09,25.18,21.1,16.23
12.04,61.55,336,27.6,0.659,35.17,26.76,24.13,19.3,14.0
19.41,72.86,153,28.36,0.699,34.4,27.78,25.06,21.14,15.27
22.32,69.9,267,25.32,0.531,34.75,24.82,21.93,17.47,11.63
16.19,63.17,157,28.72,0.662,35.0,27.78,24.77,20.81,15.49
16.51,63.2,162,28.04,0.725,34.97,27.18,24.12,19.68,14.4
9.71,63.13,214,27.93,0.758,35.09,26.88,23.76,19.19,13.71
15.16,60.97,26,28.56,0.856,35.01,27.68,25.38,20.83,15.26
16.52,69.99,292,26.6,0.705,34.92,25.73,22.69,18.75,13.41
11.88,74.29,189,28.22,0.696,34.72,27.53,25.01,20.38,14.57
12.31,60.3,122,29.46,0.674,35.32,28.48,25.69,21.81,16.62
14.04,60.83,230,27.23,0.708,35.11,26.04,23.08,19.69,14.3
8.32,69.74,59,29.91,0.709,34.83,28.91,26.12,22.68,16.94
13.15,73.93,96,29.7,0.729,34.73,28.83,26.04,21.31,15.78
11.38,65.55,262,26.88,0.712,34.96,25.67,22.28,17.64,13.19
13.24,65.94,354,27.71,0.713,34.91,26.53,23.65,19.74,14.15
9.92,70.14,312,27.53,0.659,34.81,26.64,23.81,19.28,13.95
22.25,64.66,136,27.41,0.624,34.99,26.46,23.55,19.7,14.45
17.5,60.45,350,27.29,0.697,35.07,26.28,22.8,18.01,12.57
18.87,72.5,283,26.34,0.674,34.46,25.34,22.41,18.28,12.66
20.63,70.64,120,27.57,0.757,34.68,26.75,24.36,20.64,14.92
15.98,69.87,25,28.16,0.615,34.57,27.42,24.78,20.06,14.51
9.39,72.61,342,28.23,0.722,34.61,27.27,24.1,19.95,14.41
16.59,71.48,146,28.33,0.757,34.88,27.29,24.68,20.53,15.41
17.39,63.5,12,27.45,0.677,34.88,26.79,23.62,19.76,14.74
19.93,65.99,87,28.31,0.656,35.01,27.61,24.86,20.49,15.53
14.91,62.14,109,28.84,0.698,35.24,28.05,25.29,20.61,15.01
10.04,62.21,345,28.19,0.717,34.95,27.3,24.33,19.22,14.04
12.54,71.5,266,26.61,0.649,34.92,25.48,22.97,19.4,13.98
13.81,74.6,222,27.28,0.7,34.61,26.09,23.46,19.7,13.87
18.33,76.37,74,28.38,0.773,34.68,27.4,24.28,20.17,14.23
17.13,70.68,333,26.92,0.662,34.8,26.18,23.27,19.15,13.55
13.7,63.13,310,27.26,0.737,35.03,26.02,22.89,18.96,13.42
23.78,61.8,102,27.8,0.699,34.84,26.73,23.71,20.0,14.23
17.69,73.82,137,28.63,0.742,34.54,27.34,24.67,19.76,14.63
11.8,69.84,191,28.15,0.71,34.87,26.85,23.99,19.18,14.13
9.63,70.51,142,29.71,0.776,34.93,28.47,25.89,21.02,15.46
10.45,73.28,357,28.81,0.756,34.53,27.76,24.41,20.17,15.13
11.94,71.96,73,29.63,0.785,34.72,28.36,25.55,21.52,16.15
10.57,74.19,328,27.89,0.707,34.59,26.96,24.35,20.66,14.57
10.99,60.96,167,28.99,0.607,35.2,27.94,25.17,19.9,13.8
12.56,72.71,168,28.7,0.755,34.7,27.27,23.98,19.35,13.95
10.77,74.46,54,29.85,0.687,34.58,28.78,25.62,21.57,16.03
22.35,64.86,259,25.92,0.623,35.07,25.12,22.58,18.58,12.8
9.28,70.89,111,30.18,0.68,34.7,29.47,26.47,22.29,16.92
16.39,65.34,232,26.85,0.743,34.99,25.95,22.84,18.29,13.45
14.57,76.29,161,28.55,0.743,34.63,27.21,24.24,19.86,14.38
23.72,60.57,352,26.47,0.651,35.1,25.71,22.81,18.66,13.03
9.79,69.86,327,27.64,0.756,34.77,26.59,24.07,19.28,13.57
14.37,62.83,19,28.75,0.754,35.03,27.88,24.48,20.04,14.18
23.51,72.11,290,25.02,0.626,34.76,24.74,22.1,17.44,12.19
21.85,62.99,50,28.05,0.727,35.12,27.1,24.67,20.77,15.14
21.07,64.0,175,27.27,0.673,34.99,26.28,23.73,19.27,13.72
12.13,68.4,302,27.23,0.637,34.9,26.29,24.17,19.55,13.92
10.73,75.55,184,28.68,0.769,34.3,27.98,24.95,20.65,15.63
18.7,63.6,185,27.47,0.691,35.14,26.7,24.12,20.32,14.39
22.87,62.45,339,25.86,0.575,35.19,24.97,22.15,18.04,12.75
16.91,72.9,307,27.08,0.703,34.63,26.34,23.33,19.67,14.43
17.15,68.51,310,26.68,0.672,34.79,26.1,22.6,18.88,13.15
12.48,75.5,346,28.64,0.797,34.57,27.45,24.41,20.01,14.7
20.31,62.49,81,28.57,0.738,35.01,27.5,24.95,20.9,15.35
10.99,70.98,156,29.09,0.696,34.69,28.05,24.68,21.02,15.77
13.18,63.96,275,26.82,0.603,35.07,25.86,23.69,19.39,13.6
14.81,62.66,283,26.76,0.723,35.17,26.05,23.32,19.31,13.89
16.12,71.62,249,26.73,0.669,34.77,25.68,22.52,18.06,12.58
11.88,70.09,147,29.55,0.722,35.08,28.58,25.79,21.6,16.26
9.84,72.83,7,29.24,0.718,34.81,28.46,25.81,21.61,15.39
17.77,65.26,157,28.18,0.767,35.06,27.3,24.27,20.42,14.71
12.62,67.62,171,29.07,0.761,34.97,27.97,24.9,20.65,15.32
17.3,66.89,69,28.11,0.757,34.93,27.29,25.01,20.99,16.02
10.47,76.73,94,29.97,0.779,34.58,28.83,25.84,21.89,16.71
15.7,64.97,363,28.18,0.682,35.02,27.28,24.4,19.98,14.6
16.52,65.01,186,27.81,0.776,35.1,26.83,24.34,20.07,14.32
8.83,66.03,170,28.73,0.716,34.93,27.6,24.72,20.8,15.39
13.39,69.6,204,28.17,0.747,34.78,27.08,24.44,21.07,15.75
10.15,64.29,42,29.7,0.804,35.15,28.51,25.46,20.86,15.9
9.01,75.56,13,29.22,0.747,34.53,28.32,25.23,21.34,15.58
23.84,64.52,154,27.22,0.642,34.92,26.45,23.74,20.13,14.52
13.16,75.23,274,27.62,0.672,34.52,26.86,23.73,19.67,14.77
20.96,61.76,298,26.09,0.68,35.2,24.78,22.06,17.6,12.04
12.07,71.16,51,29.24,0.769,35.02,28.1,24.94,20.82,15.46
18.9,75.42,212,26.54,0.718,34.49,25.49,22.75,18.26,12.44
20.16,62.87,144,28.14,0.76,35.15,27.21,24.7,20.4,14.8
17.53,76.46,357,27.7,0.663,34.56,26.57,23.14,19.19,13.79
15.55,67.7,3,27.95,0.766,35.0,26.66,23.65,19.53,13.91
14.59,76.08,254,26.71,0.63,34.62,25.86,22.46,18.43,12.99
13.58,71.51,335,27.97,0.733,34.86,26.84,23.89,19.32,13.9
22.87,65.13,256,25.36,0.728,35.02,24.65,21.88,17.54,12.06
21.29,63.2,98,28.79,0.746,34.99,27.7,24.72,20.87,15.14
23.44,65.16,173,26.66,0.599,34.93,25.52,22.08,17.31,12.06
9.99,61.58,150,28.96,0.726,35.16,27.92,25.33,20.7,15.25
19.69,62.45,279,25.71,0.728,35.15,24.95,21.64,17.42,11.72
23.01,61.78,59,27.43,0.685,35.09,26.49,23.9,19.59,13.85
10.9,67.19,113,29.61,0.811,35.11,28.35,25.22,21.42,15.61
9.06,73.52,324,27.92,0.669,34.75,27.07,23.98,18.92,13.78
19.86,62.4,243,26.49,0.651,34.9,25.6,22.78,18.64,12.93
17.19,62.22,310,26.91,0.669,35.1,25.78,23.26,19.71,13.94
21.47,70.94,57,27.91,0.785,34.66,26.76,24.45,20.48,14.69
10.24,63.35,60,30.63,0.777,35.26,29.41,26.4,21.69,15.59
20.72,61.66,329,26.32,0.584,34.91,25.38,22.2,19.07,14.23
11.23,62.84,216,27.83,0.8,35.13,26.93,24.13,19.81,14.34
10.62,75.7,233,27.31,0.698,34.58,26.24,22.99,17.91,12.15
10.63,73.97,55,29.56,0.783,34.72,28.46,25.79,22.02,16.41
21.03,66.02,208,26.62,0.604,34.99,25.58,22.91,18.49,12.61
18.64,71.15,63,28.11,0.724,34.96,27.48,25.02,21.67,16.23
16.37,69.13,184,27.56,0.698,34.93,26.81,24.27,20.46,14.92
13.74,71.51,311,27.28,0.65,34.56,26.45,23.67,20.42,15.25
22.04,71.61,281,25.55,0.663,34.88,24.7,21.87,17.35,11.64
14.28,70.69,26,28.36,0.652,34.79,27.44,24.35,20.76,15.37
21.07,64.52,177,27.39,0.653,35.16,26.01,22.92,18.49,13.0
15.03,60.66,63,28.62,0.777,35.14,27.68,24.78,20.82,15.06
14.03,67.74,73,28.91,0.708,34.78,28.3,25.12,21.09,15.69
15.4,75.15,335,27.35,0.671,34.47,26.26,23.35,19.8,14.28
12.82,69.68,167,28.85,0.739,34.92,27.63,24.62,20.84,15.64
19.96,74.15,225,26.5,0.65,34.71,25.59,22.94,18.65,13.27
16.04,76.86,65,28.81,0.762,34.47,27.67,24.79,21.12,15.48
11.72,62.78,69,29.46,0.761,34.82,28.23,25.65,21.51,16.28
22.39,71.76,9,27.33,0.63,34.84,26.55,23.64,19.82,14.41
14.14,71.46,236,27.38,0.662,34.54,26.55,23.37,19.39,13.73
16.7,76.66,198,27.39,0.658,34.75,26.5,23.84,19.65,14.44
22.5,76.76,173,26.94,0.66,34.39,25.88,23.01,18.38,13.14
17.99,71.67,282,26.32,0.664,34.73,25.27,22.36,18.34,12.57
9.87,64.14,28,29.06,0.754,35.06,28.04,25.04,20.67,14.95
23.04,73.58,296,25.59,0.543,34.69,24.9,22.12,17.53,12.07
18.04,61.82,134,28.24,0.758,35.16,27.28,24.32,20.55,14.94
13.36,73.27,27,28.7,0.727,34.68,27.51,24.8,20.45,14.85
10.23,75.47,38,29.26,0.703,34.54,28.34,25.71,20.89,15.15
20.7,66.51,196,26.98,0.717,34.92,26.47,23.5,19.4,13.95
17.92,70.72,203,27.34,0.606,34.71,26.65,24.44,20.28,14.85
16.54,67.31,85,28.8,0.671,34.92,28.25,25.24,21.12,15.19
22.3,67.44,320,25.77,0.728,34.73,24.81,21.95,17.83,12.21
20.62,65.28,30,27.91,0.713,35.02,27.25,23.91,19.41,13.74
10.43,72.96,99,29.88,0.737,34.67,29.07,26.17,21.91,16.49
12.99,75.92,190,27.99,0.714,34.65,26.87,23.95,20.27,14.94
11.98,75.99,12,29.06,0.735,34.53,27.86,24.97,21.22,15.93
19.9,62.97,91,28.25,0.719,35.14,27.17,24.6,20.36,14.75
8.54,74.87,30,28.91,0.757,34.66,27.79,25.41,21.55,16.21
17.12,72.54,213,26.82,0.667,34.68,25.58,23.08,19.02,13.07
20.2,64.3,38,28.39,0.736,35.06,27.85,24.95,20.72,15.62
22.03,61.14,341,26.32,0.653,35.02,25.22,22.45,18.85,13.15
13.47,64.56,60,29.05,0.709,35.15,28.13,25.73,21.27,15.37
21.14,75.51,294,25.91,0.603,34.53,24.6,21.5,17.52,11.81
9.77,70.76,360,28.93,0.791,34.75,28.26,25.6,20.83,15.77
21.54,72.26,143,27.7,0.727,34.6,27.1,23.97,20.01,14.7
10.04,64.37,180,28.92,0.779,34.95,27.53,24.98,20.61,15.65
14.36,72.23,285,26.81,0.675,34.88,25.88,23.0,18.75,13.34
20.76,60.48,112,28.39,0.731,35.19,27.48,24.35,20.13,15.04
10.4,66.38,230,27.82,0.697,34.92,26.78,23.73,18.74,13.14
11.67,70.65,21,28.75,0.779,34.74,27.84,24.8,20.05,14.16
19.56,62.48,145,28.07,0.698,35.1,27.02,24.45,20.69,15.3
19.52,73.99,146,27.81,0.665,34.71,26.91,24.48,20.43,14.95
18.26,64.0,316,26.15,0.675,35.06,24.87,21.92,18.4,13.05
19.1,71.09,166,27.66,0.694,34.78,26.78,23.67,19.03,13.78
16.68,66.89,140,28.11,0.723,34.83,26.75,24.5,20.74,15.36
12.03,70.13,203,28.16,0.743,34.77,27.38,24.76,20.84,15.31
13.53,61.83,244,27.11,0.66,35.14,25.81,22.75,19.11,13.6
10.91,60.29,113,30.11,0.764,35.19,29.1,26.33,22.19,16.83
22.54,75.46,201,26.34,0.648,34.54,25.68,22.73,18.68,12.74
17.33,64.58,314,26.67,0.722,34.97,26.11,22.86,18.41,12.7
14.41,73.93,259,26.44,0.664,34.69,25.8,22.87,18.67,13.8
15.39,76.99,255,26.42,0.669,34.57,25.73,22.48,18.19,12.54
23.16,63.59,23,26.69,0.624,35.16,25.87,22.91,18.28,12.98
10.45,64.51,246,27.89,0.736,35.04,27.04,24.06,20.01,14.39
17.38,71.27,339,26.94,0.695,34.54,26.06,23.05,19.33,13.76
16.09,76.41,311,27.22,0.653,34.78,26.34,23.78,20.16,14.0
17.78,75.57,318,25.86,0.723,34.58,24.81,22.07,17.65,12.33
8.29,68.55,87,30.62,0.802,34.82,29.85,26.76,22.64,16.98
21.95,73.52,219,26.18,0.63,34.65,25.18,22.46,18.31,12.2
22.91,62.31,356,26.68,0.67,35.07,25.64,23.2,19.69,13.77
17.04,76.62,27,27.86,0.691,34.45,27.01,23.91,20.53,15.06
19.15,76.39,290,26.33,0.722,34.61,25.08,21.82,17.2,11.49
22.76,62.78,289,25.51,0.673,35.07,24.71,21.55,17.65,11.9
19.32,65.09,348,26.6,0.686,34.99,26.03,23.3,19.41,13.78
10.44,61.7,223,27.5,0.764,34.88,26.51,24.08,19.9,13.46
17.22,64.62,352,26.98,0.638,34.99,26.05,23.49,18.88,12.9
17.71,73.87,178,27.75,0.734,34.54,26.66,24.18,20.36,15.05
14.79,66.43,148,28.46,0.746,34.89,27.18,23.65,20.03,14.69
19.78,61.5,227,25.91,0.638,35.16,25.2,22.13,17.81,12.48
22.95,65.82,351,26.58,0.658,34.91,25.77,22.6,18.98,13.66
22.81,76.68,186,26.05,0.689,34.49,25.36,22.68,18.58,13.21
15.21,70.7,294,27.19,0.72,34.78,25.77,22.86,19.32,14.26
9.81,67.07,41,30.1,0.716,34.87,29.17,25.41,21.88,16.56
23.76,62.83,191,26.07,0.725,34.98,25.66,23.03,18.92,13.43
21.42,76.77,79,28.48,0.77,34.36,27.89,25.36,21.42,16.39
9.99,73.95,205,28.35,0.709,34.68,27.33,25.08,20.7,15.36
22.73,64.79,278,25.44,0.602,34.96,24.41,21.66,16.91,11.58
21.92,61.19,272,25.58,0.682,34.99,24.76,22.1,18.1,12.45
16.3,60.96,32,28.58,0.747,35.29,27.66,24.44,19.75,14.26
17.46,62.05,142,28.34,0.749,35.15,27.31,23.94,20.68,14.84
14.38,69.87,251,26.15,0.677,34.69,25.08,22.61,18.97,13.01
8.88,75.79,294,28.36,0.769,34.5,27.68,24.96,20.8,14.78
13.36,68.44,98,29.52,0.79,34.97,28.31,25.79,22.76,17.19
20.85,74.33,136,27.92,0.686,34.61,26.97,24.05,19.7,14.61
8.07,67.58,277,27.58,0.674,34.85,26.57,24.44,20.19,14.82
13.34,72.05,312,27.19,0.7,34.79,26.62,23.86,19.6,14.36
14.37,72.44,302,27.36,0.783,34.69,26.31,23.19,19.07,13.31
16.6,62.96,43,28.6,0.722,35.2,27.29,24.33,20.11,14.7
22.72,66.14,120,27.96,0.723,34.91,26.71,23.37,19.45,14.56
13.54,70.83,220,27.07,0.718,34.71,26.57,23.43,18.93,13.67
13.55,61.2,46,28.92,0.721,35.15,27.53,24.55,20.5,14.89
19.8,66.15,236,26.29,0.691,35.05,25.42,23.04,18.72,12.72
15.24,69.09,48,29.01,0.741,34.86,27.73,24.84,20.76,14.87
11.59,76.94,198,28.02,0.761,34.53,26.81,24.26,19.73,14.42
15.24,68.07,84,29.38,0.714,34.8,28.28,25.39,20.95,15.51
10.25,73.87,31,28.93,0.83,34.55,27.46,24.24,20.99,16.03
10.82,67.35,161,29.03,0.728,35.0,28.21,25.51,21.04,15.56
15.97,73.54,71,28.9,0.758,34.77,28.03,24.9,21.01,15.06
14.7,70.12,8,27.7,0.701,34.9,26.63,23.66,19.35,13.78
22.64,75.07,52,27.73,0.659,34.68,26.78,24.56,20.06,14.57
13.8,66.99,45,28.79,0.767,34.97,28.01,25.31,21.23,15.62
17.29,70.27,293,26.9,0.666,34.83,25.98,22.9,18.45,12.95
18.12,70.71,300,26.28,0.679,34.78,25.78,23.16,19.27,13.88
8.21,67.1,38,29.8,0.732,34.97,28.6,25.45,21.3,15.19
18.62,62.45,355,26.83,0.665,35.1,26.01,22.65,19.09,13.38
10.85,61.59,231,27.75,0.691,35.19,26.44,23.93,19.3,14.18
23.38,60.28,262,25.39,0.654,35.28,24.49,21.76,17.77,12.75
10.38,74.85,68,29.52,0.768,34.48,28.65,25.71,21.76,15.87
14.63,64.02,179,28.93,0.731,35.15,28.18,24.81,20.31,14.43
9.37,63.6,357,28.52,0.711,35.05,27.8,24.85,20.48,15.21
23.95,72.51,186,26.47,0.677,34.85,25.76,22.98,18.31,13.42
16.04,65.44,201,27.69,0.709,35.11,26.98,23.77,19.05,13.62
17.53,68.6,13,27.61,0.703,34.75,26.8,23.96,19.82,14.35
9.07,62.76,214,28.34,0.799,35.09,27.16,24.73,20.95,15.24
20.0,76.32,220,26.63,0.691,34.36,25.45,22.67,18.52,13.32
11.36,74.48,286,27.4,0.769,34.58,26.3,23.59,19.45,13.86
22.37,74.68,244,26.49,0.662,34.65,25.43,22.46,17.84,12.81
11.28,66.92,356,28.08,0.71,35.01,27.24,24.07,19.13,13.73
11.05,72.96,258,27.85,0.685,34.69,27.01,24.0,20.04,14.61
8.58,62.45,58,30.06,0.784,35.15,28.75,26.18,21.81,16.06
15.55,60.15,36,28.84,0.722,35.12,28.09,25.2,20.38,14.64
17.04,60.34,328,27.03,0.662,35.18,25.86,22.97,18.65,12.96
9.05,69.97,193,29.19,0.67,34.74,28.38,25.39,21.39,15.87
20.41,67.74,333,26.41,0.721,34.92,25.51,22.27,18.33,13.16
15.25,68.81,50,28.97,0.724,34.99,28.09,25.64,21.62,16.36
16.39,60.13,32,28.76,0.792,35.19,28.1,25.14,20.76,15.12
15.05,67.19,98,28.97,0.735,34.78,28.11,25.08,21.22,15.09
14.41,72.21,43,29.15,0.77,34.73,28.13,25.27,21.16,15.44
16.95,67.53,351,27.36,0.694,34.97,26.6,23.59,19.14,13.69
10.48,72.45,334,27.65,0.716,34.61,26.38,23.62,19.07,13.64
10.91,63.96,310,27.15,0.644,35.17,25.71,22.68,18.66,13.71
21.79,73.82,47,27.77,0.75,34.59,27.16,24.32,20.57,15.5
23.14,70.0,270,25.83,0.63,34.72,24.75,21.92,18.06,12.79
13.97,63.58,311,26.52,0.703,34.88,25.7,23.41,19.37,13.68
12.33,64.02,63,29.47,0.696,35.07,28.47,26.19,22.34,16.93
18.3,70.68,19,28.11,0.683,34.95,27.19,24.59,21.43,16.09
14.54,74.11,347,27.27,0.703,34.67,26.09,23.21,19.23,14.12
8.41,67.07,101,29.93,0.761,34.84,28.73,26.09,22.05,16.26
10.5,64.39,37,29.51,0.774,35.08,28.44,25.79,21.91,16.67
19.46,74.74,107,28.69,0.739,34.69,27.84,24.83,21.03,15.71
18.54,71.38,92,29.1,0.816,34.86,28.01,24.61,19.97,14.32
8.43,67.62,308,27.76,0.724,34.77,26.8,23.37,19.34,14.23
11.55,68.29,185,28.17,0.698,35.02,27.28,24.4,20.7,14.63
11.7,63.47,216,28.29,0.703,35.08,27.34,24.33,20.93,16.08
18.75,70.66,28,27.72,0.75,34.95,26.72,23.69,19.59,14.49
8.32,66.1,36,29.8,0.703,34.97,28.86,25.77,21.49,15.93
9.67,76.93,320,28.57,0.749,34.58,27.6,24.47,20.44,14.81
20.8,68.16,18,27.67,0.656,34.78,26.42,23.79,19.43,13.92
10.86,68.26,345,28.4,0.766,34.97,27.38,23.59,20.12,14.39
18.44,69.62,196,27.54,0.679,34.71,27.02,24.35,20.45,14.88
11.81,75.58,78,29.75,0.784,34.6,28.91,25.93,21.81,16.56
9.59,73.61,167,29.31,0.751,34.61,28.46,26.01,22.36,16.65
11.89,67.67,90,29.51,0.7,34.88,28.33,25.56,21.0,15.78
19.56,72.22,264,26.43,0.689,34.82,25.57,22.2,17.27,11.7
21.69,69.97,208,26.56,0.638,34.77,25.68,22.3,18.37,13.19
21.28,68.37,212,25.98,0.681,34.98,25.13,21.94,18.27,13.18
14.35,63.27,271,26.92,0.638,35.03,25.83,23.09,18.93,13.13
18.69,67.89,263,25.57,0.647,34.9,24.41,21.08,16.7,10.57
11.28,64.18,273,27.52,0.697,35.25,26.48,23.67,19.18,13.73
12.69,75.55,342,27.76,0.679,34.59,26.58,23.95,19.36,13.94
22.34,65.7,214,26.8,0.729,34.96,26.09,23.06,19.23,13.36
8.21,76.19,64,30.19,0.777,34.57,29.06,25.91,22.14,17.14
9.37,69.06,12,29.32,0.733,34.8,27.84,24.33,20.6,14.99
11.33,70.74,210,27.64,0.711,34.67,26.86,24.46,20.36,15.05
8.42,69.23,312,28.19,0.658,35.04,27.17,24.89,20.32,14.61
10.9,62.2,174,28.55,0.824,35.07,27.39,24.85,20.46,14.51
17.33,66.39,256,26.78,0.63,34.79,25.78,22.88,19.02,13.87
14.74,61.69,101,28.84,0.757,35.12,27.61,24.71,20.2,14.42
22.28,70.59,16,27.22,0.689,34.81,26.37,23.73,19.59,14.33
21.08,67.6,197,26.39,0.709,34.88,25.67,22.86,18.35,12.61
13.47,73.23,258,27.06,0.689,34.67,26.4,22.62,18.24,12.68
12.15,63.75,244,27.94,0.683,35.03,26.88,24.32,19.76,14.21
14.08,62.8,348,27.96,0.634,35.13,26.97,24.52,20.43,14.92
17.44,66.91,249,26.48,0.593,35.01,25.79,23.31,18.63,12.94
12.29,75.75,105,28.78,0.724,34.55,27.52,24.79,20.39,15.1
17.99,72.08,182,27.35,0.745,34.98,26.46,23.88,20.12,14.9
14.55,67.12,155,28.71,0.664,35.02,27.57,24.31,20.63,15.5
16.83,68.79,287,26.35,0.735,34.85,25.44,22.54,18.71,13.07
14.98,61.43,169,28.66,0.773,35.01,27.86,24.78,21.24,15.41
12.71,76.74,47,29.18,0.692,34.54,27.83,25.42,20.79,15.35
23.18,71.33,43,27.86,0.662,34.83,27.26,24.49,20.35,14.96
20.22,64.85,321,26.4,0.623,35.09,25.6,22.74,18.67,13.28
10.24,69.96,306,27.56,0.709,34.62,26.51,23.35,20.03,15.0
21.9,61.86,221,26.04,0.649,35.14,25.46,22.32,18.13,12.66
15.8,76.42,1,27.55,0.693,34.5,26.43,23.24,19.46,14.59
22.31,62.97,200,26.83,0.655,35.23,25.72,23.12,19.7,14.46
20.8,71.02,144,27.69,0.708,34.77,26.62,23.95,19.9,14.67
14.8,64.17,28,28.69,0.764,34.8,27.82,25.01,20.72,15.25
8.36,72.2,342,28.33,0.715,34.75,27.11,24.49,20.24,14.65
12.3,73.21,338,27.49,0.668,34.48,26.28,23.21,18.42,12.74
16.67,71.45,278,26.67,0.71,34.79,25.53,22.12,17.84,12.39
18.14,70.45,41,28.03,0.702,35.04,27.15,24.51,19.84,14.6
12.13,75.17,332,27.62,0.721,34.73,26.57,23.7,19.91,14.35
10.23,61.34,147,28.98,0.735,35.17,27.62,25.0,20.28,14.67
21.36,65.63,345,26.44,0.707,34.91,25.31,22.59,18.64,12.84
23.75,64.22,178,26.74,0.721,35.16,25.83,22.94,19.3,13.95
16.41,76.8,315,26.74,0.72,34.59,25.97,23.18,19.37,13.55
10.75,66.62,325,28.07,0.69,34.91,26.92,24.5,20.21,14.82
12.36,72.45,167,28.71,0.709,34.65,27.38,24.44,20.64,15.23
8.29,71.64,123,30.91,0.832,34.64,29.78,27.08,22.98,17.44
22.63,63.61,74,28.08,0.71,35.09,27.26,24.5,20.22,15.08
9.88,64.06,239,27.21,0.685,35.0,25.83,22.48,18.24,13.21
17.22,64.78,249,26.46,0.636,35.03,25.28,22.07,18.15,12.01
12.38,66.99,263,27.12,0.74,35.01,26.24,23.36,18.64,12.69
16.87,63.98,252,26.37,0.703,35.0,25.18,22.18,17.88,12.55
18.42,60.33,357,27.29,0.684,35.25,26.54,23.41,19.46,14.47
21.28,74.95,111,27.95,0.683,34.72,26.78,24.26,19.96,14.05
11.3,76.42,180,28.66,0.702,34.58,27.3,24.0,19.38,14.01
8.18,65.81,188,28.29,0.724,35.04,27.18,24.25,19.8,13.77
10.19,65.75,308,28.02,0.726,35.01,26.79,23.66,19.63,13.58
22.4,60.12,207,25.88,0.612,35.2,24.94,22.58,18.67,13.79
21.98,71.56,234,25.89,0.597,34.82,25.08,23.04,19.37,13.99
17.56,74.03,24,27.83,0.708,34.8,26.79,23.84,20.05,14.09
17.61,62.49,26,28.17,0.75,35.19,27.05,24.43,20.64,15.08
18.64,62.71,218,26.66,0.673,35.07,25.85,23.4,18.53,12.79
10.81,73.43,346,28.27,0.708,34.65,27.24,24.66,20.86,15.23
22.63,70.48,10,27.34,0.645,34.77,26.53,23.94,19.63,14.04
14.7,60.76,17,28.57,0.702,35.26,27.58,24.2,19.52,14.09
14.13,70.58,245,27.04,0.716,34.72,25.88,23.37,19.5,14.13
16.3,65.25,206,27.42,0.642,34.89,26.26,23.55,19.52,13.82
8.75,66.27,258,28.32,0.79,35.0,27.15,24.18,20.44,14.71
10.66,73.09,112,29.97,0.772,34.68,28.74,25.83,21.52,16.14
19.81,73.79,205,26.69,0.607,34.8,25.8,23.07,18.97,13.28
9.32,66.81,27,29.72,0.782,34.7,28.55,25.58,20.76,15.07
17.65,76.1,71,28.8,0.752,34.58,27.87,24.89,21.58,16.11
11.93,66.91,176,28.26,0.7,34.88,27.2,24.05,19.42,13.93
14.23,73.12,202,27.62,0.736,34.76,26.97,24.26,19.83,14.2
12.62,68.23,248,26.78,0.649,34.84,25.48,22.6,18.09,12.91
13.69,75.26,118,28.54,0.751,34.53,27.49,24.38,20.36,15.01
19.5,75.43,9,27.17,0.684,34.68,26.06,23.25,18.81,13.92
12.75,61.49,86,29.52,0.744,35.27,28.4,25.54,21.87,16.29
17.06,75.92,23,28.14,0.768,34.55,27.04,24.31,20.33,15.04
15.62,74.03,240,26.43,0.702,34.63,25.59,22.73,18.03,12.97
18.62,73.45,73,27.83,0.661,34.79,26.63,23.99,20.2,14.43
22.99,63.42,27,27.73,0.717,35.18,27.07,24.13,20.39,14.78
19.72,73.69,349,26.94,0.754,34.76,26.16,23.23,18.84,13.7
11.44,74.45,81,30.13,0.829,34.58,29.49,26.66,22.1,16.81
8.5,64.92,84,30.57,0.751,34.94,29.82,27.06,23.12,17.61
12.2,76.19,199,28.25,0.781,34.72,27.06,24.53,20.7,14.78
17.52,60.85,43,28.4,0.759,35.23,27.72,25.15,20.65,14.76
8.82,62.55,263,27.58,0.655,35.02,26.41,23.57,19.84,14.2
15.94,69.14,92,29.22,0.755,34.82,28.32,25.02,20.69,14.95
17.55,69.79,339,27.0,0.699,34.82,26.42,23.77,20.14,14.41
13.35,70.97,84,29.21,0.703,34.75,28.05,25.35,20.62,14.57
20.33,60.29,300,25.44,0.661,35.16,24.58,21.81,17.42,11.51
9.71,76.33,296,27.61,0.795,34.67,26.13,23.47,19.28,13.52
9.2,60.76,135,30.02,0.825,35.22,29.11,26.08,21.59,16.12
19.65,62.43,281,26.44,0.67,35.33,25.97,22.66,18.55,12.94
15.93,60.24,59,28.85,0.724,35.32,28.0,24.88,20.64,15.15
19.01,69.64,359,26.96,0.692,34.83,26.33,22.62,18.43,12.94
14.96,75.85,342,27.76,0.664,34.71,27.01,24.31,20.05,14.04
11.94,71.32,241,27.39,0.673,34.78,26.21,23.35,18.73,13.55
21.11,73.99,342,26.46,0.585,34.88,25.67,23.13,19.02,13.74
20.79,60.23,98,27.84,0.722,35.16,27.07,24.44,20.29,14.8
19.12,69.21,62,29.01,0.727,34.88,27.88,24.87,20.37,14.71
12.35,67.81,264,27.39,0.716,34.83,26.64,23.54,19.94,14.84
17.44,68.48,113,28.95,0.743,34.82,27.92,24.81,20.84,15.04
13.78,61.23,146,28.58,0.687,35.12,27.53,25.26,21.45,16.24
9.47,71.64,216,28.15,0.723,34.86,27.01,24.1,19.68,13.92
22.68,68.55,256,25.63,0.61,34.88,24.81,21.92,16.9,11.79
10.19,73.01,316,28.01,0.777,34.43,27.52,24.72,21.32,15.96
23.2,68.25,316,26.23,0.623,34.88,25.29,22.01,17.97,12.74
15.14,62.54,362,27.44,0.674,35.0,26.15,23.19,19.24,13.8
10.96,71.02,258,27.08,0.642,34.72,26.05,22.97,19.0,13.63
16.67,62.93,194,27.66,0.656,35.2,26.54,23.39,19.45,13.96
21.97,74.83,347,26.39,0.663,34.47,25.46,22.55,18.03,12.22
19.72,70.42,14,27.77,0.653,34.66,27.01,24.2,19.69,14.52
20.9,62.67,304,25.91,0.64,34.93,24.83,21.64,17.13,11.55
18.54,76.36,103,28.22,0.734,34.51,27.24,24.26,20.38,14.91
19.08,68.81,245,25.75,0.626,34.68,24.91,22.13,17.54,11.56
21.59,61.24,245,26.05,0.563,34.99,25.05,22.4,17.69,12.14
11.99,70.66,312,27.6,0.751,34.75,26.56,23.6,19.24,13.86
15.83,64.3,268,26.92,0.688,35.06,26.02,23.27,19.06,14.08
11.54,73.66,224,27.78,0.715,34.56,26.71,23.75,19.63,14.11
23.8,73.9,220,24.78,0.604,34.68,24.01,21.59,17.3,11.69
23.1,76.64,311,25.92,0.68,34.55,25.18,22.5,18.59,12.9
8.63,68.53,217,27.8,0.741,34.91,26.55,23.48,19.85,14.16
19.29,67.73,4,26.83,0.716,34.79,25.64,22.63,18.55,13.59
22.8,72.81,36,26.88,0.687,34.89,25.85,23.12,19.49,13.67
10.89,62.25,178,28.04,0.656,35.0,26.73,23.75,19.87,14.24
17.09,69.3,257,26.57,0.683,34.77,25.88,22.46,17.98,12.9
22.65,69.29,17,26.93,0.689,34.88,25.76,23.0,18.56,13.41
8.54,61.52,199,28.13,0.692,35.15,27.14,24.18,19.72,14.92
19.16,67.11,318,26.46,0.632,35.0,25.43,22.82,18.64,13.46
12.76,74.51,48,28.84,0.757,34.59,28.02,25.15,20.94,15.52
22.79,74.55,62,28.13,0.711,34.5,27.22,24.56,20.69,15.38
23.54,61.69,69,28.22,0.701,34.98,27.41,25.32,21.16,15.35
23.11,61.54,147,27.36,0.758,35.32,26.64,24.15,20.15,14.62
15.59,64.47,359,28.15,0.741,34.99,27.43,24.46,19.89,14.1
21.79,74.87,162,27.76,0.72,34.59,26.8,24.07,20.06,14.99
21.51,62.19,227,26.17,0.704,35.29,25.19,22.38,18.09,12.14
13.11,72.24,347,28.39,0.735,34.66,27.47,24.69,20.37,14.79
21.26,61.72,230,25.95,0.62,35.13,24.78,21.5,17.14,11.32
8.59,70.59,178,28.42,0.707,34.67,26.97,24.43,20.93,15.74
17.54,66.05,345,26.7,0.7,34.83,25.84,22.3,17.73,12.28
11.68,73.41,56,29.23,0.772,34.85,28.32,25.43,21.6,16.09
9.93,63.97,78,30.04,0.789,35.23,29.03,25.6,21.49,15.63
9.23,70.87,270,27.27,0.643,34.87,26.16,23.12,18.48,13.41
19.14,64.01,206,26.65,0.702,35.14,25.65,22.86,18.64,12.86
13.44,72.13,281,26.62,0.666,34.79,25.93,23.35,18.32,12.7
19.6,74.85,228,26.22,0.681,34.53,25.67,23.14,19.73,14.23
9.05,62.16,239,28.25,0.684,35.14,27.18,24.28,20.03,14.69
13.04,74.73,288,27.19,0.764,34.56,26.03,23.45,19.79,14.21
16.63,70.09,82,28.72,0.741,34.54,27.57,24.68,21.12,16.05
20.65,62.16,334,26.86,0.659,35.23,26.08,23.03,18.71,13.22
13.1,67.27,250,27.14,0.71,34.96,25.88,23.13,19.05,14.05
18.01,62.73,193,27.32,0.724,34.96,26.16,23.02,19.0,13.22
22.18,71.91,106,28.38,0.747,34.69,27.44,24.53,21.19,15.85
17.85,72.9,189,27.29,0.649,34.79,26.46,23.5,19.32,13.6
11.73,61.8,276,27.52,0.741,35.14,26.76,23.43,19.31,13.76
8.39,68.6,74,30.34,0.766,34.69,29.28,26.5,21.84,15.94
21.92,73.85,10,27.07,0.682,34.52,26.33,23.53,19.08,13.99
8.34,75.91,123,29.56,0.668,34.75,28.64,26.15,21.85,16.76
22.0,68.73,216,26.25,0.639,34.86,25.59,22.21,18.63,13.5
16.46,76.15,290,26.92,0.659,34.66,25.86,22.81,19.47,14.26
23.03,69.11,40,27.75,0.721,35.02,27.11,24.59,20.69,16.01
20.78,66.7,193,27.38,0.67,34.89,26.72,24.05,20.09,14.65
23.97,74.42,127,27.44,0.628,34.66,26.7,24.1,20.28,15.28
13.61,68.38,289,27.23,0.697,34.67,26.25,23.84,19.47,13.96
20.28,68.02,71,27.98,0.7,34.82,27.23,24.15,20.61,15.29
14.43,68.34,137,28.94,0.709,34.92,28.05,24.94,20.26,15.01
15.68,74.4,144,28.92,0.741,34.6,27.58,24.97,20.68,14.64
18.04,74.14,354,27.54,0.625,34.68,26.71,24.08,20.25,14.71
21.98,66.86,299,25.85,0.67,35.02,25.24,22.37,18.08,12.51
23.75,65.67,345,26.15,0.647,35.03,25.55,22.68,19.56,14.06
20.29,68.36,269,25.66,0.629,34.9,24.86,21.76,17.92,12.21
14.68,69.74,139,28.75,0.771,34.83,27.79,25.38,21.67,16.22
14.74,64.05,52,28.53,0.705,34.98,27.47,25.22,20.82,15.43
19.8,73.5,17,27.47,0.705,34.57,26.57,24.05,20.34,14.53
11.82,68.27,165,28.24,0.712,35.0,27.34,24.68,20.91,15.42
9.77,65.68,13,28.61,0.857,35.05,27.6,24.85,21.37,15.8
13.67,61.82,190,28.25,0.737,35.05,27.42,24.66,19.68,14.54
12.6,64.06,340,28.03,0.665,35.04,26.9,23.54,19.13,13.8
12.74,76.14,353,27.96,0.779,34.42,27.15,24.12,20.15,14.42
11.74,65.19,362,28.4,0.764,34.94,27.23,24.59,20.64,15.43
8.67,62.87,352,28.69,0.733,35.14,27.63,24.51,20.39,14.87
8.29,67.83,264,27.91,0.69,34.91,26.69,23.89,19.18,13.69
23.8,65.22,312,25.79,0.591,35.0,24.96,22.51,18.49,12.72
14.84,60.6,221,26.83,0.692,35.09,26.26,23.76,19.79,14.35
14.15,65.49,104,28.52,0.698,34.87,27.62,25.05,20.95,15.73
18.87,69.25,339,26.54,0.631,34.93,25.69,22.96,18.84,13.27
11.49,69.38,198,28.11,0.744,34.99,27.35,24.71,20.99,15.96
23.2,66.06,300,25.93,0.71,35.01,24.6,21.67,17.51,12.28
20.58,67.6,359,27.06,0.663,34.88,26.16,23.84,19.24,13.49
9.43,76.41,169,29.22,0.779,34.67,28.03,24.66,21.13,15.7
14.68,66.41,149,28.38,0.73,34.86,27.23,24.38,20.82,14.91
22.07,64.39,249,25.78,0.658,35.13,24.63,21.66,17.55,11.76
23.12,64.14,256,25.61,0.605,34.97,24.75,22.15,18.4,12.38
15.48,67.78,42,28.45,0.715,34.83,27.61,24.65,19.94,13.96
17.81,72.91,202,26.81,0.63,34.65,25.86,23.77,19.61,14.02
10.67,63.5,244,27.49,0.646,35.05,26.58,24.03,19.24,13.69
23.86,72.06,157,27.33,0.711,34.81,26.54,23.39,19.74,14.3
11.71,60.36,286,27.0,0.659,35.06,26.19,22.56,17.86,12.09
23.08,67.12,282,25.49,0.598,34.85,24.57,21.43,17.16,11.91
18.39,73.19,238,26.87,0.628,34.69,25.58,22.94,18.92,13.36
17.72,65.76,19,27.77,0.643,35.03,26.53,23.63,19.86,14.45
16.2,69.58,53,28.72,0.653,34.65,27.67,24.67,20.78,14.31
11.69,63.48,85,29.61,0.763,34.98,28.39,25.29,21.64,16.15
10.82,72.61,273,27.32,0.585,34.52,26.14,23.6,19.82,14.55
11.53,60.89,360,28.87,0.755,35.09,28.05,25.07,21.49,15.31
10.98,74.49,213,28.04,0.73,34.58,26.68,23.69,18.88,13.39
20.47,63.37,361,26.58,0.663,35.12,26.01,23.47,19.18,13.44
13.6,74.86,104,29.79,0.767,34.38,28.62,26.21,22.29,17.25
8.93,65.99,192,28.75,0.721,35.03,27.4,24.2,20.73,14.85
23.51,72.29,177,26.68,0.679,34.66,25.84,23.35,19.05,14.2
22.14,65.43,147,27.97,0.718,34.95,27.43,24.54,21.23,16.12
22.84,75.4,81,27.72,0.754,34.68,26.76,24.15,20.2,14.73
23.92,62.15,193,26.91,0.739,35.25,25.99,23.32,18.93,13.0
10.78,63.03,37,29.32,0.81,35.01,28.15,25.25,20.69,15.05
14.34,68.38,326,27.6,0.666,34.8,26.84,24.03,20.22,14.93
20.13,61.39,154,28.67,0.76,35.11,27.7,25.02,20.66,15.2
19.14,63.33,130,28.33,0.74,35.0,27.52,24.32,20.11,14.28
10.46,76.04,59,29.62,0.733,34.41,28.57,25.37,21.33,16.16
21.05,76.6,224,25.94,0.613,34.53,25.05,22.87,18.85,13.32
11.59,66.4,249,27.33,0.675,34.88,26.18,23.7,20.36,14.95
11.58,75.7,240,27.15,0.642,34.58,26.49,23.97,20.03,14.83
16.59,69.26,293,26.52,0.61,35.0,26.13,23.28,18.94,13.7
17.49,64.59,287,27.28,0.708,35.01,26.17,22.82,18.43,13.25
17.28,71.94,204,27.21,0.688,34.65,26.06,23.06,19.62,14.33
9.46,71.2,99,29.8,0.765,34.72,28.72,25.96,21.66,15.95
22.04,76.82,350,26.52,0.703,34.54,25.23,22.72,18.86,13.35
12.25,64.51,176,28.37,0.713,35.0,27.35,24.62,20.6,15.5
10.07,71.43,262,27.83,0.738,34.69,27.15,24.42,20.49,14.58
22.22,60.88,271,25.64,0.61,35.0,24.69,21.83,18.29,12.45
23.29,61.93,143,27.94,0.678,35.19,27.35,24.7,20.71,15.38
21.79,60.07,189,26.7,0.672,35.11,26.15,23.04,19.27,13.74
20.95,76.99,272,25.78,0.728,34.67,24.75,21.92,17.94,11.94
18.48,73.64,20,27.56,0.748,34.62,26.69,23.75,19.46,14.17
16.81,73.37,333,26.93,0.722,34.61,26.06,23.63,19.73,14.37
9.39,68.67,300,27.19,0.631,34.81,26.25,22.57,18.21,13.5
14.54,65.1,46,28.23,0.723,35.01,27.41,24.5,19.93,14.49
13.96,62.57,95,29.49,0.788,35.01,28.71,25.9,22.03,17.16
12.16,64.84,64,28.92,0.821,34.94,27.73,24.26,20.35,15.14
19.57,66.39,131,28.32,0.652,35.01,27.46,24.86,20.9,14.84
15.93,72.86,9,27.84,0.735,34.58,27.18,24.27,20.16,14.67
9.3,69.17,203,28.67,0.773,34.89,27.9,24.72,20.6,15.08
11.52,61.32,298,26.86,0.694,35.23,25.85,23.31,18.78,13.25
18.93,60.31,174,27.71,0.647,35.25,26.71,23.66,18.82,13.06
9.22,61.74,73,30.06,0.782,35.15,29.17,26.52,22.78,17.52
21.62,66.98,84,28.26,0.735,34.74,27.52,24.7,20.95,15.35
15.92,75.86,59,29.17,0.752,34.44,28.31,25.31,21.11,15.96
15.69,70.84,21,28.29,0.691,34.63,27.48,24.33,20.82,15.63
17.48,73.63,157,27.35,0.658,34.62,26.23,23.19,19.29,13.72
21.19,67.93,319,26.3,0.677,34.89,25.61,23.04,19.08,13.39
13.56,66.15,329,27.56,0.67,34.83,26.59,24.1,20.8,15.14
18.85,61.84,61,28.34,0.694,35.11,27.67,25.03,20.43,14.93
17.05,74.89,64,28.46,0.718,34.67,27.53,24.66,20.54,15.14
12.27,73.31,325,27.49,0.701,34.57,26.57,23.93,19.49,13.85
22.06,62.86,168,27.63,0.74,35.0,26.88,24.1,19.86,14.23
20.76,68.71,203,26.4,0.614,34.97,25.42,22.43,18.31,12.89
18.54,68.29,129,27.85,0.654,34.78,26.76,23.66,19.54,14.35
21.61,70.63,245,25.46,0.619,34.81,24.78,21.87,17.34,11.92
21.88,76.09,106,28.07,0.64,34.68,27.06,24.05,19.97,14.46
19.33,69.86,321,26.98,0.703,34.69,26.02,23.2,18.77,13.34
21.39,69.18,122,28.69,0.651,34.72,27.76,25.42,21.8,15.76
19.16,60.86,318,26.65,0.698,35.14,25.83,23.06,19.27,13.7
18.88,61.07,182,27.08,0.727,35.16,26.32,23.89,19.93,14.05
17.9,63.18,103,28.43,0.733,35.01,27.19,24.33,20.04,14.37
20.04,60.55,316,26.56,0.593,35.38,25.54,22.69,18.65,12.88
10.54,72.64,302,27.96,0.713,34.75,26.73,23.42,19.61,13.83
22.09,72.3,261,25.52,0.604,34.63,24.64,22.03,17.79,12.0
21.95,62.31,113,28.45,0.675,34.97,27.21,24.18,19.44,14.64
8.47,74.21,70,29.98,0.793,34.63,29.1,25.94,22.13,16.61
21.21,62.63,160,27.69,0.731,35.14,26.84,23.67,19.78,14.65
10.06,65.12,240,28.03,0.762,35.18,26.93,24.15,20.18,14.91
13.36,64.23,11,27.98,0.698,35.04,27.12,24.09,19.69,14.4
19.9,66.33,138,28.18,0.722,34.92,27.4,25.04,21.32,15.98
10.57,64.33,167,29.36,0.817,34.93,28.39,25.82,22.18,17.3
21.09,68.31,247,25.79,0.728,34.9,24.93,21.91,17.92,12.55
21.31,66.93,354,26.46,0.707,35.02,25.63,22.06,17.8,11.77
16.12,76.77,31,28.54,0.712,34.35,27.75,24.93,20.68,15.13
8.1,60.95,12,29.27,0.748,35.17,28.26,25.29,21.03,15.22
12.59,62.42,243,27.18,0.678,35.0,26.49,23.92,19.65,13.73
17.87,60.9,108,28.67,0.758,35.03,27.77,24.9,20.66,15.29
23.7,70.64,336,25.57,0.604,34.94,24.89,22.44,18.47,12.34
18.11,60.93,323,26.81,0.687,35.25,25.87,23.17,19.43,13.96
12.16,74.22,194,28.62,0.742,34.57,27.65,24.39,20.87,14.88
18.14,68.7,308,26.27,0.673,34.84,25.42,22.36,17.9,12.35
16.64,68.96,133,28.36,0.68,34.81,27.32,24.35,19.95,14.68
20.48,69.55,281,25.99,0.66,34.71,24.99,22.11,18.35,12.65
9.71,62.9,291,28.45,0.794,35.03,27.49,24.51,20.05,14.19
20.18,63.36,163,27.9,0.689,35.14,27.11,24.48,19.92,14.32
16.66,65.42,278,26.48,0.675,34.93,25.82,23.14,18.66,13.34
23.41,70.09,203,26.29,0.585,34.84,25.48,22.56,18.39,12.98
13.47,63.57,96,29.74,0.772,35.0,28.53,25.84,22.39,16.87
18.12,61.98,223,26.44,0.672,35.0,25.52,22.34,18.18,12.43
22.91,76.49,237,25.98,0.654,34.66,25.31,22.69,18.7,13.08
9.64,60.37,117,29.5,0.784,34.97,27.99,25.36,20.78,15.49
23.0,73.65,192,26.83,0.664,34.83,26.01,23.26,19.59,14.05
19.01,73.4,276,26.06,0.699,34.76,25.3,22.6,18.85,13.42
9.09,65.05,106,30.06,0.736,35.02,29.01,26.34,22.05,16.44
12.82,62.31,4,28.25,0.775,35.06,27.16,24.58,20.21,14.37
19.33,62.48,18,27.88,0.715,35.06,26.74,24.11,20.39,15.49
9.08,71.86,307,27.78,0.7,34.75,26.68,24.19,20.0,14.73
17.31,70.93,20,28.66,0.672,34.78,27.48,24.17,19.8,14.39
13.53,73.31,122,29.63,0.715,34.57,28.76,25.94,21.69,16.14
17.93,75.94,137,27.97,0.723,34.57,27.06,24.18,20.18,15.1
8.73,71.76,80,30.13,0.745,34.76,29.32,26.49,22.68,16.95
21.94,62.65,154,27.69,0.741,35.06,26.46,23.86,19.89,14.59
23.58,64.14,358,26.38,0.673,35.26,25.51,22.71,18.72,13.23
23.5,74.32,25,27.54,0.639,34.61,26.88,24.08,19.89,14.31
19.99,63.56,169,27.81,0.735,34.88,27.15,24.43,20.39,14.8
10.08,61.23,59,29.68,0.754,35.05,28.76,25.43,21.17,16.07
20.13,71.96,301,26.4,0.66,34.79,25.34,22.97,18.76,12.7
8.39,66.84,41,29.0,0.782,34.85,27.79,24.87,21.33,16.33
8.35,75.64,38,30.08,0.717,34.47,28.52,26.11,22.03,16.83
13.18,71.05,117,29.57,0.712,34.9,28.57,25.45,21.21,15.72
15.82,61.54,275,26.3,0.672,35.16,25.57,22.46,18.09,12.52
20.33,76.11,270,26.03,0.583,34.5,25.16,22.3,17.32,11.81
18.93,64.4,127,27.73,0.678,34.75,26.95,24.12,20.85,15.5
15.13,65.73,3,27.76,0.742,35.03,26.9,23.87,20.65,15.52
12.38,66.84,293,27.54,0.692,34.93,26.44,23.35,19.51,14.15
23.95,60.87,16,26.93,0.623,35.3,25.64,22.94,18.43,13.01
14.82,68.44,265,26.77,0.681,34.75,26.05,23.65,20.64,15.15
15.22,62.1,239,26.94,0.662,35.08,26.05,23.72,19.05,13.0
10.62,66.82,263,27.41,0.664,34.96,26.09,23.17,19.23,13.23
20.72,65.96,134,28.28,0.861,35.09,27.49,24.23,19.45,14.28
19.1,73.14,213,26.55,0.689,34.7,25.69,22.77,17.8,12.44
11.53,73.65,15,28.9,0.726,34.58,28.12,25.77,21.76,16.51
9.32,62.61,328,27.75,0.738,35.23,26.75,24.19,20.23,14.97
18.89,66.23,360,27.49,0.683,34.92,26.68,23.95,19.9,14.58
18.47,66.35,129,28.29,0.698,34.96,27.42,24.43,20.93,15.69
12.37,62.57,352,28.07,0.724,35.17,26.88,24.29,20.17,14.41
23.21,73.57,122,27.65,0.72,34.81,26.96,24.78,21.01,15.68
10.42,72.02,241,27.55,0.734,34.76,26.48,23.57,19.15,13.79
14.92,63.24,115,28.76,0.79,35.33,27.59,24.1,20.52,15.42
23.1,66.23,197,26.54,0.714,34.94,25.59,22.42,18.88,12.29
14.72,61.8,222,27.4,0.726,35.16,26.19,23.35,19.15,14.36
18.22,70.68,214,26.45,0.702,34.71,25.75,22.85,18.9,13.65
14.36,62.06,80,29.04,0.789,35.15,28.45,25.96,21.58,16.16
12.39,76.76,263,27.17,0.714,34.56,26.37,23.34,19.15,13.36
23.74,73.27,135,27.33,0.627,34.77,26.6,23.74,19.93,14.35
14.55,66.63,306,26.93,0.698,34.98,25.93,22.89,18.98,13.58
22.31,69.84,242,26.31,0.714,34.75,25.42,22.8,18.01,13.01
11.68,75.49,303,27.09,0.651,34.61,25.85,22.76,18.21,13.17
11.41,69.42,270,26.6,0.652,34.76,25.93,23.04,18.7,13.39
8.5,62.97,287,27.58,0.695,35.14,26.26,22.96,18.94,13.66
18.43,66.44,50,28.25,0.725,34.89,27.17,24.15,19.68,14.24
13.9,74.33,189,27.83,0.683,34.49,26.79,24.45,19.79,13.98
21.83,70.95,297,25.9,0.649,34.65,25.04,22.74,17.59,11.86
15.57,71.06,14,27.84,0.726,34.64,26.99,24.33,21.07,15.86
23.49,74.74,232,25.42,0.552,34.56,24.48,21.83,17.81,12.52
10.97,75.2,261,27.18,0.688,34.51,25.72,22.69,18.01,12.33
21.9,75.64,192,26.52,0.65,34.57,25.64,22.87,19.18,13.46
20.43,61.61,203,27.36,0.622,35.1,26.45,23.69,20.19,14.88
20.33,69.25,261,26.44,0.686,34.88,25.52,22.68,18.67,13.08
21.52,72.59,113,27.59,0.71,34.73,26.69,24.07,20.22,14.49
20.18,72.87,352,26.33,0.666,34.65,25.38,22.27,18.69,13.29
18.02,70.31,36,28.17,0.739,34.91,26.98,24.88,21.02,15.73
10.1,62.84,79,30.43,0.796,34.99,29.65,27.24,23.39,17.56
8.52,73.56,275,27.92,0.678,34.76,27.09,24.01,19.3,13.7
22.73,72.24,278,25.58,0.666,34.73,25.04,22.24,17.04,11.76
17.87,61.46,162,27.8,0.74,35.1,26.64,23.59,19.83,14.81
20.74,67.88,312,26.46,0.62,35.0,25.68,23.06,18.87,13.46
15.7,62.96,17,28.24,0.753,35.14,27.19,24.29,20.01,14.36
9.88,65.74,204,28.8,0.723,34.86,27.63,24.2,20.49,14.74
10.0,60.31,17,28.54,0.751,35.22,27.27,24.12,19.64,14.14
18.97,66.81,202,27.09,0.689,34.96,26.7,24.25,20.14,14.63
14.88,69.35,210,27.25,0.681,34.93,26.22,23.31,19.24,13.09
11.21,70.53,78,29.81,0.786,34.84,28.57,25.61,21.79,15.78
15.87,71.28,56,28.88,0.723,34.81,27.95,25.29,21.32,15.14
9.03,74.22,80,30.18,0.819,34.59,29.23,26.6,22.64,17.14
17.31,63.66,306,26.88,0.726,35.03,25.91,23.02,18.76,13.58
12.3,62.05,58,29.78,0.742,35.09,28.8,25.27,21.02,15.8
20.76,74.48,18,28.04,0.704,34.46,27.37,24.28,20.32,14.43
12.97,62.66,208,27.75,0.688,35.22,26.54,23.05,18.75,12.98
15.28,76.57,135,28.62,0.744,34.43,27.68,24.39,19.96,14.07
8.19,74.32,332,27.96,0.761,34.65,26.71,23.86,20.27,14.8
9.16,68.51,10,29.16,0.678,34.83,27.91,25.09,20.72,15.49
14.28,76.68,69,29.42,0.696,34.51,28.78,26.31,22.03,16.87
15.68,61.66,341,26.96,0.676,35.2,25.98,23.13,19.52,13.82
17.6,65.15,83,29.09,0.75,34.92,27.95,24.81,20.44,14.97
12.67,70.85,109,29.41,0.715,34.81,28.37,25.87,21.9,16.17
19.12,65.95,44,27.78,0.711,35.01,26.64,24.31,20.37,14.88
21.76,75.78,132,27.6,0.668,34.49,26.71,24.15,20.01,14.32
20.48,61.12,18,27.21,0.668,35.25,26.21,23.35,19.1,13.43
8.63,69.34,93,29.83,0.816,34.96,28.82,25.82,21.27,15.37
15.69,70.04,294,26.89,0.663,35.0,26.31,23.12,19.27,12.87
9.68,71.1,148,29.68,0.746,34.73,28.56,25.45,21.79,16.17
11.87,64.35,172,29.14,0.75,35.05,27.97,24.96,21.26,15.86
23.79,66.2,51,27.35,0.734,34.98,26.56,23.3,19.34,13.91
10.28,74.34,19,29.15,0.743,34.69,28.37,25.4,20.51,14.56
15.98,63.31,120,28.66,0.708,35.24,27.81,24.87,21.08,14.9
17.89,74.06,324,26.74,0.695,34.69,25.79,23.33,19.18,13.66
19.24,69.57,225,26.07,0.685,34.87,24.76,21.43,17.09,11.25
16.95,72.96,66,28.41,0.768,34.57,27.46,24.62,20.79,15.15
8.16,72.13,141,30.0,0.769,34.92,29.04,25.75,21.74,15.89
13.22,63.53,189,27.64,0.718,35.01,26.81,23.37,19.67,13.7
16.28,69.67,158,28.43,0.755,34.55,27.74,24.72,20.75,15.6
9.41,74.75,98,29.78,0.771,34.38,28.55,25.67,21.46,16.1
13.61,67.35,158,28.07,0.765,34.94,26.98,24.48,20.24,14.74
8.53,76.43,246,27.09,0.709,34.42,25.96,23.02,19.17,13.94
9.26,67.69,344,28.83,0.81,34.9,27.87,24.81,20.17,14.68
14.35,62.43,236,26.52,0.702,34.95,25.47,22.41,18.11,12.5
10.12,66.62,33,29.31,0.672,34.97,28.34,25.34,20.37,15.36
17.08,76.18,361,27.66,0.684,34.61,26.65,22.75,18.82,13.83
19.03,65.44,241,25.94,0.583,35.0,24.9,21.86,18.02,12.21
20.81,74.76,330,26.23,0.631,34.54,25.59,23.02,18.61,13.19
11.2,74.98,338,28.13,0.699,34.69,27.13,23.55,19.01,13.55
10.68,65.95,275,27.49,0.729,34.92,26.57,23.58,19.86,14.62
9.67,61.42,71,29.74,0.745,35.12,28.61,25.65,21.27,15.45
18.18,72.32,313,26.61,0.724,34.66,25.85,23.2,19.36,14.24
19.3,65.3,216,26.62,0.642,34.96,25.51,22.73,18.62,12.84
8.51,73.31,79,29.81,0.753,34.85,28.52,25.77,21.45,15.91
22.98,67.53,169,27.39,0.642,34.9,26.76,23.71,19.84,14.0
8.83,68.25,298,27.84,0.763,34.74,26.72,23.31,19.23,13.57
16.66,73.22,180,27.2,0.749,34.58,26.2,23.17,19.67,13.86
19.34,66.5,116,28.55,0.721,34.91,27.47,24.57,20.17,14.39
21.94,67.53,260,25.56,0.578,34.82,24.88,22.44,17.81,12.54
19.43,66.4,260,26.03,0.643,35.04,25.51,22.26,18.16,12.65
20.83,66.24,5,27.18,0.695,34.81,26.44,24.22,20.31,15.41
13.43,68.94,297,26.84,0.65,34.83,25.74,22.97,18.79,13.23
21.04,73.75,108,28.74,0.826,34.75,28.15,25.01,21.63,15.9
9.28,66.15,343,27.92,0.78,34.89,26.89,23.76,20.14,14.49
22.32,68.91,360,26.77,0.603,34.89,25.85,23.0,18.69,13.14
16.76,71.4,117,28.88,0.69,34.74,28.19,25.33,21.25,15.85
21.08,64.58,357,26.89,0.695,35.01,25.99,23.15,18.33,12.71
15.24,64.72,331,27.19,0.643,35.06,25.93,23.3,19.62,13.73
18.3,75.87,331,26.68,0.678,34.38,25.7,22.66,18.29,13.07
16.42,72.3,13,27.76,0.703,34.83,26.92,24.1,20.08,14.94
19.71,69.81,142,27.77,0.701,34.62,26.74,23.79,19.58,13.96
9.31,71.01,188,29.04,0.782,34.87,27.57,25.17,20.48,15.42
8.97,60.5,281,27.53,0.768,35.22,26.73,23.3,19.53,13.88
11.95,70.51,115,30.15,0.79,34.83,29.71,27.45,22.93,17.74
10.55,68.66,236,27.86,0.657,35.01,26.7,23.6,19.3,13.51
21.95,69.28,338,25.57,0.643,34.95,24.6,21.46,17.7,12.91
11.51,66.11,10,28.94,0.715,35.04,27.63,24.68,20.19,14.16
23.61,61.39,199,26.31,0.739,35.12,25.33,22.53,19.03,13.2
13.39,63.29,252,26.66,0.697,35.03,25.34,22.38,17.89,13.05
10.91,76.16,50,29.86,0.782,34.64,28.54,25.83,21.26,15.25
20.64,66.95,142,27.74,0.728,34.97,26.88,23.88,19.8,14.22
18.54,67.93,271,26.06,0.65,34.91,24.84,21.82,18.37,12.72
15.97,60.9,16,28.24,0.767,35.16,26.99,23.83,19.73,14.23
16.89,60.64,2,28.05,0.689,35.13,27.15,24.68,20.98,15.55
19.51,72.19,158,27.8,0.742,34.57,26.79,24.03,19.39,13.82
11.66,69.15,30,29.06,0.805,34.9,28.08,24.83,20.58,15.31
23.94,68.65,82,27.58,0.665,34.84,26.71,23.75,19.53,14.45
23.6,64.13,31,27.61,0.712,35.01,26.76,23.51,18.91,13.23
18.41,72.66,236,26.52,0.682,34.51,25.76,23.74,19.0,12.97
11.19,62.86,333,27.83,0.662,35.09,26.66,23.88,19.69,13.98
18.88,63.23,148,27.93,0.653,34.93,27.17,23.75,20.28,14.87
9.16,67.83,177,29.25,0.711,34.84,28.07,24.8,20.79,15.34
8.49,64.87,35,29.53,0.754,35.08,28.25,25.0,20.63,15.39
12.12,64.21,23,29.15,0.761,35.04,27.9,25.11,20.19,15.25
15.4,70.97,106,28.91,0.723,34.75,27.61,24.24,19.99,14.55
21.89,71.07,97,28.33,0.797,34.68,27.24,23.93,19.65,14.03
19.63,74.02,230,26.44,0.704,34.58,25.2,22.27,18.33,12.61
19.88,67.1,227,26.1,0.671,35.07,25.02,22.16,17.96,12.4
14.81,61.24,100,29.14,0.727,35.23,28.32,25.29,21.44,16.2
13.53,64.65,55,28.49,0.727,34.97,27.48,24.49,20.69,15.01
13.94,76.66,195,27.63,0.743,34.52,26.55,23.25,19.12,13.8
23.8,70.14,8,26.32,0.696,34.82,25.38,22.66,18.54,12.72
8.64,72.07,315,28.59,0.764,34.76,27.47,23.99,19.9,14.4
21.87,60.13,128,27.42,0.68,35.19,26.58,23.69,18.89,12.93
17.26,68.81,32,29.02,0.72,34.67,27.86,25.53,21.72,16.05
15.02,60.64,93,29.3,0.692,35.17,28.41,25.46,22.04,16.98
19.6,69.68,7,27.25,0.709,34.8,26.29,23.02,18.94,13.52
15.79,75.65,258,26.92,0.617,34.78,26.01,23.17,18.76,13.22
21.97,76.46,341,26.23,0.656,34.81,25.38,22.46,18.36,12.94
22.41,69.19,220,25.69,0.624,34.9,24.58,21.82,17.55,12.2
14.75,67.79,240,27.01,0.689,34.82,26.28,23.49,19.4,14.0
12.43,76.07,106,29.71,0.808,34.63,28.67,26.06,21.83,16.4
17.48,71.45,36,28.66,0.784,34.57,27.65,24.61,19.65,13.85
22.6,61.1,45,27.8,0.732,35.1,27.09,23.97,19.91,13.97
11.37,67.92,298,27.24,0.657,34.72,25.95,22.88,19.67,14.39
17.97,64.08,309,26.93,0.677,35.09,25.7,22.66,18.03,12.14
18.1,67.99,9,28.02,0.676,34.76,27.21,24.46,20.8,15.41
19.73,67.74,87,28.52,0.699,34.86,27.86,24.6,20.66,15.46
10.11,69.9,331,28.38,0.741,34.8,27.36,24.21,19.74,13.93
19.45,66.07,177,28.05,0.673,34.95,27.32,24.5,19.86,14.17
22.54,62.79,130,27.6,0.68,35.04,26.52,24.04,20.04,14.5
10.87,68.56,195,28.04,0.668,34.89,26.91,23.81,19.85,14.09
11.8,74.11,11,28.48,0.751,34.51,27.31,24.54,19.83,14.06
23.54,71.29,306,25.24,0.613,34.92,24.64,21.77,18.04,12.38
10.9,65.75,122,29.78,0.675,34.87,28.82,26.13,21.83,16.1
21.67,75.9,235,25.52,0.701,34.57,24.88,22.05,18.15,12.79
15.88,75.51,331,27.54,0.737,34.64,26.45,23.59,19.77,14.29
11.96,63.56,31,28.82,0.654,35.13,27.55,25.49,21.75,15.81
21.93,60.67,348,26.97,0.709,35.25,26.4,24.42,19.92,14.94
15.12,72.6,224,26.38,0.722,34.54,25.41,22.47,19.17,13.58
16.24,74.07,153,28.23,0.71,34.55,27.49,24.36,19.89,14.37
13.75,76.45,212,27.17,0.691,34.56,26.15,23.38,19.63,13.98
17.49,75.13,92,29.18,0.733,34.64,28.69,26.01,21.71,16.21
10.62,70.21,331,28.45,0.744,34.92,27.62,25.14,21.06,15.29
14.26,69.01,348,27.01,0.722,34.79,25.99,22.45,18.3,12.39
23.51,60.47,129,27.89,0.659,35.09,27.08,24.13,20.22,14.62
12.13,64.19,197,28.4,0.694,34.98,27.37,24.37,20.69,15.62
18.51,67.81,42,28.32,0.724,35.11,27.18,24.07,19.73,14.4
13.2,70.68,228,27.55,0.709,34.92,26.44,23.13,18.68,13.55
20.38,69.47,194,27.06,0.698,34.8,26.08,23.16,18.24,12.56
10.09,72.62,18,29.31,0.742,34.82,28.28,25.62,21.59,15.85
23.52,64.76,333,25.72,0.606,34.95,24.74,21.57,17.4,11.75
15.26,69.6,243,27.24,0.726,34.91,26.23,23.39,19.34,13.99
11.78,61.5,276,27.3,0.64,35.0,26.18,23.49,19.34,14.15
9.18,67.03,127,29.85,0.746,34.95,28.77,26.39,22.59,17.01
10.72,72.75,75,29.92,0.768,34.79,29.14,26.45,22.15,16.23
16.32,71.79,62,28.42,0.742,34.7,27.69,24.79,20.83,15.62
13.39,76.84,288,26.56,0.655,34.59,25.29,22.55,18.44,13.27
21.26,64.72,186,26.9,0.707,34.95,26.04,23.41,18.93,13.58
14.89,68.47,178,28.52,0.776,34.89,27.48,24.63,20.25,15.18
11.98,65.6,166,28.38,0.697,34.93,27.21,24.6,20.87,14.8
17.87,67.49,183,27.56,0.712,34.98,27.07,24.11,20.34,14.57
19.31,74.57,28,27.64,0.709,34.49,26.65,24.15,20.35,14.85
10.67,71.63,330,27.66,0.686,34.63,26.51,23.51,19.34,13.52
10.68,75.0,247,27.67,0.624,34.73,26.96,23.94,18.94,13.72
8.59,63.46,337,28.58,0.742,34.82,27.67,24.66,19.89,14.04
19.78,74.85,22,27.44,0.712,34.54,26.47,23.32,19.11,14.02
18.62,61.02,96,29.02,0.784,35.15,28.26,25.6,20.89,15.14
15.59,75.11,122,29.02,0.727,34.63,28.01,24.67,21.03,15.95
21.51,65.59,250,25.8,0.617,34.93,24.92,21.98,17.55,11.81
20.89,65.35,308,26.17,0.619,34.87,25.15,22.44,18.23,12.02
17.37,68.71,334,27.6,0.578,34.97,26.18,23.39,19.99,14.53
21.89,75.99,326,26.4,0.646,34.67,25.27,22.43,18.75,13.45
11.29,60.81,137,29.14,0.855,35.13,27.87,24.9,20.94,15.12
9.79,65.99,277,27.53,0.747,34.78,26.53,23.7,19.69,14.67
12.32,74.56,320,27.55,0.657,34.65,26.55,23.42,19.02,13.93
8.91,66.73,332,28.42,0.702,34.95,27.53,24.54,20.74,15.19
16.5,63.39,61,28.84,0.714,35.0,27.65,24.71,20.7,15.29
22.99,67.22,250,26.22,0.713,34.72,25.76,23.04,18.88,13.39
8.63,66.55,95,30.04,0.86,34.91,29.27,26.62,22.78,17.47
9.95,75.56,296,27.07,0.686,34.65,26.0,23.12,19.28,14.04
15.24,72.95,184,27.95,0.719,34.77,26.84,24.2,19.71,13.71
22.94,68.59,260,25.46,0.655,34.85,24.51,21.71,17.98,12.98
13.06,76.8,287,26.62,0.668,34.47,25.64,22.79,18.65,13.51
16.12,67.91,155,28.12,0.725,34.96,27.54,24.91,20.84,15.03
8.67,60.99,186,28.72,0.734,35.05,27.59,24.29,19.67,14.6
10.37,64.46,69,30.1,0.792,34.89,28.71,25.95,21.33,16.41
23.79,67.41,326,25.44,0.553,34.89,25.02,22.03,17.35,11.34
23.44,62.67,261,25.62,0.619,35.25,24.73,22.23,19.09,13.79
8.08,76.11,115,30.76,0.745,34.71,29.93,26.86,23.67,18.44
23.23,73.04,347,26.3,0.687,34.55,25.61,22.67,17.89,12.5
18.23,64.56,8,27.57,0.666,34.97,26.62,23.32,18.62,13.47
21.89,70.04,265,25.95,0.586,35.04,25.3,22.61,18.31,12.87
15.28,72.26,271,26.87,0.604,34.64,25.75,22.82,19.16,13.81
16.25,76.0,249,27.1,0.701,34.72,26.08,23.07,19.22,13.15
15.82,74.99,105,28.94,0.701,34.7,27.87,25.03,21.8,16.1
18.67,68.76,263,26.43,0.657,34.97,25.48,22.15,17.93,12.81
10.23,73.17,224,28.09,0.776,34.63,27.13,24.03,19.65,13.94
8.48,69.56,328,28.11,0.728,34.78,27.11,24.19,20.11,14.6
12.93,69.4,271,27.03,0.66,34.73,25.7,23.3,19.14,13.3
19.27,61.95,165,27.66,0.653,35.2,26.66,23.89,19.78,14.08
11.23,62.14,83,29.33,0.767,34.95,28.2,25.44,21.38,15.98
18.77,69.0,295,26.15,0.649,34.82,25.36,22.55,19.3,13.76
23.52,64.57,134,28.01,0.733,35.18,26.92,25.08,21.03,14.98
9.5,60.36,211,28.52,0.63,35.25,27.57,25.03,20.5,14.77
18.76,72.29,313,26.28,0.704,34.81,25.15,21.68,17.47,12.39
15.1,60.55,92,29.13,0.675,35.01,28.2,25.43,21.62,16.44
21.89,70.12,337,26.65,0.65,34.7,26.03,23.53,19.67,14.18
10.83,69.17,127,29.69,0.816,34.95,28.38,25.04,21.15,15.75
19.08,76.47,191,27.4,0.603,34.55,26.55,23.78,19.0,13.31
21.41,68.23,159,27.62,0.695,34.77,26.73,23.72,19.0,13.92
23.11,61.08,331,26.13,0.643,35.22,25.12,22.04,17.89,12.31
18.93,69.38,335,26.72,0.67,34.77,25.57,23.14,19.22,13.35
15.95,74.3,10,27.65,0.714,34.88,26.55,23.5,19.06,13.05
17.89,76.95,107,28.88,0.737,34.58,27.8,24.73,21.23,15.21
21.9,67.32,87,28.04,0.658,34.82,27.16,24.06,20.18,14.44
17.13,65.45,67,28.23,0.721,35.07,27.21,24.02,19.72,14.71
8.49,75.41,62,29.81,0.764,34.74,28.79,25.74,22.76,18.06
22.9,63.25,146,27.73,0.699,35.07,27.07,24.04,19.75,14.57
19.03,70.46,153,27.35,0.774,34.7,26.15,22.91,18.66,12.63
18.82,66.9,107,28.22,0.77,34.93,27.27,24.38,20.11,14.28
11.45,60.7,148,29.2,0.819,35.11,27.95,24.29,20.2,14.37
18.54,65.9,186,27.77,0.717,34.94,26.64,23.81,19.28,13.7
14.3,64.51,349,28.03,0.782,34.88,26.72,24.12,20.32,14.56
18.42,71.66,342,27.42,0.659,34.82,26.18,23.2,19.45,14.13
9.71,76.13,178,28.9,0.723,34.44,27.71,24.95,21.12,15.54
18.53,64.56,335,26.77,0.65,35.08,25.93,23.03,18.75,13.52
23.99,73.79,266,25.67,0.62,34.62,24.94,22.84,18.56,13.24
8.77,60.94,149,29.27,0.75,35.18,27.95,25.37,21.52,16.41
23.63,69.15,247,25.29,0.637,34.79,24.25,21.17,17.16,11.44
14.51,61.2,254,26.55,0.684,35.17,25.6,23.15,18.73,13.51
21.93,75.88,29,27.81,0.774,34.61,26.88,24.72,19.81,14.08
20.52,73.03,352,26.61,0.607,34.64,25.91,23.05,18.79,13.27
17.07,71.19,266,26.75,0.624,34.58,25.59,22.92,19.03,13.28
19.82,74.01,13,27.54,0.598,34.67,26.28,23.79,19.89,14.49
22.06,71.01,47,28.09,0.679,34.8,27.37,24.2,19.49,14.39
14.47,76.47,151,28.32,0.702,34.4,26.95,23.55,19.78,14.63
13.23,72.14,50,28.94,0.71,34.62,27.63,24.83,21.47,16.07
18.68,75.72,215,26.9,0.631,34.54,25.86,22.79,18.55,13.01
20.93,68.79,132,27.85,0.709,34.62,26.93,24.01,19.83,14.32
20.2,61.99,113,27.54,0.681,35.19,26.78,24.25,19.94,14.9
20.77,68.98,252,25.56,0.601,34.79,24.49,21.86,17.62,11.86
14.97,62.16,341,27.14,0.69,35.14,26.42,23.74,20.13,14.77
21.09,70.07,53,27.67,0.677,34.69,26.51,23.64,19.22,14.06
9.92,68.2,130,29.86,0.812,35.07,28.7,25.6,21.6,16.1
16.71,70.58,324,27.02,0.674,34.63,26.24,23.19,18.98,13.75
8.09,60.17,193,28.82,0.721,35.14,27.88,25.54,21.52,16.68
13.19,63.31,79,30.0,0.78,35.19,28.39,26.18,21.96,16.43
13.86,68.35,57,29.47,0.674,34.75,29.01,26.5,22.72,17.15
14.34,76.16,97,29.48,0.803,34.56,28.43,25.44,21.76,16.32
19.13,66.52,198,26.57,0.698,35.0,25.72,22.54,18.59,13.24
14.22,67.21,135,28.96,0.707,34.76,27.9,25.86,21.68,16.57
15.18,72.15,147,28.7,0.686,34.65,28.15,25.44,21.66,16.54
11.8,70.26,172,28.52,0.685,34.81,27.73,25.02,20.62,15.22
13.97,65.08,63,29.68,0.704,35.04,29.1,26.07,22.14,16.05
11.64,66.98,65,29.55,0.689,34.84,28.6,25.96,21.65,15.72
9.17,63.7,295,27.34,0.632,35.24,26.42,23.54,19.53,14.32
17.66,76.42,211,26.69,0.565,34.59,25.55,22.45,17.97,12.28
18.69,62.22,109,29.23,0.732,35.19,28.27,25.3,21.67,16.49
17.91,66.32,282,26.2,0.651,35.02,25.46,22.76,18.15,12.9
15.42,60.44,172,27.48,0.746,35.03,26.57,24.16,20.01,14.45
14.08,63.77,12,28.15,0.754,35.04,27.18,23.83,19.14,13.39
21.81,73.27,333,25.75,0.613,34.67,24.75,21.57,17.94,12.39
16.31,63.42,220,27.31,0.679,35.04,26.59,23.62,20.14,14.7
15.67,61.36,342,26.8,0.718,35.17,26.06,22.92,18.35,12.43
8.41,68.07,286,27.34,0.672,34.67,26.44,23.61,19.64,14.41
13.46,60.17,172,28.4,0.729,35.21,27.45,24.43,20.22,14.93
14.08,61.44,236,27.46,0.67,35.11,26.47,23.67,19.78,14.33
14.38,73.73,166,28.36,0.722,34.44,27.59,24.78,21.31,15.87
17.28,73.12,187,27.14,0.687,34.72,26.39,23.14,19.19,14.12
16.54,75.56,170,28.03,0.697,34.46,26.9,23.99,19.59,13.87
17.73,74.53,52,28.34,0.763,34.58,27.47,24.35,19.98,14.37
20.24,71.61,319,26.65,0.635,34.71,25.91,23.43,19.19,13.71
21.01,60.89,189,27.17,0.69,34.98,26.18,23.13,18.74,13.06
19.49,73.31,120,28.17,0.786,34.49,27.46,24.42,20.62,15.09
23.29,74.37,105,28.11,0.726,34.68,27.44,24.3,20.54,14.57
8.29,73.58,162,29.45,0.722,34.6,28.25,25.39,21.79,16.17
11.13,68.64,295,27.82,0.718,34.81,26.49,23.59,19.32,13.78
8.12,63.96,41,29.98,0.867,35.05,28.98,26.49,22.85,17.13
18.36,74.37,364,27.59,0.699,34.45,27.07,24.21,20.78,15.67
22.37,72.36,165,27.6,0.73,34.66,26.82,24.36,19.73,14.36
11.9,76.67,321,27.6,0.698,34.52,26.68,24.29,20.0,14.47
22.83,62.65,335,25.95,0.66,35.27,24.89,21.96,17.82,12.14
8.96,63.84,160,29.37,0.748,34.95,28.26,25.33,21.56,15.6
22.95,63.6,264,25.47,0.593,35.13,24.62,21.66,18.09,12.39
13.63,73.47,353,28.09,0.728,34.66,26.91,23.67,18.88,13.4
9.62,63.18,18,29.14,0.695,34.96,28.14,26.0,21.63,16.11
15.77,61.13,173,28.15,0.702,35.09,27.27,24.24,20.6,14.88
12.11,76.98,352,27.76,0.779,34.61,26.66,23.5,19.06,14.06
12.56,60.42,33,29.11,0.741,35.26,28.08,24.89,21.11,15.94
12.92,74.2,261,26.71,0.634,34.58,26.09,23.09,19.22,13.59
20.85,66.21,210,26.81,0.684,34.99,25.83,22.89,19.1,13.78
16.63,74.31,330,27.31,0.667,34.52,26.14,23.68,19.9,14.79
12.98,69.43,164,28.73,0.736,34.81,27.48,25.16,20.89,15.49
17.77,75.33,5,27.73,0.655,34.54,26.86,23.4,19.2,13.65
19.46,75.75,34,27.88,0.737,34.66,26.48,24.08,19.85,13.8
12.36,60.15,280,26.97,0.684,35.24,25.84,23.5,19.49,13.97
14.62,61.28,145,28.72,0.692,35.08,27.54,24.51,19.56,13.83
9.95,64.26,351,29.02,0.755,34.97,27.92,24.77,20.87,15.19
10.9,71.38,71,29.76,0.84,34.74,28.69,25.93,22.51,16.92
18.9,75.1,348,26.62,0.637,34.58,25.78,22.77,18.75,13.19
10.9,67.82,230,27.18,0.716,34.86,26.24,23.83,19.68,14.07
16.4,70.32,125,28.31,0.736,34.75,27.59,24.87,20.8,14.9
19.34,63.2,278,25.99,0.666,35.21,25.02,21.97,18.08,12.05
9.71,73.68,271,27.92,0.744,34.61,26.71,23.92,20.28,15.03
17.08,76.44,357,27.17,0.674,34.57,26.4,23.58,19.46,14.47
12.11,64.57,15,29.12,0.75,35.26,27.75,24.3,20.13,14.66
23.41,68.41,242,25.72,0.645,34.78,25.06,21.94,17.29,11.46
15.74,61.46,153,28.57,0.693,35.16,27.63,24.59,20.51,15.3
20.9,69.51,53,28.15,0.733,34.84,27.38,24.63,20.05,15.17
16.8,68.55,149,28.51,0.711,34.86,27.64,24.95,20.64,15.5
8.69,62.46,358,28.63,0.802,35.11,27.55,25.01,21.26,16.16
18.13,67.52,219,26.07,0.632,34.81,25.19,22.17,18.47,12.62
23.22,65.68,113,27.66,0.647,35.01,26.62,23.35,19.44,13.77
17.63,68.87,288,26.13,0.699,34.66,25.07,21.96,18.35,13.21
21.11,69.96,277,25.93,0.618,34.98,25.43,22.41,17.65,11.78
22.15,60.14,83,28.13,0.665,35.37,27.43,24.36,20.91,15.24
11.65,72.94,218,27.68,0.716,34.65,26.85,23.98,19.54,14.1
11.39,72.12,226,28.2,0.769,34.82,27.08,24.4,20.42,15.09
17.78,66.23,270,26.14,0.684,34.92,25.24,22.27,17.9,12.32
14.58,60.9,15,27.65,0.677,35.16,26.77,24.08,20.11,14.61
21.44,72.83,290,25.87,0.651,34.62,25.26,22.72,18.63,13.18
22.4,76.24,339,26.68,0.659,34.63,25.81,22.98,19.34,13.77
13.65,64.08,265,27.05,0.748,34.98,26.14,22.92,19.81,14.16
11.79,65.5,199,27.99,0.692,35.06,27.09,24.16,20.41,14.87
20.49,63.12,158,27.69,0.705,35.07,27.01,24.46,20.31,14.65
12.4,69.81,333,28.26,0.725,34.81,27.19,24.52,21.03,15.8
21.16,62.63,207,26.27,0.612,34.95,25.67,22.55,17.77,12.36
14.78,66.06,174,28.17,0.707,34.96,26.9,24.4,20.07,14.54
18.68,71.85,184,27.57,0.69,34.61,26.44,23.49,19.3,13.73
9.53,69.52,265,27.66,0.755,34.83,26.67,23.47,19.26,14.07
17.98,66.57,246,26.36,0.669,35.13,25.53,22.69,18.29,12.68
15.23,67.14,36,28.48,0.709,34.78,27.46,24.15,20.33,15.05
17.39,69.56,259,26.35,0.655,34.8,25.32,22.69,18.59,13.45
10.69,60.1,19,29.14,0.742,35.13,27.99,25.46,21.31,15.96
19.79,61.33,23,27.84,0.704,35.04,26.77,23.62,20.08,14.1
21.8,74.98,104,28.73,0.769,34.52,27.88,24.94,20.66,15.04
11.47,61.32,241,27.0,0.719,35.29,25.64,23.04,19.36,13.6
9.53,72.02,361,29.22,0.707,34.89,28.35,25.1,20.89,15.03
8.38,75.64,204,28.45,0.766,34.47,27.41,24.16,19.96,14.79
18.27,64.6,253,26.31,0.689,35.06,25.65,22.74,18.33,12.95
17.71,66.3,142,28.57,0.725,34.86,27.68,24.73,20.05,13.78
16.75,69.67,302,26.88,0.618,34.75,25.93,23.14,18.77,13.27
11.71,74.99,143,29.54,0.765,34.4,28.52,25.61,20.8,15.1
14.25,76.01,271,27.28,0.674,34.77,26.14,22.9,18.91,13.69
17.51,72.57,307,26.55,0.689,34.81,25.37,22.05,17.82,12.12
15.95,61.47,110,29.36,0.777,35.08,28.2,24.92,21.25,15.85
23.8,71.38,8,26.61,0.721,34.77,25.72,23.01,18.62,13.21
10.18,66.98,69,29.69,0.718,34.88,28.44,25.87,21.66,15.92
19.12,68.0,190,27.12,0.769,34.97,26.49,23.58,19.97,14.17
14.47,60.84,179,27.94,0.744,35.13,26.81,24.15,20.41,15.52
14.85,63.25,63,29.05,0.77,35.05,28.15,25.08,21.03,15.65
19.48,73.44,68,28.65,0.806,34.6,27.88,24.87,20.35,14.87
19.08,67.72,206,27.06,0.695,34.95,26.41,23.84,19.98,14.84
23.86,65.13,6,26.56,0.708,35.22,25.89,23.18,18.96,13.99
10.05,66.53,119,29.55,0.763,34.91,28.44,25.61,21.3,16.25
9.67,74.52,313,27.56,0.73,34.59,26.81,23.9,20.33,14.42
19.59,72.73,31,27.9,0.753,34.69,26.76,23.54,20.02,14.53
17.25,64.63,6,27.26,0.73,35.04,26.14,23.3,18.84,13.26
12.39,62.0,207,27.58,0.637,35.09,26.6,23.87,20.46,15.52
9.27,64.28,157,29.18,0.729,34.99,28.1,25.9,21.77,16.48
9.37,75.65,67,30.21,0.823,34.58,29.28,26.34,22.56,16.67
22.31,69.89,330,26.13,0.674,34.63,25.33,22.38,19.02,12.96
11.07,69.07,353,28.6,0.726,34.78,27.61,24.83,20.67,15.65
13.17,70.14,336,27.71,0.721,34.59,26.89,24.46,20.47,14.96
11.63,66.22,289,27.15,0.64,34.9,26.14,23.42,19.61,14.1
13.68,73.72,140,28.82,0.766,34.56,27.95,25.01,21.54,15.94
9.11,68.9,300,27.4,0.707,34.91,26.16,23.07,18.97,13.22
16.3,61.98,13,28.74,0.736,35.05,27.65,24.53,20.76,15.27
9.08,62.19,152,29.77,0.756,35.08,28.85,26.21,21.8,16.54
20.81,69.13,313,26.32,0.669,34.62,25.48,22.56,17.87,12.36
11.74,75.92,352,27.78,0.692,34.67,26.77,24.53,20.15,14.97
16.64,65.24,109,28.71,0.718,34.88,27.63,24.79,20.42,15.13
22.08,74.78,356,26.41,0.734,34.56,25.49,22.77,19.06,13.83
18.41,72.99,149,28.13,0.65,34.76,27.28,24.28,20.16,14.71
16.53,64.21,204,27.01,0.618,35.11,26.0,22.94,18.6,13.05
13.19,60.62,307,27.01,0.712,35.06,25.82,23.2,18.74,12.9
13.33,61.73,21,28.35,0.672,35.18,27.17,24.69,20.43,15.22
18.71,72.38,60,28.35,0.64,34.59,27.32,24.2,20.47,15.04
23.91,63.39,21,27.06,0.722,35.09,26.19,23.11,18.65,13.08
18.59,66.31,363,27.31,0.74,34.87,26.34,23.28,19.12,13.28
16.92,68.53,245,27.07,0.63,34.76,26.44,23.83,19.57,14.45
19.69,72.33,73,28.63,0.657,34.71,27.93,25.21,21.25,15.75
15.44,61.92,76,28.81,0.685,35.05,27.9,25.02,21.66,16.72
8.96,66.91,186,28.88,0.708,35.13,28.15,25.06,20.7,14.58
17.0,68.25,78,28.61,0.805,34.81,27.65,25.23,21.25,15.85
23.32,69.19,65,27.66,0.683,34.71,26.94,24.4,20.29,14.38
10.8,73.91,342,28.26,0.751,34.55,27.26,23.79,19.5,13.78
19.04,62.92,290,26.39,0.691,35.08,25.59,23.0,18.92,13.33
11.21,73.73,56,29.33,0.803,34.66,28.12,25.13,21.76,16.45
16.57,71.78,331,26.72,0.647,34.76,25.71,22.71,18.58,13.16
9.55,69.45,259,27.63,0.699,34.91,26.38,23.76,19.63,13.97
15.21,71.89,190,27.89,0.698,34.56,27.0,24.26,20.01,14.3
20.1,67.0,6,27.12,0.705,35.02,26.24,23.41,19.48,13.47
13.56,62.35,6,28.53,0.775,35.01,27.15,23.99,19.49,13.81
18.64,71.32,191,27.42,0.78,34.79,26.62,24.03,19.98,14.26
20.73,68.92,148,27.57,0.681,35.02,26.74,23.53,19.61,14.47
22.83,70.87,258,25.96,0.654,34.69,25.48,22.88,18.44,12.82
11.75,65.75,218,28.1,0.748,34.89,27.24,24.39,20.93,15.31
14.39,75.42,90,29.86,0.79,34.48,29.09,26.19,22.71,17.27
10.44,69.99,312,28.2,0.785,34.77,26.9,23.84,20.64,15.55
23.88,61.45,352,26.08,0.648,35.27,25.5,22.73,18.86,13.76
22.83,67.65,10,27.26,0.672,34.78,26.4,23.15,19.21,14.43
16.64,72.86,87,29.16,0.8,34.64,28.08,25.55,21.42,15.5
21.47,73.5,250,25.77,0.655,34.76,24.45,21.51,17.43,11.98
16.34,68.41,326,27.14,0.706,34.93,26.45,23.39,19.66,14.13
17.98,75.21,151,27.56,0.694,34.54,26.58,23.68,19.58,13.54
9.43,64.55,113,29.33,0.787,35.0,28.22,25.21,21.05,15.2
20.08,66.98,30,27.27,0.653,35.01,26.45,24.0,20.12,14.89
10.04,75.28,128,29.78,0.745,34.75,29.07,25.68,21.33,15.99
21.22,75.24,78,28.32,0.614,34.76,27.42,24.59,21.12,15.78
20.51,71.66,55,28.01,0.685,34.87,27.14,24.77,20.68,15.31
19.34,74.6,305,26.78,0.711,34.55,26.09,23.25,19.46,13.45
8.58,61.51,34,29.87,0.768,35.32,28.71,25.88,21.46,15.63
12.85,74.7,105,28.96,0.702,34.54,27.77,24.91,20.79,15.13
12.21,65.45,172,28.53,0.783,34.82,27.06,23.97,19.72,14.46
13.76,63.03,22,28.3,0.724,35.09,27.56,24.86,20.62,15.16
9.4,64.07,287,27.74,0.77,35.18,26.7,23.76,19.2,13.97
22.99,67.11,105,27.91,0.742,34.98,27.2,24.37,20.69,15.78
16.86,64.27,149,28.06,0.719,35.02,27.02,24.33,20.42,14.44
12.89,65.45,272,27.58,0.771,35.01,26.69,23.94,19.27,13.73
14.35,62.29,276,26.87,0.661,35.16,25.76,22.95,18.77,13.23
15.16,65.04,299,26.71,0.628,35.01,25.77,23.22,19.04,13.29
17.61,69.73,172,27.7,0.765,34.78,26.79,24.21,20.27,14.9
16.25,67.51,47,29.12,0.768,34.83,28.39,25.74,21.58,16.94
22.71,65.89,114,28.18,0.771,34.98,27.48,24.91,21.25,15.46
15.95,72.69,275,26.56,0.702,34.68,25.47,23.03,19.31,13.99
23.87,75.19,304,25.28,0.694,34.59,24.6,21.39,18.17,12.36
21.62,72.87,207,26.21,0.636,34.79,25.29,23.3,18.31,12.27
11.34,65.64,242,27.33,0.682,34.95,26.11,23.32,19.77,14.08
22.89,72.66,301,25.85,0.637,34.67,25.14,22.24,18.46,13.04
9.86,62.58,196,28.67,0.723,35.12,27.63,24.82,20.65,15.27
21.08,62.22,164,27.2,0.623,35.37,26.1,22.84,18.64,13.67
14.09,65.88,176,28.46,0.73,34.86,27.36,24.56,20.43,15.01
22.05,73.73,343,26.18,0.687,34.76,25.49,22.41,18.4,12.91
21.89,64.19,271,25.53,0.609,35.0,24.77,21.99,17.67,12.42
20.89,61.08,110,27.77,0.667,35.15,26.99,24.2,19.46,14.04
20.64,62.24,172,26.88,0.671,34.98,26.38,23.36,19.06,13.55
12.87,74.6,352,27.73,0.733,34.8,26.9,23.5,19.29,13.74
9.29,70.77,202,28.4,0.679,34.79,27.29,24.53,20.66,15.35
14.45,64.3,168,28.03,0.804,35.09,26.96,24.06,19.48,14.14
10.78,69.44,102,30.21,0.724,34.67,29.01,26.21,22.36,16.79
19.12,68.97,86,28.25,0.695,34.78,27.26,24.28,19.7,14.63
13.54,71.14,142,29.0,0.785,34.8,27.67,24.58,20.64,15.39
23.61,63.96,337,26.5,0.704,35.03,25.45,22.53,18.65,13.44
18.26,74.69,213,26.89,0.712,34.66,26.1,23.29,19.14,13.36
21.16,65.26,51,27.84,0.678,35.2,27.29,24.65,20.57,14.92
10.12,71.8,112,29.85,0.746,34.78,28.78,25.67,21.85,16.8
21.79,60.27,271,25.56,0.603,35.14,24.58,22.02,17.68,12.49
22.76,66.34,65,27.56,0.684,34.88,26.06,23.41,19.44,13.51
15.79,65.98,344,27.59,0.713,34.88,26.97,24.27,20.03,14.63
17.7,69.24,183,27.36,0.656,34.79,26.17,23.89,20.41,15.19
20.24,61.24,332,26.8,0.604,35.11,25.63,22.3,18.42,12.61
10.8,73.43,10,29.02,0.788,34.67,27.9,25.59,21.08,15.88
16.04,63.7,234,26.91,0.67,35.1,25.95,22.92,19.54,14.06
14.38,71.51,298,27.24,0.717,34.78,26.25,23.46,19.76,14.71
10.34,73.65,244,27.44,0.681,34.67,26.2,23.37,18.79,13.25
13.88,69.55,351,28.07,0.734,34.84,27.15,23.88,19.17,13.23
9.09,72.6,267,27.88,0.799,34.95,26.68,23.93,19.34,14.0
8.41,71.25,118,29.92,0.722,34.68,28.71,26.11,21.62,15.78
10.16,66.04,144,29.29,0.717,34.95,28.15,25.42,21.38,15.71
23.41,73.75,201,26.41,0.626,34.47,25.46,22.21,18.14,12.1
16.79,65.01,239,27.28,0.773,34.96,26.08,22.83,19.02,13.28
23.45,69.71,334,26.0,0.649,34.72,24.95,21.92,17.7,12.6
14.92,72.67,246,26.76,0.708,34.62,25.56,23.09,18.88,13.43
12.99,66.44,346,28.22,0.611,34.82,27.29,24.51,20.46,14.89
16.1,65.15,8,27.97,0.724,34.86,27.09,23.63,19.98,14.22
15.03,67.81,152,28.81,0.72,34.9,27.77,25.53,20.68,15.24
9.69,73.91,211,28.62,0.784,34.71,27.49,25.05,20.85,15.28
18.25,75.81,158,27.38,0.718,34.49,26.7,23.51,19.94,15.16
11.46,69.27,58,29.48,0.738,34.63,28.53,25.54,21.47,15.97
17.91,71.24,86,28.64,0.792,34.76,28.03,25.05,20.83,15.47
18.4,75.36,55,28.12,0.781,34.63,27.1,24.36,19.94,14.25
10.43,61.68,201,27.68,0.761,35.2,26.38,23.56,19.82,14.31
8.98,63.95,122,29.41,0.783,34.94,28.51,25.41,21.12,15.76
20.49,72.05,108,28.31,0.708,34.66,27.43,24.97,20.68,14.9
15.36,74.0,304,26.7,0.68,34.53,25.56,23.25,19.69,14.37
8.93,74.57,132,29.54,0.739,34.54,28.53,25.65,21.13,15.67
23.92,67.06,198,26.32,0.669,34.84,25.38,22.38,18.93,12.74
8.92,61.52,47,29.52,0.732,35.09,28.56,26.17,22.14,16.89
19.12,67.44,228,26.87,0.669,34.88,26.07,22.58,18.49,13.14
23.74,63.92,245,25.4,0.718,35.05,24.55,21.42,17.43,12.0
11.83,64.95,203,28.46,0.736,34.92,27.08,24.51,20.42,14.73
10.28,73.13,261,27.48,0.677,34.66,26.22,23.8,19.49,14.73
9.94,61.28,178,28.61,0.684,35.06,27.83,24.89,20.93,15.25
12.85,74.07,24,28.54,0.722,34.46,27.86,25.69,21.39,14.99
9.62,67.27,175,29.37,0.781,34.96,28.8,25.17,21.24,15.9
19.07,70.13,274,26.35,0.666,34.73,25.53,23.02,19.85,14.31
9.0,61.52,340,28.12,0.712,34.97,26.8,23.97,20.14,14.21
16.15,65.74,261,26.64,0.686,35.03,25.95,22.96,18.79,13.21
23.95,61.52,286,24.73,0.628,35.11,23.87,21.32,17.32,11.8
21.02,76.35,1,26.67,0.698,34.59,25.67,22.71,18.48,12.75
17.84,73.72,86,28.49,0.754,34.69,27.64,24.43,20.26,14.79
12.9,67.81,338,27.49,0.691,34.78,26.85,24.04,19.9,14.5
17.98,63.8,69,28.98,0.734,35.14,28.04,25.16,21.25,15.73
16.43,75.87,31,27.77,0.703,34.38,26.82,23.74,20.0,14.22
14.82,65.86,198,27.23,0.709,34.93,25.94,22.92,19.66,14.3
10.09,62.74,91,30.02,0.816,35.04,28.97,25.93,22.09,16.11
22.19,69.57,349,26.61,0.655,34.74,25.91,22.6,18.06,12.68
15.2,76.04,16,28.14,0.708,34.68,27.15,23.79,19.17,13.77
11.11,60.07,310,28.17,0.683,35.23,27.11,24.55,20.43,14.86
13.88,64.05,276,27.1,0.623,34.9,26.15,22.91,19.21,13.55
14.63,75.95,338,27.84,0.656,34.44,26.64,23.8,19.62,13.75
21.24,62.91,162,27.41,0.652,35.3,26.1,22.72,18.54,12.88
19.74,61.93,192,26.88,0.65,35.08,25.97,23.6,19.86,14.12
20.31,69.69,151,27.61,0.717,34.73,26.69,23.76,19.64,13.84
8.18,74.65,113,30.37,0.738,34.73,29.37,26.83,23.15,17.28
14.66,68.11,273,27.03,0.682,34.7,26.53,24.32,19.62,14.51
15.7,76.91,176,27.91,0.741,34.66,27.21,23.95,20.04,14.77
8.31,71.55,149,29.75,0.729,34.66,28.22,25.16,20.35,15.58
12.16,61.26,178,28.76,0.713,35.2,28.23,25.63,21.64,16.21
20.16,76.88,223,26.24,0.604,34.48,25.49,22.5,18.76,13.48
10.19,66.93,259,27.41,0.654,34.77,26.28,23.54,18.79,13.26
16.56,64.89,273,26.65,0.724,35.02,26.0,23.16,18.15,13.1
11.44,69.48,189,27.81,0.725,34.92,26.25,22.69,18.93,13.41
8.19,65.17,306,28.09,0.799,34.76,26.87,24.25,20.33,15.12
11.86,61.47,90,29.28,0.719,35.03,28.28,25.38,20.84,15.4
23.61,60.02,343,26.5,0.725,35.32,25.7,22.48,18.48,13.53
20.82,67.64,262,26.55,0.637,34.93,25.98,23.63,19.31,13.67
23.35,74.23,156,27.02,0.66,34.68,26.44,23.4,19.23,14.07
15.81,69.73,200,27.07,0.791,34.9,26.24,23.12,18.91,13.38
9.76,76.99,55,29.66,0.726,34.57,28.52,25.11,20.48,14.73
16.77,64.88,254,26.47,0.728,35.02,25.72,23.04,19.3,13.78
15.27,64.77,173,28.3,0.718,35.12,27.21,24.36,19.84,13.66
21.51,62.72,200,26.69,0.628,35.05,25.99,22.66,18.59,13.37
9.57,62.79,102,29.86,0.708,35.09,28.62,25.84,22.0,16.7
15.81,64.85,285,26.68,0.675,35.09,25.77,23.18,18.75,13.82
10.4,73.48,151,28.92,0.693,34.58,27.56,24.85,20.64,14.85
13.19,75.4,111,29.6,0.746,34.73,28.79,26.32,22.01,16.29
19.8,76.58,266,26.53,0.59,34.57,25.55,22.58,19.17,13.29
15.62,63.95,91,28.7,0.745,34.93,27.46,25.11,21.38,15.99
14.01,74.98,177,27.74,0.64,34.58,26.55,23.73,19.93,14.31
14.31,65.58,231,27.04,0.679,34.84,25.99,23.39,20.17,14.43
15.35,61.92,29,28.11,0.658,35.13,26.95,24.5,20.55,15.17
20.56,74.79,301,25.66,0.689,34.57,24.94,22.89,18.65,13.48
22.27,70.81,195,26.18,0.571,34.68,25.29,22.18,17.51,12.04
23.29,62.8,307,25.64,0.628,34.91,25.01,21.98,17.6,11.95
20.59,67.31,239,26.0,0.672,34.83,25.07,22.29,18.26,13.11
13.05,64.88,357,28.19,0.73,34.99,27.31,24.34,20.61,15.03
19.01,72.53,267,25.99,0.6,34.66,25.09,22.05,17.69,12.11
15.0,67.71,214,26.97,0.609,34.75,25.93,22.67,19.2,13.86
12.07,76.82,82,29.57,0.788,34.53,28.32,25.47,20.75,15.04
21.45,60.93,128,27.63,0.694,35.06,26.79,24.19,19.94,14.74
8.61,66.04,262,27.89,0.664,35.05,26.93,24.2,20.26,14.49
22.43,68.19,67,27.43,0.726,34.98,26.46,23.11,19.06,13.38
15.38,68.55,62,28.29,0.696,34.83,27.32,23.99,20.08,14.23
18.2,65.37,133,27.89,0.68,35.14,26.86,24.04,19.99,14.75
18.55,72.4,137,28.14,0.679,34.69,27.62,24.71,20.86,15.77
22.32,74.87,28,27.32,0.659,34.48,26.55,23.63,19.43,13.88
18.19,75.96,211,26.95,0.647,34.68,26.05,23.14,18.92,13.56
17.82,73.69,205,26.9,0.69,34.81,25.88,22.89,18.46,13.07
9.07,74.46,253,27.46,0.756,34.72,26.54,23.71,20.48,15.07
16.29,69.36,38,28.92,0.682,34.75,27.96,25.45,21.32,15.47
10.4,74.04,43,29.8,0.75,34.51,28.71,25.56,21.63,15.94
19.8,65.16,117,28.61,0.722,34.96,27.71,24.99,20.8,15.53
16.2,66.77,190,27.71,0.72,35.18,26.53,23.7,20.23,15.1
18.88,65.39,46,28.34,0.76,34.87,27.73,24.32,20.22,15.0
8.67,67.95,166,28.99,0.733,34.96,28.07,25.01,21.04,15.54
9.36,64.85,305,27.81,0.679,35.0,26.72,23.88,19.43,14.17
19.46,76.35,203,26.58,0.691,34.64,25.67,23.48,20.08,14.12
9.15,65.32,233,27.59,0.632,34.86,26.32,23.29,19.27,13.17
9.14,61.67,245,27.29,0.603,35.11,25.9,22.91,19.53,13.62
8.19,68.96,209,28.56,0.831,34.75,27.27,24.48,20.14,15.49
23.3,60.97,248,25.67,0.608,35.08,25.08,22.25,17.97,13.09
19.8,61.88,295,26.02,0.634,35.2,25.06,21.86,17.55,11.57
13.65,63.73,327,27.29,0.711,34.94,26.5,23.13,18.91,13.35
12.74,67.89,158,28.23,0.731,34.91,27.2,23.78,19.94,14.31
13.6,67.37,1,28.26,0.753,34.91,27.08,24.45,19.54,14.42
20.39,73.59,217,26.37,0.699,34.56,25.36,22.2,18.08,12.77
18.58,72.57,249,26.59,0.61,34.62,25.73,23.64,19.22,13.61
10.96,67.25,69,29.71,0.812,34.94,28.33,25.26,20.81,15.48
10.79,65.67,30,29.39,0.772,34.97,28.17,25.51,21.6,16.33
9.57,65.38,115,29.86,0.781,34.99,28.68,25.44,21.46,15.41
18.56,73.16,8,27.63,0.716,34.65,26.89,24.09,20.33,14.99
20.23,60.89,275,26.25,0.568,35.13,25.43,23.07,19.12,13.62
12.24,60.22,315,27.4,0.683,35.19,26.4,23.45,19.42,13.58
8.34,73.52,335,28.5,0.686,34.8,27.48,24.31,19.99,14.31
9.31,68.11,36,29.37,0.707,34.93,28.48,25.51,21.04,15.63
23.49,62.22,311,25.68,0.621,35.1,24.88,22.0,18.14,12.68
12.73,64.0,44,29.59,0.791,34.93,28.36,25.17,20.97,15.41
20.31,75.85,155,27.89,0.718,34.52,27.06,24.69,20.75,15.16
17.99,74.61,77,28.5,0.743,34.52,27.41,24.55,20.45,14.96
14.11,72.07,78,29.38,0.734,34.64,27.97,25.48,20.57,14.59
11.29,68.2,101,29.31,0.764,34.69,28.29,25.73,21.82,16.84
9.94,68.85,30,29.23,0.739,34.85,28.26,25.9,21.55,15.94
17.84,76.58,39,27.98,0.747,34.74,27.13,23.88,20.12,14.78
20.39,76.42,239,26.28,0.686,34.56,25.51,22.86,18.02,13.01
18.3,63.66,13,27.66,0.706,35.13,26.97,23.97,20.63,15.47
16.48,73.79,122,28.85,0.703,34.74,27.7,24.81,20.47,15.06
8.67,63.35,144,29.87,0.777,35.04,28.69,25.47,21.56,16.03
23.5,63.63,172,26.75,0.682,35.03,25.69,23.54,19.16,13.65
20.78,71.49,247,25.88,0.651,34.6,25.11,22.06,17.73,11.74
12.69,66.89,247,27.21,0.667,34.94,26.43,23.79,19.97,14.1
23.68,75.84,45,27.23,0.661,34.57,26.31,23.1,18.92,13.49
17.63,61.51,253,26.43,0.676,35.05,25.64,22.73,18.58,12.96
17.32,68.7,291,26.47,0.63,34.97,25.38,22.88,19.12,13.17
19.97,75.61,207,26.78,0.663,34.5,26.03,23.3,19.28,13.87
20.99,75.37,7,27.32,0.713,34.87,26.01,22.88,18.96,13.68
18.5,62.66,242,25.92,0.665,35.13,25.31,22.27,17.92,12.77
10.05,66.23,110,29.45,0.707,34.95,28.15,25.34,21.51,16.17
13.41,70.53,114,28.95,0.75,34.97,27.97,25.09,21.03,15.34
22.85,62.71,307,25.79,0.725,34.86,25.25,21.99,18.07,12.77
11.59,76.46,302,27.31,0.716,34.51,26.03,23.06,19.11,13.69
13.95,75.55,276,26.23,0.646,34.53,25.58,22.71,19.06,13.29
14.91,62.84,96,29.74,0.815,35.07,29.18,26.45,22.55,16.76
15.03,62.06,294,26.22,0.745,35.14,25.38,22.81,18.25,13.0
17.81,61.45,189,27.4,0.727,35.12,26.48,23.82,19.48,14.08
23.09,75.46,360,26.8,0.605,34.72,25.95,23.25,19.24,13.81
11.85,63.29,288,27.04,0.706,35.11,26.11,23.37,19.43,13.95
9.94,67.08,154,29.47,0.808,34.97,28.53,25.77,21.14,15.82
11.16,67.63,58,29.23,0.664,34.94,27.77,25.23,20.73,15.08
22.19,70.18,338,26.38,0.699,34.66,25.49,23.15,19.49,13.95
18.33,61.22,50,27.71,0.693,35.17,26.68,23.54,20.22,14.95
12.57,63.85,207,28.17,0.768,35.07,27.0,23.98,19.22,13.73
21.06,75.84,52,27.98,0.707,34.45,26.98,24.43,20.43,14.71
21.78,75.44,342,25.99,0.663,34.67,24.89,21.76,17.68,11.97
21.54,73.28,150,27.79,0.718,34.46,27.25,24.01,20.31,14.82
22.7,60.33,53,28.23,0.746,35.44,27.29,24.22,20.32,14.05
12.04,65.56,213,27.52,0.713,34.97,26.45,23.61,19.84,14.87
20.08,70.68,66,28.21,0.68,34.69,27.27,24.29,19.28,13.72
15.37,64.68,232,26.84,0.665,35.07,25.75,23.03,18.93,13.58
21.47,75.46,299,25.66,0.64,34.64,24.89,21.99,17.53,12.22
19.66,70.78,338,26.45,0.713,34.97,25.5,22.54,18.09,12.67
20.42,61.22,151,27.56,0.716,35.33,26.81,23.45,18.86,12.95
18.5,75.45,205,26.79,0.648,34.45,26.2,23.55,19.55,13.73
10.84,76.28,320,27.63,0.662,34.52,26.34,23.7,19.73,13.78
16.72,61.32,255,26.43,0.689,35.06,25.54,22.64,18.8,13.62
23.75,69.05,137,27.71,0.682,34.91,26.97,24.17,19.91,13.94
23.0,65.16,135,27.83,0.735,35.14,26.77,23.95,20.4,14.7
8.69,66.68,54,29.4,0.75,34.8,28.42,25.86,21.39,16.28
10.64,63.05,65,29.51,0.814,35.07,28.39,25.55,20.87,15.03
10.11,69.83,2,29.1,0.714,34.74,28.34,25.08,21.07,15.61
19.62,76.29,132,28.26,0.775,34.63,27.57,25.26,20.89,15.61
21.08,68.55,334,26.53,0.705,34.9,25.67,23.2,19.32,13.8
11.42,61.41,32,29.19,0.728,35.26,28.09,25.24,20.88,15.43
16.09,70.54,356,27.52,0.661,34.74,26.91,24.13,19.8,14.46
21.45,65.78,360,26.87,0.753,34.96,25.9,23.11,18.75,13.78
19.72,74.55,243,26.08,0.616,34.66,25.25,22.21,17.82,12.04
16.68,67.39,192,27.76,0.715,34.88,26.8,24.28,20.18,14.54
17.45,63.28,142,28.24,0.731,35.1,27.54,24.98,20.98,15.67
16.13,63.25,148,28.42,0.723,35.2,27.71,24.83,20.43,14.87
12.76,73.07,89,29.71,0.792,34.89,28.79,26.09,21.53,15.86
17.04,64.51,49,28.44,0.686,34.97,27.4,24.87,20.97,15.78
19.02,73.04,136,28.19,0.793,34.89,27.26,24.43,20.48,14.31
21.97,63.5,191,26.62,0.636,35.01,25.54,22.41,18.59,13.43
18.18,65.47,149,28.1,0.707,35.07,27.23,24.59,20.07,15.04
20.18,67.91,87,28.27,0.661,34.83,27.24,24.42,19.99,14.43
10.56,76.03,8,28.62,0.77,34.46,28.0,24.79,21.01,15.12
15.38,75.84,223,26.91,0.753,34.69,25.83,23.26,19.52,14.07
8.15,63.52,357,28.76,0.813,35.05,27.85,25.01,20.75,15.39
11.95,66.09,16,29.04,0.787,35.08,28.3,25.34,20.86,14.87
19.62,62.54,296,26.33,0.645,35.17,25.61,23.41,19.03,13.55
23.87,68.67,106,27.31,0.689,34.89,26.4,23.4,18.91,13.99
9.59,67.83,283,27.45,0.681,34.94,26.24,23.12,19.34,14.22
14.42,75.31,104,29.02,0.692,34.7,28.61,25.81,22.0,16.66
20.8,75.81,361,26.53,0.654,34.66,26.06,23.19,19.12,13.74
11.26,66.52,146,29.3,0.785,34.9,28.3,25.24,20.87,15.38
16.88,68.36,35,28.32,0.685,34.91,27.31,24.89,20.44,14.98
19.73,75.24,113,28.96,0.648,34.74,27.9,24.74,20.4,14.87
17.86,73.71,308,26.42,0.613,34.66,25.38,22.66,18.21,12.77
11.01,60.06,53,29.27,0.781,35.15,28.35,25.48,21.47,15.48
13.69,65.44,347,27.52,0.627,34.92,26.98,24.16,20.36,14.21
20.54,67.17,81,28.16,0.696,35.0,27.27,24.77,20.99,15.26
16.87,63.91,104,29.02,0.725,35.02,28.32,26.07,21.62,16.42
8.08,63.39,322,28.39,0.732,35.1,27.45,24.59,20.25,14.92
20.18,60.64,242,27.03,0.69,35.15,26.09,23.51,19.19,13.95
8.56,70.94,31,29.16,0.761,34.88,28.25,25.39,21.69,16.22
19.93,64.46,317,26.35,0.655,35.04,25.68,22.87,18.24,13.11
11.24,60.89,192,28.11,0.676,35.31,27.24,24.54,20.44,15.34
23.33,63.93,357,26.64,0.705,35.18,25.75,22.94,18.49,13.35
13.89,73.63,361,28.45,0.653,34.65,27.59,24.49,20.31,14.61
13.23,74.48,233,27.56,0.728,34.75,26.78,24.32,20.49,15.01
10.38,68.21,98,29.47,0.8,34.84,28.59,25.83,21.6,15.96
12.89,67.07,34,29.13,0.838,34.94,28.33,25.4,20.99,15.94
22.03,76.62,243,25.23,0.597,34.46,24.35,21.36,17.56,12.4
23.94,63.41,59,26.91,0.655,35.12,26.33,23.59,19.54,14.18
13.89,63.66,259,26.88,0.679,35.08,26.14,23.22,19.32,14.02
15.18,64.96,17,28.45,0.723,35.05,27.38,24.58,20.58,15.17
19.55,62.94,78,28.54,0.76,34.95,27.37,24.44,19.85,14.07
22.18,66.45,206,26.97,0.7,34.74,26.46,23.36,19.79,14.61
17.49,75.48,302,26.55,0.652,34.47,25.53,23.18,19.0,14.11
14.26,70.46,166,28.36,0.717,34.83,27.22,24.08,20.32,14.97
14.6,67.0,291,27.21,0.724,34.99,26.26,23.17,18.93,13.39
19.13,75.88,112,28.34,0.67,34.68,27.39,24.76,20.89,15.17
8.05,60.82,317,28.23,0.707,35.13,26.72,23.96,20.27,14.69
17.91,63.57,353,27.4,0.714,35.08,26.66,24.0,20.25,14.37
13.69,69.62,145,28.58,0.685,34.75,27.74,25.05,21.0,15.22
20.71,70.46,156,27.74,0.561,34.92,26.67,23.66,19.42,13.87
9.49,60.67,178,29.53,0.814,35.1,28.43,25.72,21.06,15.66
17.41,66.85,346,27.54,0.695,35.04,26.41,23.37,18.77,12.83
15.7,71.04,136,28.46,0.673,34.73,27.32,24.8,21.14,15.7
18.28,71.87,315,27.25,0.724,34.88,26.22,23.05,18.62,13.6
9.04,70.85,18,29.42,0.744,34.78,28.42,25.31,21.54,16.17
17.28,65.45,351,27.45,0.652,35.0,26.92,23.86,20.13,14.78
16.98,61.59,155,28.17,0.73,35.06,27.15,24.38,20.46,15.08
16.97,67.26,272,26.66,0.672,35.13,25.89,23.04,19.09,13.11
17.66,62.19,266,26.4,0.637,35.21,25.63,22.84,18.28,12.32
18.82,76.11,360,27.28,0.658,34.61,25.95,23.09,18.45,13.13
20.88,68.08,332,26.38,0.62,34.9,25.24,22.42,18.05,12.77
12.32,65.39,16,28.97,0.769,34.92,28.35,25.32,21.88,16.69
21.2,73.03,12,27.52,0.646,34.75,26.57,23.29,19.74,14.65
15.97,68.47,75,28.91,0.705,34.85,28.04,24.77,20.69,15.03
9.23,65.27,212,27.78,0.707,34.99,26.75,23.65,20.07,14.86
8.94,73.8,179,28.94,0.797,34.74,27.42,24.42,19.95,14.73
13.35,74.74,129,28.94,0.743,34.64,27.79,25.36,21.11,16.07
20.56,71.44,283,25.79,0.667,34.74,25.07,21.93,18.46,13.44
19.32,60.8,195,27.01,0.684,35.31,25.93,22.76,19.5,13.88
20.62,69.63,268,25.6,0.674,34.73,24.65,21.27,17.48,11.95
16.28,72.98,30,27.87,0.784,34.52,26.67,23.93,19.2,13.76
15.04,62.32,9,28.22,0.699,35.03,27.07,24.16,20.6,14.85
10.36,63.89,309,27.67,0.701,35.06,26.49,23.25,19.04,13.88
13.25,75.0,310,27.24,0.694,34.67,25.85,22.99,19.18,13.62
14.94,60.34,165,28.47,0.745,35.11,27.72,24.67,20.61,15.46
9.42,72.8,193,28.37,0.727,35.06,27.0,24.53,20.83,15.79
11.53,68.05,305,27.54,0.674,34.9,26.46,23.42,19.34,13.75
17.57,67.6,260,26.8,0.674,34.91,25.72,23.39,20.39,14.36
19.77,60.12,192,26.96,0.776,35.07,26.29,23.46,19.74,14.23
23.97,73.93,79,28.35,0.733,34.5,27.3,24.32,19.71,14.61
22.93,66.12,179,26.85,0.599,34.78,25.87,22.99,18.22,13.12
18.28,69.19,91,28.4,0.706,34.97,27.22,24.46,19.69,14.16
14.74,71.51,215,27.61,0.699,34.86,26.14,23.21,19.35,13.88
18.18,71.94,79,28.61,0.723,34.72,27.8,24.66,20.94,15.4
20.57,76.25,103,28.61,0.725,34.43,27.74,25.07,19.93,14.25
9.89,69.03,111,29.97,0.781,34.81,28.93,26.34,22.73,16.71
14.56,66.8,314,26.99,0.7,35.07,26.17,23.63,19.67,14.32
21.44,76.21,247,26.37,0.671,34.5,25.54,22.65,19.2,13.55
14.14,70.92,234,27.0,0.718,34.67,25.91,23.38,18.89,13.46
17.15,65.07,82,28.16,0.655,34.96,27.28,24.54,20.56,15.26
17.4,62.15,132,28.77,0.723,35.08,27.74,24.79,20.8,15.57
10.95,74.32,235,27.72,0.719,34.7,26.88,23.85,19.44,13.74
13.8,66.16,278,27.32,0.7,34.73,26.24,23.67,19.06,13.27
13.35,71.23,335,27.34,0.664,34.77,26.3,22.97,19.24,13.92
8.42,68.0,99,30.05,0.75,34.81,29.07,26.61,22.6,17.3
8.39,63.38,38,29.56,0.723,35.01,28.92,26.1,22.15,16.48
21.31,70.23,161,27.72,0.741,34.87,26.66,23.61,20.06,14.85
12.37,61.03,117,29.62,0.685,35.03,28.35,25.29,21.17,15.66
16.29,67.03,241,26.81,0.623,34.94,25.8,22.86,18.89,13.16
12.78,69.29,26,28.87,0.753,34.88,27.69,25.03,21.07,15.28
23.05,67.41,136,27.26,0.709,34.96,26.58,23.82,19.87,14.52
12.15,72.73,50,29.52,0.692,34.76,28.52,25.54,20.87,15.45
14.87,74.07,294,27.08,0.707,34.69,25.87,22.86,18.75,13.36
21.96,73.11,298,26.5,0.672,34.75,25.8,23.06,19.43,13.59
21.47,60.66,293,25.99,0.67,35.09,25.5,23.49,19.34,13.17
10.98,63.3,154,29.31,0.752,35.2,28.09,26.03,21.74,16.43
20.84,69.12,220,26.49,0.682,34.72,25.7,23.17,19.46,14.32
15.33,75.89,140,28.49,0.743,34.6,27.08,23.98,19.88,13.9
15.73,74.19,49,29.11,0.762,34.56,28.07,25.42,21.07,15.44
10.14,74.32,142,29.43,0.763,34.46,28.42,25.31,20.87,16.16
9.29,65.15,46,29.6,0.755,34.94,28.48,25.53,21.41,16.08
19.65,67.3,163,27.61,0.695,34.9,26.74,24.31,19.94,14.83
15.94,68.0,285,26.61,0.678,35.02,25.49,22.58,18.84,13.83
14.99,62.68,268,26.61,0.701,35.27,25.88,22.95,18.54,12.9
19.67,60.53,116,28.41,0.801,35.17,27.44,24.39,20.4,15.6
20.25,76.1,82,28.32,0.741,34.42,27.2,24.08,20.15,14.13
10.54,64.09,44,29.39,0.767,34.91,28.31,25.35,21.5,16.16
17.76,64.08,194,27.45,0.742,35.11,26.71,24.06,20.59,15.19
10.17,61.42,258,27.54,0.712,35.21,26.58,23.92,19.28,13.45
20.02,75.78,273,25.83,0.603,34.51,24.85,22.13,18.28,12.55
18.51,69.86,274,25.99,0.62,34.69,25.44,22.98,19.13,13.45
23.31,71.34,278,25.54,0.709,34.85,24.71,21.34,16.8,10.87
9.1,75.5,83,29.8,0.735,34.46,28.36,25.51,21.51,15.59
8.91,65.88,58,29.63,0.782,34.92,28.64,25.54,21.27,15.68
12.51,70.57,53,29.03,0.701,34.82,27.97,25.72,22.18,16.53
12.19,60.66,1,28.47,0.775,34.97,27.42,24.45,20.13,14.43
11.95,63.18,216,28.11,0.695,35.17,27.25,24.62,20.44,15.19
22.5,74.13,317,26.05,0.655,34.87,25.16,22.64,18.38,12.66
11.99,73.04,228,27.82,0.695,34.69,26.72,23.76,19.33,13.91
12.35,65.96,254,27.2,0.706,34.96,25.91,23.34,18.62,13.12
20.15,66.41,159,27.69,0.708,34.95,26.71,24.17,19.74,14.14
15.2,69.07,287,27.25,0.724,34.86,26.32,23.7,19.65,13.74
20.43,60.0,66,28.47,0.75,35.13,27.48,24.45,20.47,14.91
9.05,64.1,309,28.14,0.725,34.92,26.71,23.41,19.64,13.95
15.8,63.54,95,28.95,0.764,35.02,28.11,25.87,22.19,16.98
8.54,64.26,253,27.79,0.732,35.05,26.82,23.87,19.93,14.62
9.0,73.7,150,29.61,0.742,34.55,28.65,26.08,22.3,16.62
22.5,64.75,23,27.11,0.664,34.88,26.09,23.12,19.23,13.46
10.23,63.26,244,26.91,0.739,35.03,25.83,23.59,19.05,13.28
16.52,68.57,215,27.2,0.714,34.72,26.3,23.3,19.35,13.77
14.58,74.72,131,29.23,0.763,34.68,28.36,25.51,21.42,16.23
13.56,64.1,343,27.74,0.67,34.69,26.85,24.72,20.39,15.24
22.4,61.34,148,27.33,0.618,35.03,26.22,22.93,18.83,12.53
8.35,66.06,109,29.99,0.758,35.1,29.22,26.71,22.75,17.71
18.62,72.71,40,27.56,0.679,34.67,26.41,23.56,19.38,13.85
23.41,69.36,121,27.63,0.687,34.84,26.5,23.86,20.16,14.25
16.96,73.89,295,26.2,0.69,34.63,24.67,21.72,17.76,12.24
22.99,76.31,120,27.6,0.759,34.48,26.92,24.53,20.78,15.03
8.84,73.48,18,28.89,0.781,34.77,28.08,24.94,21.35,16.34
14.7,70.26,169,27.89,0.682,34.73,26.77,23.94,19.69,14.01
12.16,68.39,198,27.76,0.724,34.78,26.37,23.79,19.51,13.72
19.69,60.68,143,28.19,0.696,35.24,27.48,24.38,20.75,15.88
23.7,76.73,37,27.21,0.613,34.34,26.14,23.37,18.96,13.58
12.1,66.52,186,27.98,0.706,34.91,27.07,23.9,19.77,14.11
18.47,62.59,261,26.48,0.715,35.04,25.39,22.41,18.12,13.17
11.17,71.33,231,27.67,0.687,34.72,26.53,24.47,19.98,14.87
17.05,64.83,254,25.8,0.677,34.96,24.93,22.49,18.59,12.91
15.42,69.96,329,27.49,0.668,34.84,26.58,23.95,19.74,14.0
23.55,69.98,297,25.58,0.665,34.91,24.8,22.07,17.6,12.13
17.74,67.58,10,27.98,0.7,34.94,27.34,24.03,20.3,14.75
13.59,74.21,324,27.32,0.75,34.6,26.65,23.72,19.09,13.38
9.83,64.5,230,28.33,0.707,35.08,27.61,25.03,20.87,15.36
10.42,67.63,24,29.0,0.718,34.97,27.9,24.91,21.16,16.19
11.61,69.14,78,28.84,0.794,34.87,27.81,25.02,21.29,16.1
12.02,71.28,193,27.92,0.684,34.85,27.15,24.01,20.08,14.7
21.61,73.33,109,28.25,0.726,34.43,27.28,24.09,19.63,14.03
16.98,66.71,280,26.51,0.642,34.93,25.48,23.34,19.31,13.77
16.37,70.98,263,26.53,0.703,34.79,25.58,23.37,19.41,14.11
9.84,62.56,329,27.73,0.754,34.95,26.64,23.74,19.47,14.15
21.76,75.86,363,26.9,0.65,34.59,26.0,22.94,18.99,13.51
19.57,66.51,355,27.06,0.704,35.03,25.98,22.85,18.15,12.98
9.08,72.4,268,27.64,0.725,34.68,26.71,23.97,19.17,13.32
19.33,60.35,341,26.98,0.684,35.25,26.01,23.75,19.39,14.19
16.7,63.49,259,26.59,0.729,35.16,25.67,22.6,18.78,13.46
9.31,68.28,335,28.14,0.775,35.0,27.04,24.21,20.46,14.53
15.33,74.93,85,28.79,0.7,34.72,27.95,25.15,20.54,14.84
15.76,68.96,10,28.45,0.772,34.98,27.58,25.19,21.68,16.63
10.65,75.81,289,28.04,0.731,34.52,26.92,24.14,20.07,14.73
23.13,68.22,302,26.19,0.666,34.83,25.29,22.04,17.32,11.79
21.6,68.34,59,28.19,0.706,34.62,27.32,24.69,20.71,15.31
18.7,62.04,308,25.89,0.588,35.01,24.77,22.02,18.43,12.94
15.4,73.65,262,26.18,0.667,34.78,25.04,21.95,17.66,12.26
14.59,64.2,285,26.67,0.682,34.97,25.79,23.26,19.56,14.34
18.42,75.29,119,28.49,0.804,34.63,27.64,24.64,21.12,16.16
16.73,75.48,168,27.96,0.682,34.6,26.82,24.08,20.0,14.2
9.0,76.04,353,28.66,0.666,34.68,27.54,24.75,20.35,15.2
16.2,68.84,189,27.22,0.639,34.64,25.95,23.04,19.41,13.8
20.9,71.51,251,26.44,0.727,34.77,25.6,22.5,18.86,12.99
15.35,73.23,324,27.57,0.679,34.7,26.53,23.86,19.26,14.15
8.83,62.23,229,27.62,0.753,35.03,26.94,23.69,19.55,13.85
20.58,70.22,190,26.4,0.662,34.89,25.65,23.1,19.28,14.08
11.22,60.58,316,27.59,0.659,35.04,26.35,23.26,19.47,14.3
12.14,68.46,124,29.77,0.843,34.97,28.54,25.27,21.05,16.14
10.64,62.63,84,29.79,0.816,34.88,28.85,26.36,21.88,16.75
13.28,63.11,297,27.18,0.678,34.99,26.34,23.53,20.06,14.95
20.11,66.21,215,26.42,0.702,34.94,25.91,22.49,18.42,13.28
16.31,67.35,237,26.83,0.68,34.93,26.11,23.26,19.09,13.66
11.28,70.59,113,29.91,0.785,34.59,28.95,26.24,21.91,16.81
22.05,61.27,217,26.35,0.731,35.25,25.79,23.12,18.94,13.36
22.07,68.56,321,26.24,0.596,34.93,25.41,22.38,17.65,11.97
21.93,63.1,246,25.35,0.616,35.27,24.51,21.51,17.81,12.49
11.82,69.76,335,28.48,0.725,34.88,27.19,24.38,20.17,15.04
15.22,70.84,319,26.57,0.68,34.69,25.89,23.37,18.42,12.87
23.76,69.46,37,27.4,0.642,34.71,26.62,23.4,18.91,13.29
20.35,72.55,64,28.17,0.752,34.66,27.28,24.03,20.31,14.38
8.43,65.71,219,28.2,0.67,35.19,26.93,24.5,20.35,14.6
9.04,73.01,342,28.64,0.679,34.68,27.79,25.31,20.9,15.19
15.42,67.36,34,28.34,0.71,34.91,27.56,24.43,20.38,15.25
22.55,68.23,39,27.43,0.769,35.01,26.43,23.42,19.2,13.58
16.62,71.02,67,28.46,0.825,34.64,27.61,25.33,21.28,15.92
15.97,60.31,209,27.61,0.718,35.24,26.81,24.22,20.24,14.29
9.69,71.12,318,27.96,0.699,34.81,26.62,23.76,19.33,14.22
18.51,70.52,344,27.19,0.692,34.88,26.41,23.91,19.58,14.15
21.15,65.27,152,27.87,0.72,35.07,27.1,24.1,19.71,13.8
14.09,61.46,199,28.35,0.779,35.14,27.47,24.63,20.25,14.59
20.41,61.55,89,28.88,0.688,35.0,28.41,25.47,21.12,15.39
23.43,75.69,248,25.7,0.689,34.52,25.48,22.85,18.63,13.2
11.26,71.72,323,27.76,0.646,34.82,26.96,24.34,20.0,14.39
16.37,62.16,79,28.76,0.713,35.3,27.86,25.07,21.03,15.44
12.59,66.06,285,27.36,0.691,34.84,26.46,23.76,19.54,13.79
20.69,70.07,330,26.63,0.685,34.67,25.85,23.35,18.97,13.1
17.24,74.2,32,28.02,0.711,34.47,27.56,24.84,19.97,14.72
18.15,60.74,87,28.89,0.744,35.09,28.0,25.2,20.73,15.53
20.77,64.02,39,28.13,0.716,35.13,27.19,24.46,20.21,14.51
14.34,75.13,101,28.9,0.676,34.73,28.01,25.54,21.82,16.47
22.64,60.16,244,25.81,0.667,34.99,25.41,22.29,18.17,12.4
16.53,63.42,232,26.8,0.706,34.94,25.65,22.93,18.22,12.96
10.53,76.3,68,29.72,0.815,34.41,28.52,25.05,20.99,15.45
19.13,70.43,192,26.85,0.749,34.7,25.81,22.85,18.57,12.84
20.69,64.45,28,27.1,0.7,35.0,26.0,23.71,19.84,14.04
13.07,61.14,270,26.82,0.731,35.11,25.61,22.5,17.82,12.65
21.71,60.48,226,25.86,0.646,35.23,25.2,21.89,18.27,12.35
22.5,64.16,77,28.1,0.655,34.84,27.31,24.2,20.28,14.75
12.43,74.99,223,27.68,0.739,34.55,26.39,23.73,19.55,13.47
23.74,67.07,167,27.05,0.711,35.05,26.38,23.49,18.77,12.98
10.25,72.25,284,27.06,0.682,34.85,26.06,22.91,18.23,12.35
11.23,75.61,192,27.98,0.707,34.74,27.12,24.63,20.8,14.57
10.95,66.94,89,29.57,0.776,34.96,28.39,25.63,21.85,16.19
22.3,63.25,32,27.49,0.681,35.0,26.41,23.22,19.54,13.94
18.47,68.79,137,28.18,0.733,34.87,27.4,24.47,21.04,15.18
10.43,75.44,156,29.26,0.711,34.84,28.35,26.13,22.33,16.65
15.05,73.67,250,27.13,0.652,34.6,25.93,23.02,19.08,13.51
17.84,61.12,95,28.42,0.67,35.34,27.55,24.2,21.06,14.99
9.34,71.77,17,28.86,0.825,34.49,27.64,24.87,20.55,15.06
22.12,69.72,117,28.01,0.713,34.87,27.36,24.62,20.48,15.16
20.86,75.43,333,26.42,0.711,34.65,25.69,23.23,18.52,13.1
16.08,62.08,311,27.05,0.638,35.15,26.33,23.4,19.55,14.14
23.47,69.08,10,26.89,0.669,34.88,25.91,23.21,19.02,13.48
14.68,74.95,80,29.7,0.783,34.65,28.57,25.76,21.41,16.01
23.75,66.97,134,27.05,0.74,34.98,26.17,23.3,18.96,13.78
18.69,68.19,203,27.23,0.663,34.84,26.22,23.49,19.07,14.32
18.15,61.2,116,28.63,0.713,35.12,27.79,25.11,20.94,15.13
10.66,64.73,220,27.46,0.662,34.87,26.18,23.51,18.83,13.08
22.11,65.52,253,25.14,0.619,35.05,24.61,22.07,17.43,11.64
14.84,76.07,169,27.91,0.667,34.69,27.28,23.76,19.22,14.1
10.6,64.81,335,28.38,0.664,35.18,27.53,24.25,19.91,14.87
8.2,67.83,316,28.4,0.732,34.8,27.39,24.58,20.3,15.03
16.96,71.41,205,27.16,0.712,34.57,26.2,23.38,18.46,12.56
16.44,62.76,298,26.53,0.62,35.13,25.62,22.5,18.19,12.6
19.51,68.27,248,25.93,0.621,34.75,24.89,21.98,17.54,12.15
22.24,72.56,71,27.93,0.704,34.75,27.13,24.03,20.24,14.85
9.27,74.74,156,29.2,0.814,34.39,28.17,25.44,20.98,16.06
19.7,70.65,102,28.94,0.625,34.88,27.89,24.81,21.11,15.93
11.0,71.37,13,28.45,0.741,34.76,27.71,24.9,21.5,16.3
21.73,62.15,271,25.86,0.673,34.92,25.0,22.47,18.83,13.21
21.11,76.08,292,26.42,0.634,34.59,25.36,22.28,17.79,12.41
16.65,62.25,220,27.21,0.672,35.12,26.22,22.99,19.09,13.1
19.36,73.17,15,27.26,0.701,34.73,26.25,23.17,18.69,13.21
13.03,64.5,238,26.8,0.673,35.1,25.62,22.52,18.09,12.64
15.54,75.87,117,29.04,0.809,34.32,28.38,25.49,21.08,15.21
21.15,72.24,331,26.41,0.666,34.66,25.56,22.21,18.17,12.58
15.35,72.81,56,29.25,0.782,34.68,28.49,26.08,21.63,16.57
13.72,63.72,351,28.02,0.729,35.02,27.1,23.86,19.77,14.26
15.91,67.53,132,28.59,0.755,34.86,27.72,24.44,20.84,15.53
21.25,70.5,226,26.03,0.62,34.89,25.17,22.38,17.84,13.06
13.36,73.09,308,26.81,0.682,34.5,25.71,22.83,18.09,12.45
10.78,61.77,222,27.87,0.703,35.1,27.06,24.62,20.27,15.02
19.39,76.36,173,27.07,0.653,34.52,26.3,23.4,19.87,14.31
21.22,75.13,340,26.79,0.711,34.58,25.9,22.96,19.13,13.96
9.61,64.6,285,27.76,0.622,34.92,26.87,24.25,19.81,14.3
11.84,73.99,309,27.61,0.752,34.85,26.86,24.27,19.75,14.57
10.27,68.81,157,28.77,0.644,34.95,27.77,24.37,20.4,15.31
13.57,67.85,151,28.74,0.726,35.11,28.04,25.2,21.14,15.58
15.21,65.35,185,27.75,0.74,35.05,26.68,24.46,20.6,15.42
19.98,69.88,178,27.33,0.642,34.88,26.27,23.26,18.7,12.68
18.42,72.41,21,28.02,0.728,34.7,27.04,24.22,20.09,14.63
17.93,66.99,112,28.48,0.737,35.08,27.57,25.0,21.26,16.16
13.64,70.7,171,28.25,0.73,34.83,27.55,24.83,21.18,16.4
21.46,71.89,138,28.02,0.697,34.71,27.09,23.93,19.33,13.45
15.54,72.09,233,26.61,0.65,34.9,25.72,22.88,18.74,12.9
23.67,60.88,332,25.78,0.581,35.03,25.19,22.03,17.82,12.16
18.15,74.62,30,28.07,0.708,34.54,27.25,24.07,19.64,14.19
10.02,67.79,307,27.96,0.745,35.17,26.78,24.24,19.85,14.15
18.82,64.46,161,27.52,0.677,35.09,26.36,23.78,19.91,14.67
13.2,64.11,78,29.93,0.752,34.77,29.15,26.81,22.41,16.82
18.98,68.21,278,25.75,0.706,34.97,24.64,22.06,17.91,12.2
9.11,75.08,320,28.46,0.717,34.49,27.29,24.38,20.48,14.67
10.8,66.43,21,29.36,0.765,34.89,28.31,25.12,21.72,16.24
21.69,72.75,363,26.48,0.686,34.95,25.88,23.46,19.48,14.12
11.63,61.65,143,28.72,0.725,35.3,27.87,25.2,21.39,16.16
21.39,68.09,36,27.9,0.734,35.08,27.08,24.45,20.46,14.84
12.47,76.86,303,27.17,0.725,34.46,26.38,23.69,19.5,14.15
18.29,73.1,214,26.54,0.702,34.65,25.91,23.41,19.22,14.2
19.11,63.58,32,28.51,0.766,35.08,27.51,24.17,20.03,14.89
16.2,68.52,186,27.34,0.607,34.95,26.3,23.14,18.18,12.56
12.88,63.97,174,28.22,0.67,35.01,27.35,24.26,20.02,14.73
11.4,66.96,54,29.27,0.727,35.11,28.56,25.8,21.88,16.32
8.53,73.26,161,28.51,0.694,34.72,27.27,24.28,19.89,14.26
12.86,73.11,250,27.2,0.657,34.82,25.81,23.32,19.8,14.02
18.45,63.88,251,26.05,0.687,34.97,25.27,22.42,18.37,13.4
23.01,75.68,279,25.8,0.648,34.53,25.25,23.12,18.97,13.26
21.94,70.07,171,27.43,0.687,34.82,26.61,24.28,20.52,14.97
20.26,66.46,183,27.22,0.678,34.9,26.87,24.08,20.2,14.13
20.62,68.53,2,27.22,0.671,34.96,26.19,22.94,19.3,14.13
18.64,70.29,194,27.22,0.677,34.9,26.16,23.53,19.96,14.45
12.16,69.52,166,28.5,0.781,34.8,27.31,24.09,20.58,15.43
22.52,68.27,247,25.56,0.566,34.94,24.75,21.68,17.76,12.36
18.73,68.58,244,26.74,0.723,35.06,25.86,22.88,18.36,12.9
16.97,63.0,110,29.01,0.832,35.18,27.92,24.88,20.68,15.44
9.78,73.82,323,28.0,0.761,34.71,27.14,24.43,20.98,15.48
15.15,69.21,71,29.23,0.707,34.96,28.31,25.56,21.56,15.51
15.37,62.23,164,28.25,0.698,35.28,27.07,23.92,19.65,14.23
21.83,73.02,285,25.8,0.685,34.83,25.08,22.15,17.83,12.67
16.75,75.85,113,28.98,0.73,34.56,27.95,24.68,20.15,14.39
14.09,76.1,228,26.62,0.648,34.65,25.64,22.94,19.2,13.07
23.63,66.27,301,25.86,0.642,34.92,25.23,21.85,17.57,11.85
9.77,62.3,16,29.31,0.704,35.1,28.43,25.5,21.01,15.61
14.76,68.81,31,28.36,0.716,34.9,27.56,24.51,20.06,14.21
8.67,61.91,162,29.69,0.712,34.98,28.59,25.9,20.75,15.22
19.84,75.88,306,25.54,0.665,34.6,24.46,21.39,17.57,12.19
22.69,63.12,193,26.69,0.637,35.01,25.8,22.72,18.53,12.77
12.48,64.3,210,27.79,0.706,34.91,26.77,24.03,19.44,14.33
21.73,66.91,232,25.94,0.631,35.0,25.41,22.73,19.18,13.89
12.68,66.51,184,28.27,0.733,34.91,27.14,23.96,19.88,14.08
22.57,73.51,15,27.3,0.722,34.68,26.51,23.82,18.83,13.54
20.06,67.76,305,25.62,0.65,34.87,24.49,22.4,18.59,12.85
20.88,62.9,209,26.84,0.647,35.02,26.05,23.08,18.58,12.92
8.29,64.54,172,29.05,0.719,35.03,27.93,24.7,20.84,15.35
23.4,68.65,266,25.8,0.739,34.72,24.97,22.11,18.22,12.96
19.63,62.51,20,27.85,0.744,35.09,27.14,23.85,19.8,14.29
12.88,70.4,70,29.26,0.74,34.98,28.1,25.15,20.55,15.18
21.27,69.62,8,27.15,0.662,34.7,26.58,23.59,19.0,13.93
12.5,72.15,34,28.98,0.682,34.86,27.8,25.17,21.05,15.62
21.96,75.94,224,26.6,0.713,34.77,26.03,22.65,18.17,12.48
9.8,75.51,179,28.46,0.695,34.5,27.06,23.74,20.12,14.83
19.26,76.08,246,26.11,0.696,34.59,25.28,22.55,18.41,12.74
16.65,64.16,260,26.06,0.685,34.9,25.24,22.56,18.05,12.47
9.54,62.24,108,29.96,0.823,34.97,28.79,25.24,21.54,16.21
11.87,65.14,242,27.21,0.717,35.01,26.22,23.82,18.95,13.63
8.2,75.22,24,29.3,0.741,34.63,28.11,25.5,21.35,15.8
15.5,76.52,216,27.67,0.701,34.48,26.79,23.73,19.86,14.26
12.82,74.61,55,29.0,0.741,34.5,28.03,25.19,20.68,15.72
17.57,61.87,26,28.04,0.7,35.05,27.55,24.11,19.84,13.68
12.76,76.11,281,26.96,0.614,34.64,25.66,23.06,18.69,13.3
12.8,67.2,292,27.02,0.594,35.0,26.04,22.99,18.44,12.94
19.89,60.16,327,27.32,0.72,35.26,26.35,23.38,19.32,13.69
8.77,67.52,186,28.29,0.712,34.86,27.21,24.32,20.56,15.15
22.45,60.78,12,27.27,0.727,35.06,26.41,23.91,20.61,14.82
21.64,69.25,129,28.64,0.714,34.96,27.72,25.0,21.21,15.32
18.68,65.76,208,27.21,0.686,35.13,26.2,23.25,19.04,13.85
17.49,68.05,133,28.49,0.762,34.83,27.71,24.65,20.99,15.29
22.28,70.42,339,25.99,0.712,34.77,25.08,22.29,17.74,12.2
10.97,74.77,196,28.67,0.717,34.46,27.61,24.72,20.41,14.23
9.26,71.25,262,27.92,0.667,34.8,26.86,23.95,20.23,14.21
11.83,67.38,282,26.78,0.722,35.11,25.59,22.73,18.37,12.94
20.71,73.93,103,28.17,0.704,34.74,27.43,24.5,20.42,15.24
8.55,75.39,120,29.61,0.739,34.81,28.31,24.97,20.59,14.88
17.32,62.04,183,26.73,0.656,35.08,25.9,23.05,18.87,13.86
23.93,69.04,9,26.43,0.634,34.71,25.71,22.88,18.75,13.64
21.69,64.84,45,27.82,0.735,35.16,26.94,24.12,20.21,14.97
16.34,60.8,244,26.88,0.623,35.19,25.7,22.59,18.56,13.38
9.02,71.37,270,27.55,0.701,34.66,26.45,23.36,19.55,14.44
21.3,74.67,112,28.54,0.736,34.8,27.48,25.1,21.16,15.51
17.58,62.77,55,28.85,0.711,35.03,27.89,24.82,20.64,14.99
9.84,73.81,15,28.99,0.803,34.54,28.07,25.32,20.97,15.68
9.5,74.51,37,29.41,0.788,34.68,28.32,25.19,20.72,14.85
22.55,75.54,178,27.02,0.663,34.45,26.45,23.05,17.86,12.46
18.71,64.51,127,28.37,0.717,35.12,27.52,24.63,20.49,15.12
21.27,75.37,117,27.67,0.736,34.47,26.97,24.28,19.72,14.43
22.06,65.45,340,26.3,0.662,35.01,25.61,22.67,18.22,12.9
17.15,69.39,72,28.96,0.795,34.86,28.31,24.81,20.59,14.7
16.28,60.86,352,27.89,0.729,35.19,26.67,23.14,18.83,12.82
14.89,60.75,111,29.39,0.762,35.04,28.3,25.76,21.88,16.4
13.07,72.25,149,28.99,0.75,34.69,27.98,25.1,20.94,16.17
14.95,67.56,185,28.34,0.846,35.04,27.52,24.78,21.33,15.54
20.38,64.36,105,28.44,0.682,35.01,27.6,24.83,21.6,16.01
17.63,63.24,147,28.22,0.673,34.96,27.29,24.11,19.88,14.47
22.28,71.39,221,26.56,0.657,34.7,25.93,23.03,18.59,12.93
15.09,60.01,314,27.23,0.743,35.07,26.18,22.8,18.0,12.69
17.71,73.7,351,27.65,0.601,34.43,26.64,24.13,20.76,15.47
18.1,61.35,6,27.25,0.611,35.13,26.44,23.73,19.34,14.3
17.47,63.26,260,26.16,0.639,35.08,25.7,23.11,18.79,13.46
19.24,66.57,299,25.98,0.734,35.01,25.08,22.6,18.22,12.62
11.8,68.24,349,28.16,0.716,34.92,26.99,24.02,19.79,14.55
16.2,66.03,42,29.11,0.697,35.02,28.04,24.97,20.68,15.17
9.67,65.45,259,27.25,0.72,34.98,26.09,23.19,19.43,13.81
14.15,76.39,271,27.15,0.751,34.76,26.42,23.92,18.72,13.1
15.8,70.91,47,28.34,0.695,34.68,27.3,23.98,19.81,14.16
18.44,60.4,85,29.26,0.766,35.15,28.41,25.54,21.72,16.55
23.21,67.31,174,26.41,0.669,35.07,25.58,22.99,18.61,13.43
17.61,74.88,58,28.79,0.757,34.57,27.6,24.81,20.95,15.53
19.9,65.12,199,27.14,0.666,34.98,26.2,23.68,19.62,13.99
16.1,61.61,209,27.44,0.718,35.18,25.99,22.67,18.28,12.84
18.15,72.89,248,26.13,0.687,34.8,25.25,22.73,17.91,12.19
9.13,70.3,211,27.95,0.737,34.8,26.95,23.89,19.95,14.43
12.07,69.7,39,29.52,0.691,34.72,28.31,24.84,20.86,14.91
13.79,60.91,252,27.33,0.633,35.12,26.22,23.3,18.91,13.37
15.56,62.39,131,29.11,0.716,35.16,27.87,24.76,20.96,15.73
8.73,70.58,291,28.09,0.723,34.75,26.54,23.63,19.34,13.68
10.24,63.53,250,27.1,0.705,35.01,25.73,22.42,18.73,13.54
12.43,68.57,52,28.8,0.692,34.76,27.9,25.02,21.04,15.72
23.54,69.26,14,26.75,0.686,34.95,25.88,22.87,19.36,13.99
13.3,64.82,156,28.59,0.766,35.0,27.62,25.33,21.38,15.71
15.71,76.12,30,28.26,0.745,34.54,27.7,24.88,20.79,15.02
11.14,74.32,90,29.81,0.746,34.7,28.95,26.15,21.3,16.1
17.77,72.28,167,28.19,0.701,34.57,27.37,24.45,20.37,14.52
12.49,61.33,351,27.95,0.657,35.15,26.82,24.37,20.17,14.56
11.31,61.8,69,29.37,0.821,35.28,28.63,25.86,22.41,16.98
16.27,68.38,163,28.4,0.741,34.86,27.69,25.28,21.26,16.49
8.09,62.73,242,27.88,0.642,35.11,26.94,24.43,20.65,15.36
8.12,76.63,52,29.95,0.818,34.55,28.83,25.81,22.27,16.57
11.51,62.69,142,29.14,0.771,35.2,27.91,25.24,21.68,16.17
8.59,68.29,63,30.07,0.82,34.89,29.27,26.6,22.47,16.9
9.73,66.19,292,27.3,0.667,35.2,26.38,23.83,20.59,15.18
13.42,70.87,91,29.6,0.741,34.79,28.55,25.8,21.5,16.3
20.84,62.19,152,27.67,0.667,35.07,26.75,23.51,19.94,14.26
17.15,67.32,157,27.91,0.792,35.06,26.73,23.82,19.42,13.98
16.2,64.67,309,26.94,0.658,34.99,26.14,23.34,19.59,14.38
12.7,75.09,150,28.7,0.693,34.54,27.71,24.89,20.4,14.54
22.91,60.69,328,25.83,0.619,35.05,25.09,22.63,18.77,13.23
14.35,75.53,271,26.49,0.652,34.63,25.68,22.66,18.22,12.61
9.39,74.16,69,29.39,0.814,34.59,28.45,25.58,21.06,15.56
17.87,65.06,116,28.77,0.744,34.92,27.67,24.78,20.3,14.13
9.82,73.42,192,28.88,0.786,34.61,27.8,25.11,21.21,15.5
13.52,60.53,4,28.12,0.725,35.14,27.19,24.87,20.97,14.84
16.12,76.44,75,28.7,0.724,34.63,27.84,25.16,21.26,15.44
21.99,68.95,298,25.26,0.586,34.89,24.1,21.48,17.47,12.01
15.9,65.16,241,26.15,0.718,34.98,24.99,21.82,17.53,12.15
19.24,66.16,30,28.13,0.753,35.01,27.36,24.02,19.63,14.01
23.89,61.13,143,26.78,0.717,35.14,26.11,23.32,18.81,12.68
10.1,76.82,326,27.59,0.735,34.55,26.84,23.92,19.38,13.7
12.4,60.67,183,28.42,0.694,35.11,27.07,24.36,20.75,14.87
14.31,71.13,16,28.41,0.733,34.69,27.59,24.54,20.02,14.44
14.75,67.53,111,29.22,0.79,34.91,28.31,25.83,21.36,15.89
14.58,76.13,360,27.91,0.745,34.57,26.71,23.48,18.98,13.0
22.52,64.18,201,26.34,0.666,35.13,25.16,22.26,17.63,12.02
19.42,69.05,107,28.1,0.792,34.89,27.4,24.38,20.41,14.25
17.73,68.2,162,27.77,0.724,34.82,26.64,24.11,19.8,14.24
12.95,71.95,283,26.99,0.732,34.59,25.7,22.77,18.6,13.04
21.18,61.16,269,25.26,0.636,35.24,24.49,21.5,17.36,11.4
23.28,63.29,155,27.02,0.666,35.1,26.2,23.39,19.41,13.48
21.14,63.65,73,28.06,0.751,35.15,27.32,24.2,20.14,15.17
8.03,72.55,197,28.49,0.754,34.74,27.46,24.58,20.95,15.55
18.18,63.22,243,26.33,0.674,35.25,26.09,23.21,18.84,13.13
8.82,69.75,86,30.27,0.744,34.79,29.31,27.31,22.97,17.37
12.12,63.66,287,27.45,0.734,35.06,26.54,23.54,19.4,13.55
8.95,74.65,259,28.15,0.683,34.69,26.87,24.0,19.87,14.44
17.66,76.02,286,25.93,0.679,34.65,25.31,22.54,17.84,12.31
18.99,68.81,149,27.88,0.663,34.88,26.88,24.13,19.4,14.12
9.83,65.99,355,28.89,0.703,34.8,27.62,25.08,20.93,15.74
14.14,63.98,190,27.4,0.704,34.86,26.36,24.09,20.54,15.44
15.3,60.85,217,26.88,0.7,35.13,25.99,22.9,19.4,14.16
13.9,64.56,355,27.72,0.71,35.02,26.63,23.91,19.36,13.79
9.94,71.12,86,30.52,0.764,34.57,29.26,26.33,22.06,16.15
14.7,69.07,216,27.05,0.726,34.83,25.88,23.12,19.08,13.5
20.02,76.05,320,26.68,0.676,34.62,25.84,23.34,19.36,13.85
9.14,66.74,118,29.9,0.775,34.92,28.91,26.51,22.02,16.64
9.28,71.8,87,29.66,0.754,34.76,28.69,26.08,22.66,16.99
13.68,68.32,40,29.75,0.734,34.93,28.43,25.66,21.33,15.47
23.07,68.71,161,27.23,0.732,34.69,26.25,23.69,19.74,14.31
18.7,64.55,191,27.33,0.664,35.08,26.61,23.53,19.3,14.52
18.86,67.73,25,28.03,0.779,34.82,27.04,23.94,19.71,14.64
13.79,68.0,152,28.87,0.703,34.86,27.91,25.11,21.31,16.17
17.5,72.01,95,29.42,0.765,34.65,29.01,26.48,22.77,17.16
8.16,75.99,46,30.37,0.784,34.67,28.8,25.82,21.99,16.26
18.18,65.6,138,28.03,0.706,34.86,27.08,24.17,19.72,14.45
22.61,60.72,288,26.25,0.685,35.31,25.56,22.13,17.49,12.37
17.8,68.44,353,27.07,0.714,35.1,25.95,23.81,20.78,15.2
21.98,69.26,164,27.38,0.713,34.67,26.51,23.58,19.61,13.93
19.58,62.86,16,27.15,0.642,35.03,26.02,22.38,17.92,12.26
9.93,72.93,18,29.39,0.705,34.74,28.42,25.62,21.9,16.46
22.44,76.74,136,27.6,0.649,34.43,26.64,23.96,19.49,13.97
9.06,76.08,247,27.42,0.683,34.53,26.24,23.33,20.01,14.52
16.54,63.35,248,26.99,0.764,35.08,26.22,23.07,18.8,13.68
10.27,74.88,331,28.43,0.721,34.53,27.46,24.87,21.12,15.88
8.19,71.98,198,29.1,0.827,34.73,28.17,25.5,21.38,15.83
14.75,67.72,1,27.55,0.695,34.99,26.92,24.23,19.52,14.02
12.72,69.19,190,28.61,0.735,34.82,27.6,24.5,20.01,14.81
15.78,74.44,294,26.62,0.692,34.52,26.07,23.05,18.64,13.3
17.24,68.16,45,29.07,0.73,34.99,28.17,25.2,20.83,15.82
8.7,66.34,337,28.53,0.735,35.09,27.68,24.69,20.67,15.37
9.97,68.39,32,29.41,0.684,34.9,28.32,25.67,20.59,15.17
16.94,69.85,118,28.74,0.697,34.71,27.96,25.0,20.97,15.33
13.49,63.21,296,27.06,0.615,34.98,25.96,22.87,17.98,12.01
19.67,75.32,184,27.02,0.709,34.35,26.4,23.67,19.71,14.53
18.44,71.46,191,26.94,0.624,34.68,26.26,24.16,19.74,14.56
21.53,70.77,235,25.92,0.704,34.88,25.03,21.94,17.89,12.8
19.08,61.69,238,26.72,0.686,35.06,25.85,22.79,18.16,12.29
14.88,70.27,216,26.89,0.715,34.69,25.72,22.83,18.48,13.09
18.77,62.06,74,28.93,0.712,35.22,28.22,25.59,20.67,14.97
12.41,61.34,111,29.51,0.71,35.26,28.65,25.96,21.37,15.84
12.9,68.96,103,29.67,0.746,34.79,28.41,25.5,21.96,15.99
20.62,66.85,359,27.23,0.73,34.98,26.8,23.8,20.27,14.57
15.14,70.01,74,29.35,0.835,34.71,28.46,26.17,21.57,16.04
20.77,61.52,252,25.97,0.67,35.11,25.06,22.57,18.34,12.95
21.16,67.33,114,28.15,0.662,34.72,27.53,25.22,21.31,16.03
21.72,62.97,313,26.27,0.619,35.12,25.32,22.72,18.66,13.63
22.67,76.78,330,25.81,0.585,34.52,25.24,22.42,18.09,12.56
14.9,69.54,339,27.09,0.677,34.75,25.87,23.15,18.43,12.79
13.1,71.69,238,27.12,0.672,34.72,26.05,23.76,20.01,14.61
17.32,65.53,173,27.88,0.701,34.96,26.93,24.24,19.93,14.53
13.94,61.61,79,29.86,0.723,35.05,28.75,25.37,20.61,14.78
17.62,76.59,93,28.77,0.686,34.58,27.7,25.27,21.16,15.29
19.29,64.87,50,28.82,0.738,34.98,27.83,25.4,21.17,16.36
19.01,67.2,285,26.32,0.679,34.9,25.32,22.85,18.55,13.13
13.99,71.05,223,27.19,0.638,34.61,26.1,22.88,18.83,13.57
10.67,60.42,81,30.13,0.793,35.17,29.35,26.56,22.38,17.05
14.89,73.77,266,26.7,0.709,34.63,25.81,23.26,19.61,14.25
10.28,69.12,155,29.28,0.655,34.75,28.19,25.37,20.9,15.78
22.24,64.73,233,25.55,0.699,35.06,24.86,22.13,17.72,12.89
13.53,61.05,316,26.82,0.703,34.95,25.79,23.11,19.32,13.99
10.47,62.76,236,27.84,0.743,35.04,26.61,23.49,20.39,14.93
8.41,75.22,159,29.74,0.721,34.62,28.31,25.59,22.43,17.23
18.33,71.66,316,27.14,0.716,34.94,26.42,23.27,19.46,13.89
18.19,64.25,251,26.12,0.69,34.89,24.76,21.88,17.64,11.78
13.45,61.12,314,27.7,0.675,35.16,26.39,23.38,19.06,13.76
9.15,71.74,301,28.15,0.746,34.79,27.16,24.55,20.29,14.52
14.55,69.73,282,26.68,0.665,34.82,25.69,23.06,18.26,12.53
12.98,66.88,102,29.85,0.741,34.8,29.12,26.42,22.59,16.71
18.83,66.18,51,28.58,0.72,34.9,27.55,24.77,21.2,14.95
17.69,63.69,52,28.83,0.741,34.81,28.05,25.31,21.16,15.26
13.83,71.38,209,28.25,0.705,34.75,27.21,24.96,21.7,16.23
11.49,76.5,307,27.8,0.672,34.4,26.86,24.42,21.41,16.27
23.81,62.99,131,26.92,0.693,35.13,26.15,23.01,19.27,13.61
15.26,70.15,270,26.81,0.697,34.73,25.94,22.93,18.56,12.85
19.01,67.21,205,26.42,0.669,34.84,25.57,22.67,18.23,12.71
10.25,67.59,219,28.0,0.645,34.91,26.99,24.09,20.3,14.78
15.77,64.32,257,26.71,0.648,35.05,25.53,22.46,18.78,13.26
8.44,74.03,185,28.71,0.697,34.73,27.61,24.94,20.58,15.39
16.09,68.25,145,28.2,0.785,34.84,27.36,24.45,19.89,14.3
23.42,69.24,178,26.62,0.673,34.82,25.8,23.03,18.24,12.6
14.15,65.18,14,28.26,0.707,34.85,27.25,23.88,19.36,13.87
8.62,63.09,246,27.8,0.682,35.22,26.32,23.0,18.74,13.43
8.5,61.46,187,28.86,0.731,35.05,28.06,25.03,21.37,16.73
14.21,72.14,337,27.69,0.731,34.79,26.42,23.74,19.41,14.43
10.56,63.34,259,27.36,0.618,35.14,26.17,23.5,18.18,12.75
8.37,71.73,354,29.1,0.752,34.77,27.83,25.26,20.9,15.24
20.1,66.64,40,27.94,0.688,34.91,27.12,24.06,19.83,14.3
15.34,67.07,89,29.38,0.769,34.88,28.47,25.79,21.55,15.85
12.63,67.98,125,29.22,0.778,34.87,28.32,25.89,20.76,15.32
22.4,66.25,351,27.38,0.663,34.76,26.69,24.13,19.9,14.49
9.86,61.71,9,29.05,0.687,35.13,28.31,25.08,21.51,16.19
23.29,65.26,350,26.89,0.665,35.14,26.01,23.51,19.23,13.14
13.02,71.28,84,29.23,0.798,34.73,28.04,25.24,20.87,15.11
22.21,71.32,21,27.16,0.718,34.74,26.28,23.55,19.14,14.08
17.65,64.87,281,26.29,0.643,34.9,25.14,23.07,19.03,13.2
21.23,67.82,358,27.61,0.673,34.91,26.69,23.93,19.22,13.49
23.74,63.29,172,26.79,0.651,34.99,25.67,23.04,18.49,12.89
12.61,63.58,25,28.56,0.675,35.14,27.37,24.56,20.91,15.83
23.38,60.39,103,28.26,0.749,35.3,27.11,24.16,20.33,15.03
14.23,75.24,190,27.93,0.747,34.73,27.17,24.41,20.09,14.51
14.17,63.58,236,27.05,0.666,34.91,26.08,23.12,19.21,13.57
13.45,63.87,313,27.06,0.662,35.12,26.43,23.64,19.17,13.47
16.66,64.75,37,28.56,0.699,35.07,27.84,24.9,20.42,14.55
10.47,62.17,272,27.75,0.684,35.07,26.92,23.45,18.97,13.23
16.86,70.87,293,26.77,0.644,34.88,25.8,22.83,18.1,13.13
16.67,61.28,332,26.91,0.671,35.19,26.06,23.51,19.38,14.32
20.19,62.28,152,27.48,0.726,35.25,26.42,23.71,20.41,14.81
21.34,70.96,282,24.61,0.636,34.63,23.65,20.76,15.86,10.21
15.05,65.77,20,28.06,0.678,34.9,27.09,24.28,20.85,15.69
12.84,72.04,137,29.01,0.746,34.73,27.64,24.52,19.34,13.66
12.15,69.48,359,28.24,0.743,34.94,27.1,24.02,20.12,14.82
11.11,64.35,29,29.03,0.703,35.07,28.13,25.28,20.43,14.6
8.92,71.06,31,30.31,0.785,34.66,29.11,26.16,22.26,16.81
13.48,61.98,19,28.71,0.78,35.3,27.55,24.44,20.01,14.37
12.32,69.12,148,28.65,0.72,34.81,27.54,24.66,20.85,15.49
23.46,67.43,283,25.69,0.56,34.81,25.03,21.92,17.5,12.38
16.92,64.55,350,27.47,0.593,34.94,26.6,24.28,20.38,14.69
13.56,70.27,341,27.37,0.704,34.66,26.32,23.73,19.55,13.73
17.29,74.81,300,26.61,0.673,34.38,25.68,22.2,18.58,12.99
10.23,76.98,163,29.22,0.754,34.51,28.32,25.69,21.51,16.41
15.1,70.33,113,29.36,0.77,34.63,28.64,25.65,21.63,16.17
18.02,66.88,150,27.6,0.639,34.96,26.59,23.6,19.53,14.0
15.82,63.83,330,27.34,0.658,35.15,26.36,23.76,20.01,14.85
14.43,64.37,255,27.32,0.707,35.06,26.58,23.68,19.95,14.61
23.9,68.15,87,28.38,0.751,34.88,27.68,24.69,20.6,15.8
22.09,66.24,350,26.21,0.646,34.8,25.09,21.87,17.08,11.25
17.97,75.53,98,28.65,0.672,34.66,27.55,24.99,20.5,15.0
17.11,66.26,132,28.54,0.74,35.14,27.43,24.87,21.08,15.16
17.93,66.35,312,26.76,0.675,35.09,25.76,22.97,18.25,12.42
11.22,66.52,97,29.66,0.718,34.81,28.68,25.47,21.08,15.97
14.32,74.22,98,29.03,0.662,34.62,28.41,25.67,21.33,15.56
8.63,71.06,290,27.82,0.727,34.73,26.69,24.02,19.83,14.8
15.61,70.44,356,27.57,0.672,34.74,26.74,23.89,19.64,13.81
16.69,65.68,227,27.03,0.688,34.98,26.31,23.73,19.65,14.12
11.64,73.9,145,28.93,0.744,34.86,28.18,25.36,20.83,14.97
23.42,60.65,156,26.91,0.631,35.18,26.32,23.6,19.15,13.85
22.55,74.8,270,26.01,0.667,34.56,25.04,22.65,19.25,13.82
19.55,68.72,162,28.36,0.687,34.88,27.18,24.19,20.65,15.53
16.53,66.77,112,29.39,0.692,34.8,28.32,25.0,21.1,15.86
21.92,68.45,331,26.23,0.592,34.79,25.42,22.57,18.72,13.25
10.09,71.35,185,28.95,0.738,34.84,27.72,24.69,20.69,15.22
20.65,60.22,205,26.44,0.727,35.21,25.25,21.96,17.83,11.95
10.0,74.82,97,30.05,0.773,34.82,28.72,26.02,21.57,16.18
20.71,67.59,55,27.89,0.778,34.92,27.63,24.74,21.21,15.68
12.41,65.83,117,29.8,0.822,34.84,28.72,25.27,21.91,16.6
22.03,62.35,93,28.43,0.744,34.95,27.95,25.54,21.22,15.94
23.1,67.47,293,26.22,0.72,35.0,25.36,22.28,18.61,12.92
10.38,68.44,204,28.14,0.773,34.76,27.23,24.16,19.87,14.15
15.4,66.86,282,27.18,0.732,34.81,26.17,23.59,19.16,13.69
23.7,71.54,189,26.66,0.595,34.69,25.86,23.19,18.9,13.32
15.73,67.16,323,27.07,0.673,35.01,26.26,23.75,19.49,13.55
21.82,76.34,84,28.22,0.689,34.51,27.3,23.8,19.92,14.12
17.42,70.19,180,28.15,0.761,34.71,26.98,24.01,19.72,14.54
14.01,73.73,274,26.86,0.663,34.77,25.7,22.91,19.13,13.77
12.57,61.86,181,28.32,0.79,35.23,27.13,24.63,20.22,14.71
11.25,66.75,181,27.92,0.712,35.1,26.89,23.78,19.64,14.51
20.19,65.73,283,25.94,0.647,35.11,24.69,21.76,17.19,11.67
14.18,69.68,287,26.98,0.664,34.92,26.05,23.26,18.62,13.33
16.18,74.64,106,28.71,0.724,34.54,28.0,25.37,21.4,15.89
15.88,61.33,129,28.47,0.735,35.21,27.41,24.21,20.13,14.65
17.24,61.23,262,25.88,0.644,35.27,24.82,22.24,17.94,13.38
21.85,74.46,11,26.97,0.661,34.81,26.52,23.52,19.03,13.32
23.69,63.62,162,27.49,0.678,35.07,26.98,24.25,19.67,14.33
14.52,71.37,181,27.61,0.771,34.7,26.7,23.76,19.79,14.45
21.24,69.23,213,26.65,0.749,34.74,25.64,22.85,18.46,13.31
20.23,74.16,274,26.23,0.638,34.73,25.47,22.71,19.25,13.73
17.18,62.13,21,28.78,0.767,35.05,27.65,25.14,21.1,16.2
23.3,62.21,275,25.82,0.611,35.12,24.74,21.86,17.96,12.35
11.21,69.47,260,27.64,0.686,34.73,26.67,23.74,20.19,14.56
9.75,76.09,333,28.22,0.673,34.54,27.04,24.52,20.08,14.83
21.66,67.05,116,28.04,0.752,34.96,26.79,24.34,20.4,15.27
15.03,65.56,25,28.7,0.75,35.0,27.84,24.85,20.93,15.06
21.55,70.31,333,26.71,0.698,34.86,26.16,23.52,19.2,13.47
22.29,75.82,254,25.78,0.679,34.43,25.07,21.98,17.25,11.8
9.0,74.23,211,28.67,0.695,34.62,27.47,24.83,19.86,14.54
22.14,76.92,305,26.71,0.658,34.48,25.45,22.9,18.42,13.33
15.17,60.38,321,27.12,0.701,35.09,26.17,23.24,19.57,14.11
16.17,61.92,339,27.29,0.675,35.05,26.2,23.69,19.27,14.11
18.03,70.36,257,26.32,0.662,34.7,25.22,22.31,18.58,12.54
22.82,73.95,168,27.11,0.651,34.68,25.9,23.08,18.67,12.8
8.31,64.85,337,28.76,0.786,35.05,28.03,25.25,21.16,15.65
15.63,64.07,21,28.31,0.757,35.12,27.12,23.95,20.05,14.87
19.0,73.38,86,28.6,0.778,34.7,27.34,24.04,20.34,14.74
19.56,60.96,15,27.5,0.721,35.18,26.95,24.17,19.87,14.29
19.08,66.28,50,28.39,0.678,34.96,27.5,24.44,20.07,14.69
10.15,68.6,304,27.49,0.675,34.92,26.38,23.18,18.28,12.71
12.79,69.53,305,26.88,0.648,34.61,25.92,23.33,19.04,13.96
13.74,72.39,196,28.0,0.7,34.7,27.08,24.68,21.9,16.43
20.87,66.03,364,27.64,0.742,34.99,26.82,24.21,20.01,15.25
12.46,70.42,301,27.17,0.626,34.96,25.84,22.67,17.99,12.54
11.37,69.95,288,27.02,0.657,34.69,25.65,22.87,18.7,13.09
23.32,69.31,245,26.22,0.641,34.71,25.26,22.35,18.53,13.06
8.14,70.89,353,28.75,0.68,34.54,27.53,24.43,20.08,14.91
23.97,64.41,201,26.51,0.674,34.88,25.64,22.83,18.28,12.73
18.83,61.44,193,26.94,0.665,35.13,26.08,23.23,20.14,13.79
21.26,62.03,336,26.44,0.708,35.05,25.53,22.61,18.65,13.01
12.71,63.82,146,29.42,0.742,34.97,28.26,25.68,22.19,16.0
8.23,68.5,310,28.03,0.729,34.86,26.99,24.52,20.26,14.91
19.81,74.29,127,28.25,0.722,34.69,27.51,24.55,21.16,15.33
21.35,71.92,175,26.71,0.572,34.72,25.69,22.85,19.11,13.63
19.85,73.41,134,28.35,0.663,34.67,27.19,24.29,20.39,14.45
10.29,65.97,66,29.51,0.771,35.0,28.47,25.74,21.15,15.62
20.05,66.88,279,26.33,0.673,34.74,25.37,22.63,18.24,12.79
20.3,66.69,246,26.15,0.652,34.95,25.44,22.4,18.48,12.84
18.54,63.26,363,27.47,0.747,35.06,26.36,23.45,19.21,13.69
20.26,61.04,237,26.43,0.683,35.16,25.31,22.02,18.07,12.06
21.53,70.05,171,27.32,0.752,34.74,26.34,22.99,18.7,13.22
17.82,76.82,51,28.97,0.641,34.51,28.15,24.97,21.04,15.35
9.42,62.84,328,28.54,0.796,35.13,27.38,24.41,20.04,14.57
15.8,60.79,359,27.34,0.666,35.33,26.36,23.71,19.79,14.25
9.24,73.25,153,29.35,0.751,34.5,28.15,25.04,20.54,14.97
14.52,64.29,80,29.45,0.801,35.09,28.66,25.73,21.49,15.85
14.51,74.1,145,28.46,0.639,34.76,27.57,24.81,20.63,15.21
9.06,71.97,274,27.17,0.675,34.59,25.77,23.39,18.93,13.93
13.58,76.08,155,28.48,0.765,34.54,27.65,24.79,20.43,14.89
9.78,66.95,337,28.14,0.69,34.95,27.18,24.36,20.37,15.04
20.93,71.25,363,25.8,0.681,34.95,25.16,22.13,18.32,13.29
23.16,67.9,325,25.63,0.666,35.1,24.71,22.42,18.42,13.05
9.16,70.72,336,27.72,0.708,34.64,26.43,23.81,19.91,14.64
23.28,67.64,143,27.81,0.728,34.86,26.98,23.78,19.71,13.96
16.36,63.21,298,26.93,0.73,35.09,26.01,23.59,19.21,13.82
12.79,68.63,34,29.03,0.765,34.91,28.24,25.57,20.78,15.39
9.23,68.99,304,27.8,0.741,34.86,26.84,24.04,19.72,14.76
16.01,73.78,239,26.97,0.644,34.55,26.04,23.42,19.27,13.39
20.71,72.5,138,27.63,0.722,34.6,26.73,24.21,19.86,15.02
19.31,71.28,254,26.55,0.686,34.59,25.66,22.59,19.11,13.95
8.8,61.93,5,29.01,0.785,34.92,27.83,24.82,20.83,15.62
9.17,72.25,176,29.23,0.701,34.55,28.27,25.41,21.27,15.43
14.45,68.51,214,27.68,0.743,34.98,26.4,23.15,19.27,13.5
12.72,75.2,364,28.43,0.688,34.66,27.41,24.78,21.49,16.18
11.72,75.64,23,29.0,0.834,34.63,28.16,25.16,20.95,14.83
12.5,60.94,318,27.53,0.66,35.14,26.27,23.33,18.84,12.89
20.86,73.95,13,27.32,0.643,34.64,26.85,23.83,19.86,14.6
22.87,60.64,241,25.9,0.635,35.15,24.86,22.03,17.47,12.33
14.48,66.24,276,26.89,0.719,34.79,25.8,22.99,18.51,13.65
22.5,69.22,92,27.88,0.721,34.9,27.25,24.69,21.16,15.56
13.14,62.52,108,29.56,0.824,35.18,28.84,26.23,22.65,16.89
15.62,72.69,229,27.08,0.67,34.58,26.18,23.01,19.17,13.44
11.62,60.14,152,29.42,0.733,35.08,28.44,25.71,21.77,16.4
18.25,62.87,108,28.07,0.683,35.12,27.51,25.04,20.45,14.89
23.66,69.87,289,25.5,0.614,34.84,24.42,21.55,17.12,11.22
17.66,72.14,176,27.47,0.638,34.79,26.2,23.33,19.76,14.41
13.73,75.58,320,27.15,0.658,34.72,25.76,22.81,18.51,12.7
18.37,71.99,286,26.44,0.615,34.61,25.36,22.71,18.29,13.01
9.97,71.42,364,28.25,0.746,34.73,27.03,24.24,20.07,14.78
22.22,66.7,329,26.21,0.716,34.83,25.45,22.89,19.02,13.43
16.05,60.02,241,26.79,0.682,35.11,26.03,23.16,18.97,13.56
15.19,62.04,145,28.33,0.693,35.08,27.53,25.07,20.89,15.31
17.37,69.09,356,27.46,0.723,34.98,26.7,24.02,19.05,13.52
18.0,71.48,14,27.56,0.695,34.85,26.45,23.95,19.82,13.94
9.15,67.1,275,28.29,0.759,34.91,27.27,24.21,20.51,13.99
18.92,72.42,71,28.85,0.698,34.49,27.8,25.42,21.3,15.76
11.87,68.87,315,27.53,0.661,34.88,26.61,23.61,20.34,14.54
19.42,61.26,195,26.9,0.706,35.19,26.02,23.01,18.62,12.87
21.16,63.26,353,26.93,0.677,34.98,26.25,23.29,19.0,13.22
20.86,74.28,300,26.22,0.694,34.71,25.83,22.84,18.47,13.25
16.84,72.32,11,27.98,0.675,34.61,27.03,24.76,20.38,15.2
16.32,75.21,106,28.61,0.746,34.67,27.43,24.72,20.83,15.44
10.29,62.0,258,27.44,0.715,35.14,26.04,23.33,19.12,13.52
20.41,76.83,196,26.89,0.615,34.38,25.83,22.46,19.14,13.74
12.34,63.56,145,29.16,0.745,35.02,28.34,25.85,21.85,16.68
15.95,60.2,220,27.18,0.605,35.21,26.32,23.2,18.75,13.75
12.55,76.96,350,28.23,0.776,34.55,27.25,24.35,19.85,14.12
10.14,64.78,174,29.26,0.695,35.11,28.26,25.2,21.76,15.81
18.07,71.36,216,27.14,0.677,34.86,26.36,23.6,19.59,14.18
8.87,63.0,93,30.25,0.777,35.06,28.83,26.4,22.83,16.79
19.98,69.86,260,25.66,0.601,34.86,24.98,21.89,17.81,12.4
13.08,75.37,63,29.65,0.834,34.75,28.71,25.58,21.49,16.05
8.0,65.44,29,29.82,0.737,34.88,28.41,25.59,22.02,16.48
16.18,71.39,275,26.5,0.654,34.68,25.61,23.25,19.3,14.34
8.75,63.19,347,28.53,0.698,34.91,27.17,24.19,20.23,14.76
12.42,70.62,285,27.18,0.657,34.71,26.25,23.21,18.94,13.61
19.31,65.72,70,28.29,0.714,34.99,27.42,24.61,20.86,15.71
9.0,63.59,279,27.13,0.712,34.84,25.83,22.97,18.84,13.32
21.43,65.32,231,25.76,0.649,35.03,24.99,21.86,17.54,11.92
8.06,63.04,302,27.66,0.669,35.03,26.7,23.74,20.51,14.9
11.95,75.33,255,26.68,0.67,34.58,25.52,22.1,17.88,12.5
19.85,66.75,172,27.1,0.628,34.81,26.38,23.55,19.14,13.73
13.06,64.17,180,28.63,0.776,35.02,27.56,24.3,20.65,15.67
9.63,67.62,264,27.72,0.681,35.06,26.81,24.71,20.88,15.19
13.76,65.45,183,27.83,0.687,34.94,26.81,24.13,19.77,14.2
12.33,72.66,322,27.34,0.612,34.47,26.54,23.81,19.67,14.46
21.48,76.51,205,26.89,0.657,34.66,25.86,23.19,19.36,14.05
13.01,67.45,249,27.52,0.763,34.96,26.32,23.29,19.28,13.76
20.62,74.64,213,26.53,0.69,34.62,25.5,22.61,18.83,13.27
22.27,69.62,159,27.68,0.745,34.87,26.87,24.15,20.05,14.4
14.94,62.67,100,28.92,0.742,35.1,27.9,24.74,20.97,15.2
22.56,71.74,317,26.0,0.545,34.89,25.23,22.66,18.44,12.93
14.04,68.73,112,28.78,0.736,34.93,27.54,25.31,20.95,15.63
23.43,71.06,308,25.58,0.645,34.71,24.62,21.36,17.68,12.29
9.43,75.12,166,29.13,0.78,34.74,28.29,25.56,21.58,16.05
18.99,67.49,36,27.54,0.695,35.08,26.72,23.62,19.8,14.39
15.9,75.32,112,29.12,0.713,34.68,28.28,25.63,22.02,16.23
14.2,72.76,87,29.49,0.751,34.73,28.45,25.67,21.34,16.01
18.12,68.31,183,27.77,0.69,34.78,26.92,24.64,20.75,14.82
19.26,70.25,85,29.2,0.767,34.86,28.21,25.84,22.67,17.25
8.07,65.53,269,27.92,0.704,35.02,26.43,23.14,18.98,13.66
10.67,76.72,165,28.94,0.698,34.53,28.08,25.46,20.87,15.41
19.41,71.34,303,25.76,0.665,34.82,24.9,22.29,18.52,13.02
18.66,60.75,90,28.72,0.702,35.18,27.66,25.17,20.4,14.59
23.46,65.55,238,25.87,0.633,35.03,25.06,22.38,17.84,12.33
20.18,70.6,22,27.21,0.668,34.88,26.24,23.59,19.49,14.58
23.21,60.96,167,26.96,0.688,35.03,26.45,23.29,19.18,13.66
19.24,60.41,215,26.68,0.616,35.08,25.92,23.24,19.21,13.63
12.77,67.65,58,29.45,0.755,34.8,28.2,25.26,22.04,16.05
9.69,65.66,30,29.6,0.801,35.17,28.25,25.56,21.49,16.1
20.51,67.45,106,28.12,0.718,34.97,27.3,24.42,20.09,14.72
18.31,64.47,330,26.83,0.648,35.09,25.95,23.26,18.9,13.26
8.77,62.8,167,29.37,0.737,35.2,28.37,25.69,21.41,15.83
13.76,71.72,350,27.77,0.715,34.63,26.74,24.07,19.49,13.59
23.31,68.75,154,27.14,0.707,34.65,26.2,23.12,19.25,13.78
16.01,63.4,327,27.28,0.749,35.06,26.42,24.28,20.3,14.95
14.92,65.43,7,28.05,0.647,35.07,27.19,24.44,20.53,14.35
15.32,70.06,197,27.25,0.698,34.78,26.52,23.86,20.08,14.57
11.34,61.23,321,28.09,0.72,35.01,27.18,24.34,20.49,15.5
13.9,62.51,46,28.64,0.727,35.01,27.47,24.28,19.63,14.17
13.92,61.25,18,28.45,0.738,35.03,27.5,24.87,20.65,15.3
8.84,73.81,153,29.55,0.747,34.59,28.39,25.6,21.4,16.22
20.28,72.79,264,26.11,0.613,34.57,25.05,22.51,18.96,13.63
14.66,72.81,74,29.2,0.755,34.7,27.85,24.78,21.26,15.66
21.15,72.18,145,26.87,0.702,34.66,26.46,23.51,19.24,13.25
21.61,71.38,102,27.93,0.706,34.81,26.97,24.2,19.7,15.01
11.39,68.11,335,27.99,0.752,34.78,26.91,24.05,20.01,14.74
18.52,70.92,335,26.8,0.664,34.79,25.93,23.01,18.79,13.54
15.56,60.65,121,29.07,0.76,35.17,28.12,25.32,21.19,16.0
22.08,70.56,176,27.33,0.627,34.82,25.99,23.6,19.99,14.82
11.45,73.22,63,29.7,0.851,34.72,28.61,25.82,21.83,16.57
18.85,68.51,296,26.04,0.642,34.92,25.49,23.02,18.73,13.24
17.72,66.08,84,28.57,0.708,35.04,27.6,24.7,20.33,14.74
12.72,64.72,15,29.09,0.732,35.07,28.39,25.54,20.86,15.58
10.19,70.93,355,28.41,0.684,34.79,27.34,24.57,20.7,15.24
18.43,71.78,134,28.3,0.672,34.66,27.32,24.35,20.36,14.89
19.82,74.81,121,28.43,0.724,34.69,27.57,24.78,20.91,15.71
13.05,65.82,319,27.76,0.707,34.9,26.75,24.36,20.26,15.39
18.32,73.09,128,28.15,0.723,34.65,27.24,24.9,20.38,14.6
14.32,69.54,288,26.74,0.671,34.73,25.63,23.21,19.13,13.77
19.41,75.01,301,25.74,0.639,34.51,24.57,21.84,18.2,12.4
11.19,68.97,180,28.48,0.676,34.81,27.54,24.49,20.41,14.97
22.24,68.8,82,28.22,0.697,34.82,27.4,25.29,21.85,15.84
12.6,69.82,13,28.47,0.73,34.73,27.77,24.75,20.75,15.04
13.88,72.74,24,29.13,0.722,34.69,28.12,25.71,22.4,16.91
8.93,76.4,168,29.19,0.757,34.56,27.79,25.02,21.74,16.56
9.78,61.25,270,27.5,0.69,35.1,26.48,23.33,18.87,12.93
16.25,60.91,70,28.78,0.728,35.39,27.84,24.53,20.17,14.8
12.28,75.94,318,27.08,0.691,34.6,25.96,23.53,19.25,13.74
21.37,69.01,89,28.17,0.734,34.85,27.44,24.4,19.62,14.55
8.24,70.45,189,28.94,0.766,34.71,27.92,24.66,20.75,15.13
14.07,68.2,257,26.9,0.756,34.89,25.67,22.71,18.78,13.41
13.4,61.59,217,27.59,0.732,35.16,26.48,23.61,19.59,14.04
8.31,73.06,32,29.38,0.692,34.68,28.49,25.75,21.16,15.37
9.99,72.7,141,29.11,0.7,34.83,27.84,25.08,21.62,15.95
14.62,65.3,161,28.41,0.711,34.82,27.39,24.31,19.46,13.73
15.89,65.21,32,28.51,0.695,34.95,27.59,24.75,20.12,14.09
14.47,74.24,312,27.03,0.697,34.7,25.81,23.48,19.73,14.69
16.5,61.23,152,28.39,0.742,35.06,27.42,24.23,20.26,14.65
17.52,74.98,347,27.44,0.674,34.45,26.48,23.79,19.44,14.09
8.16,64.36,260,28.04,0.759,34.97,26.86,23.66,19.59,13.75
15.43,70.08,216,27.49,0.753,34.9,26.21,23.21,19.16,13.68
23.42,75.91,279,25.79,0.571,34.48,24.98,22.54,18.91,13.56
16.3,71.53,285,26.73,0.615,34.7,25.65,22.23,17.64,12.17
18.84,67.05,98,28.67,0.774,34.96,27.98,25.73,21.74,15.99
12.99,71.72,30,29.43,0.788,34.67,28.49,25.21,21.54,16.28
20.38,65.85,90,28.58,0.747,34.92,27.55,24.07,19.57,13.46
20.37,64.71,148,27.56,0.697,34.95,26.61,23.77,19.65,13.67
16.34,76.94,144,27.93,0.704,34.47,27.0,24.02,19.9,14.36
23.62,72.76,67,27.68,0.722,34.57,26.8,23.75,19.0,12.78
10.01,70.96,357,28.72,0.739,34.74,27.34,24.66,20.68,14.94
8.27,66.04,58,30.26,0.83,35.06,29.2,26.01,22.05,16.41
20.32,60.84,281,25.59,0.61,35.32,24.82,22.18,18.68,13.64
20.91,60.53,279,26.09,0.653,35.3,25.37,22.79,18.69,12.99
9.92,69.42,236,28.1,0.749,34.84,27.2,23.92,19.99,14.34
12.25,72.95,353,28.3,0.726,34.85,27.1,24.54,21.03,14.98
8.28,69.14,128,30.05,0.798,35.06,29.09,26.43,22.07,16.59
12.69,74.29,337,27.7,0.727,34.65,26.45,24.05,19.48,13.98
20.37,60.57,209,26.48,0.647,35.08,25.68,22.85,18.8,12.98
16.29,66.23,186,27.92,0.667,35.08,26.82,23.74,19.56,14.34
13.57,64.03,169,28.62,0.699,34.92,27.69,25.22,21.08,15.84
13.95,67.6,172,28.23,0.673,34.81,26.92,24.1,19.83,14.16
8.02,61.23,260,28.59,0.654,34.94,27.58,25.3,20.87,14.79
12.8,76.22,205,27.37,0.735,34.62,26.19,23.54,19.81,13.99
18.34,63.8,135,28.25,0.642,34.82,27.44,24.61,20.5,15.46
23.59,75.68,46,27.28,0.763,34.67,26.55,23.4,20.2,14.74
21.55,67.24,9,27.27,0.667,35.09,26.5,23.63,19.11,13.39
8.38,76.75,161,28.79,0.723,34.7,27.69,25.11,21.81,16.72
22.38,69.42,289,26.07,0.591,34.7,25.0,21.75,17.77,12.21
20.53,75.82,340,26.92,0.693,34.38,26.35,23.38,19.29,13.79
20.49,60.09,321,26.38,0.651,35.13,25.49,22.18,17.64,12.85
15.33,72.72,106,28.97,0.742,34.78,27.97,24.79,20.42,15.2
14.37,75.35,290,27.11,0.652,34.71,26.39,23.38,19.78,14.2
12.85,62.38,341,27.89,0.726,35.17,26.69,23.74,18.58,13.19
9.05,61.63,88,30.33,0.747,35.19,29.22,26.45,21.63,16.3
11.65,67.22,192,28.22,0.72,35.15,27.21,24.56,19.81,14.56
11.95,75.87,153,28.94,0.757,34.52,27.85,25.39,21.75,15.94
15.75,69.22,311,27.2,0.744,34.75,26.29,23.9,20.07,15.06
19.96,68.97,137,28.24,0.75,34.72,27.25,24.73,20.22,15.15
15.58,62.4,273,26.61,0.672,35.15,25.63,22.68,18.39,12.61
8.93,60.01,149,29.63,0.758,35.18,28.55,25.74,21.69,16.19
23.32,73.77,188,26.64,0.682,34.73,26.1,23.09,19.4,13.92
23.08,61.49,141,27.66,0.731,35.1,27.18,24.39,19.88,14.43
20.56,70.78,131,28.43,0.693,34.83,27.59,24.7,20.65,15.38
23.86,75.55,4,26.6,0.704,34.54,26.04,22.84,18.6,13.0
16.71,63.55,263,26.32,0.622,35.04,25.23,22.85,18.71,13.34
23.4,71.31,26,27.29,0.707,34.74,26.93,24.59,20.13,14.82
9.21,61.34,24,29.14,0.766,34.98,27.99,24.88,20.87,15.52
13.85,70.26,266,26.66,0.643,34.78,25.65,22.98,18.57,13.21
11.61,62.79,229,27.9,0.645,35.14,26.95,23.92,19.86,14.52
11.13,72.51,269,27.25,0.677,34.6,26.36,23.5,20.02,14.59
10.25,65.12,125,29.1,0.638,35.19,28.0,25.02,21.33,15.26
17.96,67.88,172,27.98,0.702,34.89,26.65,23.61,20.07,14.27
20.5,70.19,234,26.06,0.602,34.73,25.32,22.58,18.61,12.72
17.25,62.91,295,26.66,0.794,35.02,25.55,22.11,18.46,12.64
10.35,72.61,275,27.77,0.746,34.83,26.85,23.82,19.0,13.21
20.98,65.14,76,28.27,0.721,34.91,27.56,25.9,21.13,15.94
18.18,71.26,308,25.87,0.699,34.78,24.99,21.68,17.17,12.07
14.21,62.69,214,26.86,0.704,35.18,26.05,23.08,18.6,13.3
18.79,71.7,158,27.67,0.654,34.79,26.67,23.93,20.25,14.45
12.16,62.18,302,27.3,0.664,35.06,26.54,23.65,18.95,13.17
13.52,67.23,204,28.1,0.754,34.99,27.12,24.01,19.37,13.68
22.68,64.2,149,27.54,0.658,35.05,26.68,24.14,19.99,14.27
12.65,72.72,75,30.24,0.793,34.52,29.44,26.59,22.55,17.44
15.52,64.45,229,26.56,0.694,35.14,25.46,22.43,18.68,12.77
22.24,74.99,304,25.86,0.635,34.54,24.6,22.04,17.84,12.43
19.32,75.16,62,28.22,0.723,34.58,27.08,24.06,19.88,14.0
9.0,63.34,58,29.93,0.801,35.1,29.12,25.95,22.21,16.86
10.36,70.44,274,27.97,0.741,34.73,26.95,24.26,19.8,14.18
8.13,61.49,108,30.68,0.808,35.22,29.59,26.3,22.25,16.41
18.09,66.66,187,27.41,0.692,34.82,26.67,24.35,20.48,14.82
15.16,72.13,229,27.32,0.713,34.66,26.41,24.0,19.76,14.41
10.15,71.21,48,29.62,0.678,34.87,28.49,25.82,22.06,16.07
23.33,70.62,319,25.52,0.695,34.78,24.62,21.6,17.16,11.47
16.47,64.8,268,26.54,0.661,34.9,25.35,22.2,18.73,13.17
11.87,66.43,215,27.63,0.67,34.95,26.38,22.77,18.54,12.63
16.01,61.75,290,26.63,0.693,35.17,25.7,23.34,19.06,13.28
18.87,72.22,254,25.98,0.672,34.55,25.05,21.92,17.24,12.17
9.22,68.57,358,28.72,0.693,35.02,27.72,24.98,20.43,14.54
12.4,72.05,87,29.63,0.762,34.9,28.58,25.76,21.33,15.67
20.91,64.23,181,27.31,0.691,35.04,26.23,22.88,18.33,12.98
15.35,65.52,25,28.49,0.724,34.96,27.57,24.52,19.95,14.43
16.75,65.68,222,27.42,0.758,34.98,26.52,23.3,19.21,13.54
14.93,60.44,49,29.52,0.755,35.27,28.54,25.9,22.04,16.77
8.7,65.8,334,28.16,0.71,35.01,27.09,24.48,20.5,14.37
10.65,73.66,175,29.05,0.714,34.68,28.37,25.44,20.06,14.77
15.13,75.25,311,27.6,0.665,34.73,26.39,23.3,18.79,13.0
11.35,68.81,274,27.6,0.714,34.96,26.35,23.55,19.91,13.64
8.8,67.74,35,29.78,0.744,34.79,28.33,25.79,21.15,16.3
21.5,60.52,217,25.76,0.635,35.27,24.93,21.66,17.52,12.03
23.7,74.95,209,25.95,0.656,34.72,24.76,22.56,18.02,12.75
20.69,60.22,160,27.43,0.695,35.22,26.6,23.68,20.11,14.93
21.66,76.06,7,27.51,0.701,34.62,26.65,23.77,19.35,13.57
11.87,68.32,269,27.0,0.685,34.84,25.85,23.48,19.66,14.08
23.37,65.81,126,27.66,0.725,34.85,26.94,24.06,19.67,14.16
11.15,75.71,325,28.02,0.816,34.76,27.02,24.08,19.01,13.3
23.22,60.41,356,26.3,0.708,35.05,25.8,22.68,18.76,13.62
23.92,69.88,90,27.9,0.692,34.97,27.22,24.2,19.33,14.23
19.39,69.33,42,28.13,0.763,34.82,27.23,24.13,19.67,14.13
23.7,63.73,159,27.38,0.649,35.18,26.12,22.76,19.41,14.06
17.11,67.29,202,27.44,0.67,34.91,26.68,23.22,20.38,15.13
12.15,71.09,282,27.38,0.72,34.85,26.53,23.6,19.51,14.09
14.99,72.36,332,27.37,0.718,34.75,26.65,23.38,18.92,13.25
17.5,60.01,288,25.91,0.671,35.13,24.52,21.88,17.79,11.55
9.17,75.93,91,30.07,0.748,34.58,29.01,26.07,21.44,15.97
17.96,62.8,125,28.53,0.702,35.07,27.74,24.41,20.14,14.88
23.7,63.97,126,27.87,0.711,35.11,27.3,24.9,21.44,15.66
11.04,64.48,52,29.35,0.741,35.03,28.41,25.42,21.4,15.95
20.68,60.64,103,28.29,0.754,35.2,27.43,24.71,20.04,14.67
22.53,62.09,361,26.76,0.662,35.01,25.73,23.39,19.45,14.09
23.1,76.77,187,26.43,0.651,34.4,25.59,22.75,17.97,12.5
23.36,65.36,205,25.9,0.582,34.99,25.16,22.37,17.52,11.72
16.34,61.96,14,28.15,0.75,35.14,27.35,24.91,21.12,15.98
23.64,61.82,104,28.13,0.727,35.02,27.0,24.05,19.65,14.13
20.12,72.23,117,28.08,0.621,34.77,27.26,24.77,21.3,15.64
10.59,74.53,304,27.51,0.713,34.68,26.14,23.26,18.74,12.75
15.63,64.37,93,29.3,0.733,35.04,28.39,25.57,21.97,16.59
19.49,60.36,144,28.29,0.75,35.19,27.17,24.34,20.9,16.14
11.96,63.79,110,29.61,0.754,34.92,28.28,25.3,21.26,15.69
18.25,60.96,163,27.98,0.677,35.03,27.43,24.43,20.21,14.56
18.67,61.76,53,28.51,0.794,35.17,27.33,24.23,19.89,14.39
10.6,67.34,3,28.88,0.799,34.82,27.69,24.4,20.09,14.56
17.04,63.91,68,28.43,0.715,34.97,27.48,24.49,19.75,14.14
20.35,68.77,246,26.66,0.685,34.88,25.37,22.45,18.6,13.73
15.98,64.31,138,28.72,0.713,35.23,27.91,25.18,21.32,15.83
8.19,75.99,308,28.19,0.648,34.52,26.94,24.08,19.89,14.0
8.14,75.4,352,28.48,0.777,34.79,27.16,24.6,20.51,14.66
13.71,69.64,287,26.92,0.646,34.81,26.1,23.58,19.3,14.14
22.82,66.03,66,27.98,0.76,35.02,26.89,24.41,19.82,14.41
11.66,66.48,347,27.54,0.724,35.04,26.59,23.66,19.04,13.44
18.15,67.0,325,26.44,0.675,35.02,25.53,22.54,18.21,12.58
11.55,72.37,155,28.8,0.732,34.74,27.76,24.48,20.23,14.93
13.15,67.68,87,29.04,0.769,34.87,28.01,25.52,21.88,16.15
21.57,74.56,33,27.64,0.662,34.7,26.82,23.64,19.81,14.26
19.66,76.05,68,28.33,0.773,34.6,26.99,23.83,20.35,15.07
9.53,65.71,187,29.11,0.749,34.93,27.84,25.03,21.21,15.49
14.86,69.53,192,27.44,0.753,34.96,26.27,23.3,18.57,13.45
8.47,61.62,213,28.4,0.717,35.18,27.51,25.09,20.39,14.4
15.69,63.41,88,28.78,0.739,34.99,27.85,24.75,20.22,14.73
18.6,67.03,351,26.61,0.679,34.83,25.7,22.87,18.63,13.15
9.9,63.51,108,30.04,0.794,35.26,29.33,25.88,21.47,15.33
12.62,74.9,240,27.5,0.768,34.55,26.07,23.56,19.73,14.01
14.37,62.69,216,27.56,0.679,35.17,26.85,23.5,19.88,14.55
22.71,67.75,177,26.51,0.66,34.93,25.69,23.6,19.02,13.3
23.89,70.3,53,27.59,0.697,34.86,26.64,23.75,19.0,13.42
8.72,71.76,330,28.39,0.629,34.92,27.18,24.28,20.84,15.21
20.18,66.51,49,28.36,0.698,35.04,27.38,24.52,20.51,15.31
13.95,74.77,114,29.41,0.733,34.69,28.7,25.52,21.2,15.8
14.28,69.66,95,29.55,0.862,34.79,28.6,25.86,22.4,16.76
20.07,67.47,25,28.01,0.721,34.83,27.27,24.29,20.68,14.97
22.69,61.14,132,27.74,0.722,35.4,26.77,23.81,19.48,14.24
23.21,67.9,179,26.94,0.619,34.88,26.15,23.72,19.97,14.51
17.23,73.95,145,28.64,0.727,34.63,27.88,24.5,20.86,15.67
13.71,70.45,364,28.24,0.755,34.81,27.46,24.52,20.76,15.44
20.6,74.15,198,27.15,0.785,34.65,26.02,23.09,19.5,13.02
12.02,68.4,325,27.9,0.68,35.02,27.02,24.22,19.74,14.56
17.03,62.01,84,28.65,0.657,35.17,27.68,24.68,20.59,15.13
13.74,60.23,157,28.26,0.687,35.06,27.33,24.39,20.94,15.52
18.51,65.15,85,28.62,0.698,34.93,27.61,25.31,21.06,14.96
11.85,71.87,253,26.94,0.648,34.73,26.21,23.53,19.17,13.53
11.07,73.43,72,29.7,0.797,34.77,28.69,25.56,21.51,16.02
22.69,65.03,223,26.02,0.664,34.85,25.08,22.44,17.71,11.83
9.63,68.43,276,27.95,0.663,34.91,26.76,23.94,19.97,14.87
16.1,67.16,283,26.75,0.729,34.99,25.97,23.32,18.56,13.28
11.53,66.98,264,27.58,0.773,35.01,26.68,23.73,20.13,14.51
8.62,63.93,246,27.69,0.633,35.03,26.6,23.54,18.8,13.84
8.58,62.32,341,28.89,0.784,35.21,27.7,24.31,20.55,15.16
10.8,63.34,61,29.89,0.76,34.98,29.02,26.48,22.09,17.0
21.87,60.94,259,25.89,0.609,35.26,24.94,22.34,17.82,12.07
12.52,63.37,7,27.92,0.65,35.06,26.78,24.06,19.97,14.62
23.21,60.16,188,26.96,0.661,35.2,26.65,24.01,20.03,14.94
17.31,70.66,4,28.22,0.696,34.78,27.36,24.88,20.82,15.68
14.99,65.38,231,27.07,0.688,35.05,26.07,22.72,18.76,13.56
17.28,76.54,133,28.52,0.811,34.43,27.5,24.62,20.79,15.67
16.27,63.29,125,28.61,0.708,35.16,27.61,24.21,19.31,14.27
20.14,65.88,15,27.0,0.624,35.05,26.37,23.44,19.39,13.2
12.52,66.08,13,28.42,0.709,34.93,27.56,24.8,20.15,14.53
13.65,60.14,118,29.73,0.803,35.19,28.59,25.58,20.97,14.95
22.31,74.27,240,26.17,0.645,34.54,25.27,22.98,18.44,12.42
23.14,60.54,263,25.32,0.656,35.06,24.24,21.32,16.43,10.78
22.28,75.98,360,26.58,0.674,34.58,25.8,22.73,18.63,13.0
14.71,75.17,6,28.76,0.735,34.61,26.98,24.12,19.31,14.22
20.49,69.1,320,25.98,0.713,34.8,24.8,21.64,17.7,11.84
15.62,69.24,231,26.75,0.634,34.71,25.8,22.72,19.23,13.78
15.96,71.11,30,28.27,0.676,34.8,26.78,24.23,20.75,15.73
11.27,66.58,22,28.55,0.69,34.9,27.95,25.4,20.86,15.32
17.46,71.0,156,27.95,0.722,34.68,26.84,24.03,19.45,14.54
10.98,60.76,118,29.47,0.756,35.3,28.51,25.81,22.03,15.96
13.31,60.92,340,27.43,0.721,35.07,26.67,24.44,20.36,14.61
21.68,67.77,193,27.13,0.681,34.95,26.34,23.48,19.35,14.31
11.31,69.34,346,27.77,0.695,34.68,26.71,23.61,18.98,13.28
9.14,75.09,195,28.53,0.739,34.45,27.32,24.61,20.56,14.99
9.1,61.78,168,28.87,0.804,35.18,27.51,24.85,21.1,16.1
23.05,73.99,239,25.69,0.594,34.61,24.77,22.26,17.85,12.55
16.11,63.57,362,27.44,0.657,34.94,26.51,24.02,20.11,14.11
14.55,66.7,244,26.99,0.681,35.03,26.0,23.46,19.42,14.11
20.97,65.38,69,28.26,0.799,35.02,27.21,24.47,20.11,14.4
21.37,66.8,95,28.61,0.685,34.72,27.97,25.32,21.2,15.55
13.32,62.56,77,29.19,0.745,35.19,27.89,25.14,20.62,15.09
19.1,68.56,171,28.06,0.677,34.75,27.28,23.96,20.2,14.53
20.34,73.63,1,26.93,0.694,34.48,26.22,22.86,18.35,13.0
18.47,67.51,62,28.41,0.64,34.82,27.55,24.41,20.07,14.31
10.43,68.34,207,28.67,0.689,34.86,27.94,25.34,21.6,16.19
22.01,74.43,154,28.33,0.771,34.63,27.58,24.56,20.25,14.98
16.63,72.0,274,27.01,0.681,34.56,26.34,23.54,19.07,13.55
12.52,68.34,48,29.14,0.714,34.73,27.57,25.19,21.16,15.68
14.8,64.38,137,28.98,0.738,34.95,28.18,25.64,22.26,16.79
8.6,75.04,1,29.14,0.742,34.53,28.14,24.62,20.99,15.53
10.05,69.81,235,27.85,0.728,34.88,26.88,24.24,20.38,14.85
20.25,63.76,256,25.72,0.558,35.01,24.96,22.2,18.5,12.95
8.0,64.58,107,30.23,0.735,35.09,29.01,25.95,22.05,16.52
14.67,73.65,173,28.04,0.673,34.76,27.21,24.27,20.27,14.82
16.36,60.75,130,28.4,0.747,35.23,27.8,24.83,21.1,15.47
8.87,76.87,294,27.65,0.699,34.22,26.17,22.93,18.97,13.42
23.57,62.22,40,27.52,0.753,35.08,26.95,24.15,20.03,14.82
11.62,73.53,338,28.22,0.75,34.64,27.15,24.92,20.9,16.0
12.87,66.71,16,28.52,0.712,34.93,27.37,24.81,20.85,16.09
12.86,68.37,127,29.23,0.745,34.66,27.96,24.48,20.5,15.04
11.69,74.97,349,28.36,0.773,34.52,27.39,24.59,20.64,14.83
8.02,67.02,203,28.6,0.785,34.78,27.8,24.99,20.5,14.93
19.67,69.14,134,28.25,0.714,34.74,27.29,24.13,19.95,14.49
23.47,60.84,259,25.54,0.597,35.14,24.86,21.7,17.1,11.92
11.59,60.04,14,28.81,0.65,35.12,27.76,25.2,21.21,15.49
18.61,64.16,66,28.17,0.631,34.95,26.94,24.15,20.19,14.65
19.87,71.57,351,26.97,0.698,34.72,26.05,23.06,19.49,13.68
21.57,62.06,342,26.93,0.696,35.07,25.95,23.28,19.3,14.3
14.76,61.93,195,27.78,0.676,35.14,26.59,24.39,20.14,14.8
12.85,66.99,114,29.13,0.796,34.88,28.02,25.2,20.93,15.33
13.2,71.01,159,29.13,0.736,34.6,28.05,25.27,21.43,15.95
19.4,72.11,161,27.94,0.685,34.61,27.25,24.4,20.03,14.12
21.07,63.03,254,26.14,0.701,35.05,25.28,22.32,18.28,12.91
10.91,61.35,15,29.09,0.784,35.1,27.75,25.1,21.38,16.0
13.94,75.99,37,28.49,0.723,34.42,27.73,24.81,21.52,15.49
22.43,64.43,155,27.58,0.718,35.09,26.82,24.11,20.48,14.76
20.91,74.51,27,28.02,0.736,34.65,27.21,24.79,20.48,14.89
23.76,74.68,12,26.74,0.759,34.55,26.11,23.45,19.05,13.47
20.07,73.13,67,27.71,0.696,34.66,26.83,23.6,19.75,14.1
14.29,62.87,30,28.76,0.686,34.98,27.66,24.41,20.23,14.77
17.45,73.97,96,28.79,0.759,34.73,27.93,25.42,20.73,15.65
18.58,73.08,215,26.31,0.662,34.88,25.53,22.66,19.6,14.24
9.26,70.14,194,28.76,0.737,34.73,27.74,24.95,20.92,15.77
16.71,65.73,135,28.73,0.731,35.09,27.94,24.84,21.24,15.85
19.35,64.46,290,25.7,0.577,34.94,24.83,22.23,17.99,12.4
10.68,62.07,32,29.79,0.774,35.06,28.53,26.21,22.09,16.54
20.49,68.67,39,28.1,0.699,35.0,27.1,24.3,20.26,15.0
17.34,69.95,352,26.77,0.661,34.79,26.11,23.47,19.26,13.92
23.24,66.11,206,26.49,0.649,35.02,25.68,23.23,18.82,13.72
8.68,68.08,43,29.94,0.767,34.85,28.61,26.23,23.01,17.51
12.25,66.18,337,28.23,0.727,34.77,26.95,23.88,19.93,14.01
17.62,70.9,259,26.21,0.655,35.0,25.01,22.31,17.58,12.02
12.74,75.32,249,27.45,0.74,34.57,26.59,24.1,20.04,14.09
19.43,62.79,74,28.36,0.751,35.1,27.53,25.12,20.45,14.91
20.14,66.48,319,26.16,0.652,34.87,25.65,22.7,18.26,12.41
9.64,62.39,296,27.38,0.65,35.18,26.41,23.38,19.33,13.8
16.22,70.62,274,26.0,0.673,34.85,25.17,22.28,18.4,12.94
16.14,72.39,323,27.15,0.672,34.55,26.59,23.66,18.55,13.01
13.91,75.84,359,27.91,0.7,34.58,26.71,23.78,20.37,14.78
22.93,64.74,190,25.79,0.591,35.1,24.67,21.99,17.63,12.02
21.24,76.15,138,27.87,0.723,34.67,27.12,24.1,19.91,14.75
19.16,61.08,302,26.61,0.772,35.22,25.67,23.25,19.76,14.35
19.43,70.25,311,25.93,0.628,34.86,25.1,22.16,18.75,12.79
15.39,60.97,331,27.02,0.705,35.11,26.29,23.25,18.91,13.45
22.74,75.19,353,26.68,0.72,34.47,26.0,22.79,19.12,14.07
19.11,69.01,282,25.38,0.61,34.81,24.78,22.35,18.32,12.68
19.66,71.38,166,27.43,0.596,34.62,26.36,23.17,20.13,14.52
21.79,74.14,278,25.84,0.673,34.56,25.17,22.48,18.11,12.8
12.39,62.56,26,28.69,0.734,35.02,27.51,24.85,21.41,15.65
20.91,60.66,73,27.81,0.717,35.08,27.29,23.55,19.22,13.37
11.12,74.94,115,29.26,0.75,34.66,28.29,25.02,20.49,14.52
13.53,65.35,51,28.61,0.775,34.88,27.7,24.7,20.48,15.18
13.37,62.19,171,28.24,0.713,35.3,27.11,24.82,20.07,14.83
23.66,67.96,268,25.77,0.73,34.98,24.86,21.88,17.41,11.73
21.7,70.17,3,27.71,0.729,34.91,26.95,23.93,19.71,13.86
19.22,60.53,210,26.78,0.714,35.11,26.23,23.15,18.95,13.71
19.63,64.67,338,26.95,0.679,35.03,26.38,23.31,19.57,14.04
16.99,60.56,301,26.3,0.671,35.07,25.43,22.4,18.63,12.53
23.15,67.15,342,25.64,0.572,34.94,24.74,21.75,17.63,12.25
15.94,75.22,115,29.47,0.731,34.41,28.62,25.54,20.74,15.33
14.09,76.71,167,28.22,0.76,34.64,27.48,24.38,19.43,14.35
10.61,70.83,265,27.64,0.696,34.7,26.61,23.65,19.34,14.09
20.58,62.75,227,26.33,0.615,35.12,25.38,22.86,18.43,13.2
19.75,75.4,151,28.15,0.687,34.63,27.41,24.23,19.89,14.13
14.15,68.78,268,27.17,0.657,34.79,26.12,23.1,19.65,13.74
8.4,62.61,116,30.12,0.772,35.02,28.93,25.89,21.55,16.2
21.42,75.67,88,28.3,0.686,34.56,27.44,24.6,20.15,14.65
8.18,72.88,318,28.47,0.781,34.77,27.48,24.37,20.26,14.96
19.26,72.44,242,26.16,0.663,34.69,25.22,23.01,18.71,13.24
23.52,72.06,360,27.03,0.625,34.78,26.22,23.58,19.72,14.65
15.0,63.41,329,27.04,0.743,35.14,26.09,23.51,19.51,13.88
11.76,63.59,333,27.83,0.703,35.04,26.71,23.93,20.57,15.08
19.28,71.7,40,28.26,0.738,34.72,27.68,25.23,21.01,15.32
21.07,63.74,182,26.56,0.679,35.06,26.07,22.89,19.56,13.8
16.74,67.46,209,27.57,0.714,35.02,26.57,23.54,19.72,14.62
23.47,73.29,273,25.62,0.625,34.63,24.65,21.59,17.71,12.17
8.83,73.33,119,30.93,0.811,34.78,29.74,26.78,21.88,17.12
16.08,67.71,24,28.89,0.731,34.92,28.03,25.63,20.68,14.78
19.5,73.47,258,26.12,0.668,34.59,25.21,23.03,18.29,12.82
21.8,74.26,92,28.67,0.723,34.63,27.57,24.99,20.98,15.52
10.87,71.13,161,29.26,0.736,34.64,28.16,25.27,21.47,16.34
20.8,63.88,149,27.8,0.646,34.91,27.02,24.53,20.65,14.88
16.84,64.66,117,28.26,0.718,35.07,27.51,25.1,21.01,15.34
14.34,65.35,53,28.57,0.736,35.07,27.93,25.41,21.67,15.75
10.11,61.99,302,27.62,0.773,35.12,26.46,23.53,19.91,14.85
21.84,64.64,45,27.61,0.718,35.02,26.65,23.76,19.53,13.52
10.52,63.56,265,27.5,0.666,35.0,26.38,23.35,19.48,14.01
12.96,67.74,262,27.49,0.654,34.91,26.28,23.38,19.44,14.68
12.64,75.44,307,27.55,0.707,34.78,26.39,23.29,19.52,14.36
21.94,61.78,234,25.77,0.613,35.23,24.79,21.96,17.99,12.86
18.76,72.24,35,28.34,0.698,34.7,27.5,24.65,20.65,15.67
20.75,71.68,338,26.28,0.628,34.72,25.24,22.17,17.83,12.38
12.01,61.63,197,27.76,0.69,35.1,26.88,24.85,20.83,15.38
18.0,75.68,25,28.12,0.743,34.43,27.43,24.64,20.41,14.91
17.15,69.66,202,26.99,0.6,34.77,25.83,23.41,18.89,13.36
21.33,66.18,273,25.61,0.69,35.02,24.49,22.01,18.03,12.35
22.5,72.86,36,27.82,0.696,34.59,26.88,24.62,20.11,15.02
8.19,64.38,223,28.4,0.697,35.0,27.2,24.08,19.96,14.31
18.78,71.79,352,27.0,0.716,34.62,26.35,23.33,19.09,13.5
8.83,60.68,277,27.19,0.677,35.25,26.08,22.69,18.37,12.47
16.78,74.27,18,27.83,0.663,34.5,26.97,23.65,20.11,14.86
12.6,67.62,188,28.78,0.672,34.95,27.83,24.7,21.25,16.23
12.91,70.82,257,27.4,0.72,34.87,26.21,23.3,19.08,12.91
13.65,63.76,142,29.35,0.781,35.02,28.29,25.37,21.67,16.64
17.94,71.51,136,28.45,0.707,34.67,27.52,25.62,20.89,15.61
13.34,73.13,307,27.08,0.735,34.72,26.15,23.43,18.86,13.74
19.72,68.04,79,28.69,0.732,35.04,27.51,24.94,20.81,15.43
14.47,70.5,292,27.27,0.741,34.91,26.16,23.33,18.81,13.49
9.09,67.76,62,29.74,0.724,34.88,28.65,25.39,21.44,16.04
20.54,75.2,129,27.86,0.663,34.5,26.9,24.16,20.18,14.38
12.57,68.46,341,27.38,0.671,34.84,26.07,22.75,18.63,13.09
14.92,74.31,298,26.64,0.653,34.46,25.52,22.64,19.48,13.84
18.97,73.62,257,26.41,0.708,34.6,25.23,22.57,18.61,13.44
13.32,66.98,212,27.44,0.705,34.97,26.7,23.67,19.8,14.22
8.91,63.91,54,30.11,0.743,35.01,28.94,26.13,22.22,16.87
13.98,66.9,175,28.85,0.736,34.86,27.83,24.79,20.32,14.5
23.11,74.05,100,27.93,0.691,34.63,26.91,23.74,20.42,15.47
18.27,63.87,39,28.2,0.684,35.02,27.33,24.64,19.98,14.55
18.74,68.92,263,26.37,0.658,34.92,25.61,23.09,19.11,13.2
18.12,73.7,150,27.95,0.701,34.52,26.85,24.31,20.51,15.31
11.18,66.01,121,29.37,0.721,35.01,28.14,25.21,21.5,16.08
14.69,70.92,178,27.9,0.676,34.76,26.82,23.33,19.1,13.84
20.02,64.18,301,25.78,0.676,35.08,24.62,21.81,18.01,13.45
9.62,61.86,330,28.35,0.737,34.99,27.34,24.85,20.33,15.17
12.45,73.5,120,29.24,0.785,34.75,28.36,25.07,21.64,16.47
12.42,61.68,72,29.8,0.753,35.19,28.49,26.14,21.98,16.37
14.91,64.61,219,27.42,0.649,35.18,26.61,23.17,18.87,13.4
23.69,74.54,302,25.58,0.614,34.54,24.95,22.26,17.91,12.3
9.08,65.89,123,30.11,0.814,34.91,28.44,25.78,21.8,15.91
16.3,76.54,244,26.43,0.599,34.36,25.25,22.89,18.16,12.53
10.87,76.66,75,29.49,0.812,34.45,28.3,25.54,21.79,16.63
23.53,64.56,6,27.01,0.636,35.16,26.31,23.4,19.06,13.67
9.81,60.7,21,28.49,0.756,35.2,27.5,24.67,21.09,15.24
14.46,71.99,190,27.88,0.666,34.65,26.71,23.67,19.07,13.54
19.81,67.67,225,26.6,0.644,34.91,26.05,22.63,18.58,12.84
19.27,61.71,103,28.88,0.654,35.13,27.84,24.94,21.07,15.71
14.76,72.03,344,28.02,0.785,34.53,26.86,24.12,20.28,14.58
13.54,60.53,99,29.32,0.773,35.01,28.08,25.5,21.19,15.53
14.36,74.79,318,27.41,0.718,34.72,26.38,23.38,18.78,12.9
12.23,62.36,363,28.08,0.693,35.18,27.23,24.83,20.54,15.54
11.29,62.16,83,29.56,0.72,34.96,28.33,25.42,21.78,16.27
15.73,62.99,181,28.28,0.75,35.07,27.36,24.63,21.36,15.83
12.3,76.32,152,28.95,0.69,34.48,27.95,25.33,20.58,15.18
12.6,71.78,56,29.34,0.744,34.84,28.31,25.45,21.06,15.68
18.51,73.62,190,26.96,0.629,34.7,26.11,23.27,18.48,12.77
23.5,66.76,22,27.25,0.692,34.82,26.62,24.24,19.92,14.49
17.66,65.72,68,28.88,0.66,34.98,28.01,24.67,20.32,14.84
9.23,63.99,185,28.98,0.68,35.04,28.09,25.27,20.69,15.5
9.21,68.17,10,28.66,0.695,34.87,27.34,23.95,20.51,15.24
23.22,69.38,66,28.1,0.738,34.77,27.2,23.79,20.15,14.65
12.76,70.74,264,26.8,0.653,34.77,25.56,22.72,18.71,13.22
9.47,64.37,225,27.97,0.748,34.94,26.99,23.96,19.81,14.25
17.58,76.13,123,28.1,0.773,34.44,27.42,25.16,21.41,15.94
17.98,62.89,38,28.18,0.703,34.96,27.2,24.27,19.77,14.26
18.38,76.42,123,28.17,0.656,34.44,27.31,24.82,20.82,15.37
12.28,60.25,318,27.36,0.729,35.23,26.02,23.17,18.83,12.89
8.24,68.18,156,29.51,0.694,34.92,28.4,25.19,22.03,16.34
23.44,65.67,301,25.86,0.61,35.12,24.72,21.38,16.74,11.67
12.01,67.64,321,27.81,0.636,34.87,26.78,23.56,19.35,13.65
18.82,69.7,67,27.77,0.742,34.88,26.48,23.71,19.09,13.55
19.31,67.41,133,28.41,0.745,34.91,27.86,25.46,21.66,16.23
17.76,67.05,362,27.54,0.761,34.95,26.6,23.45,19.65,14.09
13.01,72.46,140,28.88,0.719,34.78,27.84,25.24,20.86,15.19
12.34,71.66,82,29.27,0.715,34.79,28.62,25.71,21.11,15.89
17.56,74.17,58,28.56,0.706,34.64,27.64,24.47,20.21,14.4
21.86,64.25,149,27.64,0.646,34.97,26.48,23.76,19.38,13.27
23.15,70.36,131,27.77,0.76,34.81,26.87,24.47,20.39,15.28
9.69,69.95,69,29.8,0.899,34.94,29.1,26.13,22.68,16.79
10.48,66.29,345,27.47,0.665,34.97,26.22,23.63,19.8,14.51
23.12,68.26,250,25.48,0.658,34.83,24.58,21.84,18.04,12.43
19.78,65.33,320,26.04,0.645,35.07,25.46,22.73,18.63,13.58
22.13,62.41,177,27.61,0.716,34.97,26.62,23.52,20.48,14.9
11.24,63.63,72,29.67,0.802,35.02,28.59,25.84,21.78,16.12
17.4,61.79,17,28.16,0.669,35.03,27.5,24.22,20.41,15.18
19.22,71.61,329,26.81,0.655,34.72,25.8,23.08,19.42,14.29
18.88,71.23,160,27.91,0.756,34.88,26.85,24.39,20.27,15.25
14.53,76.16,70,29.02,0.761,34.62,27.66,25.32,21.3,15.05
8.25,72.4,113,29.92,0.781,34.52,28.58,25.38,21.05,14.96
17.33,60.88,232,26.09,0.673,35.1,24.98,22.28,18.18,12.36
12.05,75.03,21,28.86,0.76,34.45,27.75,24.66,21.14,15.31
15.2,74.67,135,28.88,0.783,34.72,27.98,25.13,21.5,15.85
23.32,67.54,263,25.51,0.665,34.84,24.69,22.43,18.6,13.12
14.38,69.96,111,29.22,0.744,34.81,27.98,25.37,21.63,16.19
21.44,76.59,246,25.56,0.651,34.55,24.98,21.96,17.84,12.51
11.02,69.05,283,27.27,0.686,34.86,25.99,22.94,19.22,13.51
18.76,75.39,8,27.36,0.661,34.3,26.81,23.99,19.83,14.3
23.63,61.41,284,25.67,0.638,35.18,24.9,22.1,17.35,11.83
9.63,63.25,207,28.28,0.714,35.02,27.4,24.58,21.21,15.72
8.13,67.49,194,28.55,0.659,34.98,27.54,24.26,20.08,14.43
14.94,69.94,47,28.78,0.764,34.82,28.1,25.82,22.14,16.7
9.48,73.88,342,28.0,0.748,34.71,26.9,24.66,20.41,14.6
19.97,76.8,242,26.08,0.674,34.46,25.15,22.45,17.28,12.29
22.63,66.61,10,27.19,0.721,34.82,26.42,23.3,19.17,13.4
14.94,60.81,289,26.4,0.655,35.26,25.36,22.35,17.51,12.13
12.14,73.62,131,29.29,0.728,34.71,28.34,25.2,21.4,15.8
14.95,70.27,270,26.53,0.704,34.81,25.86,22.7,18.51,12.86
19.58,63.38,302,25.8,0.602,35.09,24.58,21.59,17.97,12.02
8.14,68.41,61,30.58,0.744,34.91,29.45,26.7,22.69,17.03
17.43,72.62,164,28.34,0.738,34.57,27.85,25.02,20.5,14.93
17.81,73.1,13,27.61,0.715,34.78,26.61,24.21,20.38,14.71
18.2,68.49,272,26.18,0.693,34.84,25.47,22.17,17.44,12.15
11.87,65.19,208,27.3,0.621,34.98,26.43,23.36,19.14,14.14
19.42,76.55,246,25.74,0.638,34.5,24.56,21.14,16.3,10.78
9.46,71.28,133,29.35,0.705,34.5,28.31,25.5,21.54,16.2
11.19,66.94,244,27.47,0.728,34.98,26.45,24.07,20.07,14.94
22.04,64.77,294,25.73,0.695,34.91,25.53,22.54,18.49,12.67
19.82,72.43,38,28.06,0.732,34.71,26.65,24.19,19.72,14.75
8.22,64.12,359,29.05,0.719,34.95,27.61,24.96,21.4,15.5
11.97,62.92,56,29.47,0.724,35.05,28.39,25.78,22.05,16.55
11.43,69.01,319,27.31,0.673,34.8,26.18,23.52,19.52,14.22
12.33,64.93,48,29.33,0.716,34.92,28.12,25.8,21.47,16.43
11.96,70.69,105,29.76,0.757,34.75,28.56,25.62,21.38,15.88
9.0,62.0,59,29.74,0.732,35.07,28.78,26.12,22.01,16.54
15.34,71.13,77,28.51,0.67,34.65,27.37,25.09,20.55,15.53
19.72,64.82,218,26.91,0.692,35.12,25.91,22.76,19.0,13.05
17.71,60.0,55,28.54,0.745,35.12,27.82,24.88,21.28,15.48
18.77,62.16,55,27.53,0.764,35.17,26.79,24.08,20.67,14.8
9.3,75.87,129,30.38,0.764,34.63,29.19,26.05,21.82,15.99
23.22,74.75,85,27.77,0.627,34.7,26.66,23.57,20.02,14.25
21.42,63.97,214,27.1,0.716,34.99,26.42,24.18,20.65,15.52
20.88,73.23,115,28.28,0.756,34.65,27.23,24.11,19.76,14.71
21.17,70.35,314,26.04,0.697,34.77,25.44,22.48,17.98,12.6
22.92,76.51,293,25.68,0.699,34.59,24.94,22.16,18.49,13.29
16.71,66.35,49,28.38,0.781,34.92,27.39,24.63,20.31,15.06
11.2,71.58,67,29.63,0.72,34.78,28.67,25.64,21.25,15.75
17.87,61.08,275,26.92,0.74,35.13,25.61,22.68,18.9,13.68
19.89,66.74,129,27.9,0.694,35.04,27.32,24.17,19.51,14.24
19.81,76.38,29,27.96,0.741,34.54,27.04,24.0,19.72,14.42
16.34,69.16,343,27.09,0.693,34.82,26.17,23.53,18.69,13.21
9.1,64.89,33,29.43,0.714,35.04,28.22,25.63,21.2,15.75
13.94,62.04,119,29.77,0.809,35.28,28.73,26.13,21.77,16.22
22.73,71.96,180,27.0,0.662,34.66,26.49,23.66,19.26,13.23
17.35,70.96,151,28.44,0.798,34.87,27.45,24.5,20.22,14.7
16.61,66.36,133,28.63,0.698,34.86,27.6,24.36,19.44,13.95
12.3,76.17,327,28.43,0.683,34.56,27.54,24.59,20.09,14.32
13.9,60.38,185,27.78,0.677,35.11,26.84,24.05,20.49,14.85
22.33,65.16,134,27.27,0.748,34.96,26.74,24.2,20.22,14.93
18.66,75.66,177,28.02,0.648,34.51,26.71,23.31,19.0,13.76
20.6,65.46,22,27.44,0.73,35.05,26.48,23.51,19.15,13.15
15.27,64.29,241,27.02,0.754,34.98,25.76,22.2,18.41,12.7
18.08,69.08,77,29.17,0.738,34.89,28.49,25.14,21.08,15.82
11.97,74.0,204,28.1,0.697,34.59,26.8,24.34,19.8,13.92
19.29,61.75,4,28.06,0.715,35.13,27.23,23.98,19.67,14.13
14.84,76.03,328,27.3,0.644,34.7,26.06,23.27,18.67,12.8
15.08,73.52,165,28.08,0.818,34.58,27.0,24.4,20.02,14.26
18.39,63.08,128,27.7,0.728,35.0,26.59,23.59,19.76,14.37
22.98,72.1,45,27.68,0.652,34.69,26.86,23.67,19.8,14.49
9.02,66.54,218,27.49,0.662,34.94,26.79,24.0,20.31,15.12
21.2,66.84,235,26.18,0.662,34.99,25.03,22.67,18.63,13.97
12.68,73.32,136,29.6,0.706,34.67,28.34,25.79,21.08,15.53
15.1,76.37,168,28.23,0.657,34.57,27.37,24.46,19.87,14.32
8.35,62.15,237,28.04,0.723,35.0,26.89,23.86,19.95,14.84
12.82,67.15,93,29.75,0.803,34.94,28.47,25.92,21.86,16.7
16.04,68.18,5,28.1,0.75,34.91,27.04,23.73,19.17,13.83
8.9,66.4,156,29.74,0.76,35.01,28.34,25.74,21.5,15.89
15.86,66.17,245,26.76,0.662,34.92,25.7,22.71,19.37,14.09
22.83,60.89,360,26.0,0.652,35.16,24.98,21.71,17.98,12.3
9.69,71.65,81,30.28,0.818,34.8,29.26,25.82,22.32,16.62
20.23,67.42,247,26.02,0.6,34.8,25.27,22.96,18.39,12.97
14.55,63.31,343,27.31,0.658,34.89,25.79,22.9,19.47,14.59
18.48,73.87,137,28.38,0.706,34.53,27.49,24.36,20.06,14.47
12.16,73.64,63,29.49,0.745,34.59,27.99,25.11,21.64,16.16
10.55,68.27,307,27.38,0.689,34.98,26.32,23.3,19.34,13.37
10.57,65.07,116,29.32,0.749,35.2,28.57,25.54,21.69,15.92
9.13,70.85,113,30.09,0.8,34.68,28.92,25.87,22.05,16.66
10.97,64.9,31,28.91,0.667,35.0,27.9,25.07,21.01,15.65
18.63,64.01,7,27.58,0.633,34.99,26.82,24.23,20.37,15.45
22.11,72.42,3,27.06,0.655,34.75,26.37,23.09,18.58,12.77
21.03,60.69,307,26.33,0.694,35.2,25.64,23.19,19.04,13.58
18.96,61.61,243,26.96,0.653,35.05,26.14,23.03,19.24,13.61
9.77,60.12,56,29.79,0.762,35.13,28.56,25.75,21.7,16.28
12.63,62.6,73,29.32,0.755,35.08,28.42,25.53,21.29,15.63
12.96,61.17,10,28.96,0.751,35.28,28.24,25.12,21.11,15.09
12.0,76.93,61,29.76,0.825,34.46,28.81,26.24,21.59,16.29
16.24,64.91,50,28.72,0.76,34.85,27.81,24.69,21.01,15.29
16.57,62.54,122,28.82,0.775,35.23,27.54,25.08,20.14,14.57
13.71,64.1,175,28.31,0.714,35.09,27.09,24.43,20.32,14.84
13.66,75.91,1,28.22,0.776,34.45,27.07,23.96,20.16,14.65
21.26,68.84,38,27.71,0.704,34.88,26.64,23.42,19.36,12.97
20.63,66.2,190,26.66,0.592,35.03,25.76,23.28,18.99,13.02
12.92,74.85,79,29.44,0.851,34.62,28.23,24.96,21.3,15.72
22.62,66.71,345,26.93,0.68,35.07,26.27,23.39,19.02,14.21
23.25,65.7,338,25.93,0.669,35.03,25.04,22.41,18.98,13.2
13.23,63.52,190,27.98,0.667,35.09,26.74,24.05,19.86,14.25
13.67,66.42,184,27.85,0.793,34.96,26.66,23.7,19.5,14.41
16.09,65.38,67,29.23,0.715,35.0,28.29,25.21,21.4,16.11
23.06,71.51,17,27.34,0.675,34.83,26.46,23.84,19.62,14.24
22.02,64.92,316,25.62,0.577,34.99,24.79,21.43,17.37,11.91
9.64,69.81,296,27.04,0.696,34.9,25.9,23.13,19.26,13.19
14.28,61.12,209,27.79,0.692,35.19,27.14,23.9,19.31,13.34
16.85,63.25,345,26.87,0.614,35.08,26.09,23.02,19.17,13.39
16.05,66.93,41,28.82,0.732,34.89,27.69,24.93,20.16,14.54
11.1,75.93,115,29.44,0.757,34.53,28.0,24.89,20.79,15.65
21.74,66.41,100,28.33,0.71,34.98,27.42,24.91,20.67,15.18
18.83,71.29,345,27.1,0.61,34.85,25.97,23.38,18.76,13.06
21.41,64.34,349,26.5,0.677,35.08,25.3,22.26,18.83,13.25
21.74,62.16,139,27.49,0.644,35.04,26.77,23.89,19.85,14.76
19.97,61.0,316,26.48,0.7,35.0,25.6,22.42,18.06,12.59
15.03,65.19,324,26.96,0.657,35.07,26.2,23.52,19.48,14.18
17.77,62.68,334,27.26,0.725,35.36,26.32,23.93,20.82,15.18
10.57,62.96,302,27.3,0.69,35.05,26.19,22.99,18.49,12.41
18.78,72.93,294,26.36,0.663,34.64,25.2,22.43,18.59,13.29
10.87,60.27,17,28.8,0.785,35.27,27.61,24.82,20.35,14.95
19.1,69.48,322,26.53,0.633,34.73,25.27,22.08,18.17,12.96
11.67,66.45,292,27.1,0.639,35.09,26.26,23.14,18.77,13.3
9.88,68.61,74,29.81,0.787,34.9,28.47,25.03,20.86,16.09
10.64,69.57,263,26.66,0.617,34.81,25.63,22.99,18.96,13.17
8.03,65.33,16,29.08,0.71,34.91,27.91,24.95,21.37,15.55
19.5,65.02,14,27.39,0.628,35.09,26.57,23.54,18.85,13.3
19.72,72.47,336,26.65,0.715,34.66,25.77,23.53,20.11,14.52
16.24,74.81,281,26.96,0.639,34.68,25.74,22.38,17.51,11.96
10.58,63.27,361,28.32,0.693,35.11,27.19,24.72,20.76,15.23
9.34,61.66,4,29.31,0.698,35.26,28.47,24.97,20.9,15.3
8.31,75.26,127,29.68,0.745,34.61,28.4,25.37,21.22,15.55
10.65,65.95,312,27.32,0.684,35.27,26.49,23.13,19.05,13.25
22.25,69.37,6,26.42,0.696,34.88,25.72,22.62,18.73,13.4
11.86,66.11,129,29.56,0.704,34.97,28.54,25.53,21.61,16.47
13.67,62.14,232,27.27,0.664,35.08,26.12,23.07,18.9,14.39
9.69,70.02,313,27.98,0.766,34.89,26.94,24.14,20.32,14.93
11.56,68.93,195,28.25,0.759,34.81,27.1,24.48,20.29,15.13
16.31,63.45,65,28.83,0.708,34.98,28.1,25.21,21.15,15.71
17.72,67.68,321,26.8,0.672,34.85,25.62,22.88,19.24,13.96
11.93,73.55,103,30.23,0.856,34.64,29.25,26.79,23.17,17.65
8.92,70.04,277,27.52,0.648,35.02,26.43,23.39,19.71,14.12
14.26,61.65,158,29.17,0.668,35.16,28.24,25.68,21.17,15.6
11.75,69.32,224,27.91,0.686,34.76,27.01,24.92,20.99,16.06
11.51,71.95,289,27.42,0.689,34.83,26.2,23.9,19.98,15.02
23.36,73.48,278,25.67,0.608,34.68,24.68,22.36,18.97,13.22
17.86,70.69,182,26.57,0.706,34.9,25.69,23.06,19.28,13.93
16.91,62.6,4,27.67,0.708,35.29,26.92,24.41,20.06,14.48
14.65,72.07,215,27.16,0.661,34.57,26.13,23.15,18.9,13.94
14.86,71.51,217,27.93,0.686,34.5,27.24,24.37,19.25,13.4
16.65,60.42,209,27.07,0.652,35.38,26.06,23.18,19.05,13.89
19.14,67.0,74,28.47,0.757,34.85,27.43,24.35,20.1,14.63
19.23,65.66,227,26.47,0.645,34.8,25.66,22.89,18.58,12.52
10.75,71.38,93,29.4,0.704,34.69,28.22,25.21,20.8,15.88
16.0,63.67,65,28.71,0.77,34.96,27.64,24.78,21.29,15.27
14.59,70.04,321,27.43,0.682,34.72,26.5,23.24,18.07,12.26
21.93,75.52,10,26.48,0.61,34.66,25.82,22.86,18.25,12.38
18.1,73.56,303,26.53,0.734,34.62,25.67,23.2,20.05,14.94
16.52,75.66,322,26.64,0.694,34.41,25.71,22.93,19.22,13.54
9.85,76.63,305,28.08,0.714,34.54,27.38,24.93,20.95,15.1
17.69,60.18,278,26.47,0.656,35.11,25.68,22.67,18.57,13.25
9.88,70.59,86,29.46,0.743,34.75,28.31,25.36,21.03,15.2
13.4,67.02,26,28.59,0.716,34.9,27.79,25.0,20.39,15.03
10.29,74.62,218,28.1,0.702,34.7,26.98,24.07,20.12,14.73
19.07,64.28,95,28.45,0.7,34.98,27.67,24.4,20.62,15.2
11.3,76.68,244,27.5,0.691,34.6,26.56,23.88,19.5,13.42
14.27,70.43,107,29.21,0.722,34.62,28.22,25.06,20.23,15.08
22.33,73.49,248,26.03,0.66,34.75,25.05,22.22,18.38,13.32
11.27,61.46,14,28.93,0.737,35.27,27.87,24.36,20.57,15.35
16.12,63.12,161,28.2,0.688,35.05,27.15,24.11,20.34,15.07
14.71,72.89,71,29.13,0.74,34.6,28.19,25.29,21.12,15.57
8.29,60.37,152,29.23,0.769,35.08,28.2,25.49,20.52,15.54
20.68,73.89,75,28.69,0.64,34.64,27.43,24.24,19.65,13.73
9.1,60.24,215,29.09,0.766,35.31,28.06,24.91,21.32,15.14
15.59,71.17,51,28.69,0.682,34.71,28.3,25.99,21.35,16.23
16.97,66.21,143,28.42,0.704,35.06,27.42,25.16,21.34,15.31
18.05,70.4,36,28.49,0.612,34.67,27.77,25.12,20.61,15.44
19.02,71.83,167,27.97,0.732,34.69,27.22,24.73,20.18,14.26
12.05,65.82,236,27.49,0.665,34.96,26.12,23.17,19.8,14.49
8.16,61.84,260,27.52,0.676,35.15,26.5,23.86,20.5,14.78
19.58,61.18,192,27.61,0.702,35.12,26.56,23.89,19.85,14.47
16.57,70.01,202,27.52,0.617,34.92,26.54,23.44,19.15,14.07
21.38,68.85,262,25.88,0.649,34.97,24.74,21.97,18.29,12.54
21.14,72.62,185,26.76,0.699,34.68,25.99,23.05,18.32,13.32
21.49,68.67,158,27.48,0.702,34.8,26.57,23.83,20.21,14.72
15.76,67.18,246,26.23,0.641,34.85,25.53,22.55,19.26,13.79
13.34,66.77,110,29.56,0.758,35.03,28.27,24.96,21.09,15.95
20.66,60.45,99,28.59,0.725,35.12,27.9,25.04,20.48,15.37
15.22,65.7,241,26.97,0.709,34.83,26.08,23.47,19.98,14.46
10.94,76.59,202,27.88,0.756,34.41,26.64,24.01,20.04,14.08
21.68,74.85,122,28.12,0.697,34.67,26.96,23.58,19.43,13.94
22.12,65.6,117,28.2,0.725,34.84,27.31,24.5,20.01,14.06
15.46,69.99,96,28.85,0.709,34.76,27.93,25.28,20.73,15.2
9.21,74.4,234,28.17,0.732,34.63,26.86,24.04,20.4,14.79
14.21,67.5,67,29.32,0.768,34.73,28.14,25.51,21.38,15.45
20.86,60.31,218,26.3,0.652,35.21,25.64,22.39,18.25,12.49
22.43,61.27,15,26.97,0.7,35.12,25.99,22.79,18.74,13.63
11.26,68.68,273,27.26,0.688,34.66,26.32,23.65,18.77,13.17
9.07,76.48,219,27.84,0.703,34.56,26.99,24.03,19.92,14.29
22.04,71.78,274,25.77,0.608,34.77,24.77,22.32,18.22,12.88
14.23,61.21,147,28.92,0.745,35.17,27.68,24.9,21.39,16.39
16.67,63.22,332,27.4,0.669,35.12,26.63,23.53,19.76,14.09
23.49,73.11,344,26.34,0.695,34.7,25.47,22.34,17.75,12.61
9.07,74.3,152,29.56,0.723,34.7,28.37,24.95,20.69,15.19
18.37,70.5,347,27.0,0.691,34.69,26.37,23.73,20.05,15.13
9.19,70.96,304,27.52,0.685,34.62,26.37,23.49,18.87,13.69
14.01,60.48,15,28.28,0.729,35.06,27.33,24.74,21.32,15.71
20.86,74.09,354,27.27,0.686,34.56,26.09,23.32,19.21,13.79
14.94,73.4,84,29.34,0.717,34.87,28.34,25.52,21.63,15.89
23.95,64.4,192,26.53,0.71,34.94,25.56,22.95,18.67,13.22
16.94,72.05,41,27.89,0.671,34.67,26.85,23.98,19.7,13.95
13.14,63.65,352,28.06,0.737,35.03,26.93,23.96,19.49,13.78
11.52,60.69,324,27.29,0.621,35.14,26.51,23.69,20.21,15.06
13.61,63.42,261,26.61,0.657,35.24,25.47,22.89,19.03,13.6
13.96,63.04,309,26.78,0.734,34.91,25.67,22.52,18.03,12.64
9.1,65.74,136,29.46,0.743,35.19,28.67,26.08,22.26,16.61
13.91,67.11,278,27.17,0.689,34.93,26.09,23.27,19.54,13.95
15.43,68.65,106,29.12,0.808,34.95,28.02,25.0,21.33,15.73
19.56,68.1,7,27.13,0.678,34.88,26.46,23.67,19.69,14.01
18.51,64.6,302,26.19,0.666,35.1,25.28,22.8,18.77,13.08
19.34,60.5,30,28.04,0.735,35.09,27.17,24.65,20.18,14.42
8.13,70.29,126,30.18,0.72,34.65,29.12,26.38,22.81,16.9
11.48,66.73,357,28.35,0.701,35.19,27.57,24.91,21.07,15.55
18.59,65.08,79,28.24,0.722,35.19,27.13,24.28,20.57,14.79
15.74,74.74,67,28.81,0.671,34.51,28.08,25.06,20.21,15.21
8.09,72.69,23,30.16,0.83,34.76,28.75,25.97,22.25,16.35
20.87,74.58,189,26.57,0.697,34.73,25.55,22.56,18.47,12.85
20.36,68.41,74,28.41,0.746,34.93,27.35,24.17,20.4,15.12
16.77,62.23,5,28.42,0.775,35.09,27.45,24.44,19.86,13.71
9.06,71.84,82,29.94,0.797,34.93,28.69,25.3,21.93,16.66
20.26,63.5,25,28.21,0.707,35.13,27.59,24.37,20.0,14.26
17.34,67.5,264,26.21,0.591,34.81,25.38,23.19,19.55,13.73
20.51,61.11,2,26.57,0.64,35.12,25.7,23.22,19.04,13.71
20.03,74.03,278,25.83,0.619,34.53,24.77,21.89,18.53,13.24
20.85,62.14,328,26.13,0.679,35.1,25.55,22.87,18.89,13.05
16.29,75.35,343,26.81,0.678,34.57,25.88,22.75,19.41,13.81
10.25,74.69,224,27.75,0.64,34.69,26.63,24.01,19.88,14.74
18.74,67.9,72,28.82,0.769,34.96,27.89,25.08,20.54,14.9
17.93,72.65,68,28.44,0.776,34.73,27.47,24.37,20.39,14.59
19.88,70.53,320,26.27,0.717,34.81,25.55,22.6,18.44,12.91
10.72,73.65,94,30.2,0.731,34.76,29.36,26.38,22.04,16.51
11.12,67.34,19,28.69,0.744,34.88,27.45,24.83,21.23,15.65
22.25,73.36,128,28.02,0.67,34.43,27.05,24.19,19.55,14.18
20.0,67.86,343,26.24,0.735,35.1,25.24,21.9,18.57,12.87
22.53,76.0,82,27.72,0.703,34.47,26.95,23.96,19.79,14.48
20.14,68.27,254,25.98,0.635,34.94,25.31,22.25,17.61,12.0
17.55,67.86,221,27.19,0.664,34.85,25.99,22.71,18.77,12.84
18.47,73.35,343,26.71,0.685,34.81,25.59,22.52,18.5,13.47
22.23,73.97,97,27.78,0.724,34.55,26.88,23.37,19.21,13.25
17.26,69.43,52,28.63,0.663,34.75,27.8,24.69,20.34,15.09
18.12,63.06,175,27.77,0.759,35.03,26.66,23.84,20.27,14.72
10.5,67.95,338,27.78,0.722,34.94,26.63,23.9,20.02,14.53
15.58,76.46,182,27.72,0.757,34.56,26.6,23.88,19.58,13.82
19.46,72.8,353,27.36,0.759,34.74,26.62,24.03,20.09,14.44
12.34,73.79,115,29.1,0.739,34.66,28.04,25.53,21.12,15.86
11.24,60.56,348,28.27,0.752,35.27,27.07,23.89,20.18,14.35
13.02,67.95,1,28.11,0.69,34.98,26.86,23.6,20.34,14.69
11.86,70.99,63,29.9,0.748,34.91,28.78,25.92,22.26,17.08
11.44,74.11,248,27.57,0.76,34.67,26.47,23.75,19.39,13.71
14.8,60.84,231,27.36,0.661,35.2,26.54,23.46,18.97,13.48
22.53,74.49,226,25.84,0.653,34.8,25.22,22.47,18.41,12.94
16.11,69.32,19,28.42,0.686,34.95,27.22,24.93,20.18,14.42
11.01,63.35,31,29.4,0.726,35.12,28.54,25.27,21.54,16.17
9.23,65.39,333,28.34,0.7,34.84,27.39,24.54,20.71,15.19
19.14,64.79,121,28.29,0.777,34.84,27.29,24.71,20.55,14.81
14.12,69.02,24,28.61,0.749,34.9,27.77,24.83,20.62,15.31
21.15,60.88,325,25.71,0.675,35.23,24.69,21.98,17.84,12.38
18.55,62.7,211,27.38,0.619,35.02,26.55,24.02,20.54,15.02
20.74,73.82,161,27.34,0.692,34.68,26.96,24.03,19.76,14.17
12.35,62.25,255,27.11,0.668,35.02,26.12,22.97,18.39,12.45
19.08,63.97,59,27.96,0.729,35.1,27.0,24.1,19.69,14.14
12.22,67.71,114,29.68,0.857,34.95,28.38,25.12,21.42,15.25
23.03,68.79,160,27.36,0.595,34.91,26.56,23.59,19.11,13.83
18.18,72.98,220,26.66,0.686,34.71,25.95,23.23,19.61,13.77
13.19,67.6,357,27.36,0.779,34.87,26.2,23.36,19.18,13.84
12.31,73.43,169,28.42,0.702,34.64,27.49,24.94,20.12,14.2
11.05,70.51,12,28.93,0.744,34.9,27.81,25.01,21.21,15.32
19.11,61.92,242,26.38,0.689,35.16,25.41,22.33,18.12,12.4
11.5,62.66,139,29.28,0.662,35.14,28.33,25.2,21.24,16.3
17.52,67.43,97,28.64,0.74,34.91,27.33,24.65,20.3,14.67
12.23,66.75,147,28.58,0.696,35.0,27.51,24.73,21.12,16.13
18.59,72.64,182,27.71,0.783,34.79,27.0,24.05,20.13,14.77
21.04,69.87,57,27.61,0.69,34.74,26.71,23.97,20.74,15.16
20.45,66.6,42,27.87,0.678,35.0,27.0,23.95,20.13,14.68
20.17,62.9,354,26.64,0.703,35.06,25.73,22.15,17.96,12.56
11.0,63.86,199,28.51,0.745,35.08,27.83,25.27,20.83,15.46
9.41,69.78,31,29.57,0.793,34.89,28.56,25.86,21.19,16.09
19.18,67.2,180,27.27,0.764,34.77,26.12,23.21,19.06,13.58
13.89,68.75,2,28.36,0.698,34.74,27.19,24.07,19.94,14.62
14.92,62.9,288,26.35,0.729,35.02,25.39,22.46,19.0,14.08
8.5,71.27,138,29.73,0.837,34.68,28.87,25.44,21.17,15.2
12.15,74.49,105,29.23,0.716,34.6,28.32,25.5,21.8,16.27
8.54,64.38,218,28.54,0.699,35.19,27.63,24.2,20.05,14.79
22.07,68.36,222,26.25,0.659,34.98,25.18,22.39,19.04,13.13
11.89,76.58,331,27.95,0.7,34.48,27.03,23.97,19.24,13.45
16.92,65.67,105,28.66,0.798,35.06,27.57,24.63,21.07,15.29
8.62,70.12,127,30.11,0.739,34.79,28.98,25.77,21.47,16.08
18.67,61.53,265,25.88,0.656,35.17,25.14,22.77,19.02,13.68
13.17,70.3,200,27.58,0.667,34.69,26.45,23.72,20.25,14.49
22.37,61.52,252,25.68,0.645,35.01,24.55,21.53,17.29,11.91
22.21,76.31,15,26.89,0.763,34.62,25.99,23.05,18.51,12.82
13.2,72.17,226,27.62,0.771,34.72,26.62,24.22,19.64,14.52
22.42,73.4,353,26.45,0.679,34.72,25.75,22.63,18.19,12.84
23.94,71.97,105,27.45,0.719,34.88,26.47,23.28,18.21,12.93
21.21,70.03,233,25.74,0.661,34.78,24.77,21.6,17.4,12.38
21.52,67.65,319,26.33,0.648,34.87,25.52,22.49,18.65,13.36
11.98,74.59,219,26.93,0.755,34.79,26.0,23.57,19.57,13.9
17.23,76.27,277,26.11,0.706,34.55,25.22,22.2,17.95,12.48
9.08,68.48,261,28.09,0.722,34.78,26.96,23.97,19.52,13.63
9.52,75.84,341,28.19,0.707,34.64,26.95,24.16,19.83,14.0
23.98,69.92,336,26.24,0.651,34.78,25.62,22.79,18.8,13.48
13.23,69.15,190,28.19,0.729,34.75,27.42,24.84,21.07,16.08
19.97,67.73,198,26.83,0.674,34.9,25.83,23.24,18.54,13.37
20.91,63.56,353,26.32,0.705,35.14,25.36,22.61,18.57,13.17
21.73,60.06,277,25.34,0.65,35.08,24.64,21.74,17.75,11.8
23.96,64.11,336,25.63,0.601,34.92,24.86,22.35,17.87,12.41
11.86,68.67,39,29.31,0.703,34.85,28.39,25.3,21.42,15.61
8.65,66.46,162,29.52,0.795,34.83,28.47,25.31,21.59,16.2
14.58,67.62,121,28.8,0.688,34.77,27.88,24.92,20.59,14.69
10.08,76.67,262,27.49,0.681,34.53,26.33,23.84,19.39,13.94
8.36,65.95,216,28.29,0.701,35.07,26.78,23.68,20.44,14.79
13.77,67.69,312,27.21,0.637,34.97,26.24,23.24,19.47,13.99
20.54,62.27,49,27.79,0.716,35.1,27.06,24.25,20.22,14.56
17.06,60.82,92,29.33,0.745,35.3,28.45,25.56,21.19,15.22
13.0,73.18,129,29.41,0.727,34.85,28.24,25.26,20.85,15.66
18.47,69.7,321,26.63,0.752,34.86,25.6,22.86,18.99,13.4
11.71,72.93,28,28.84,0.638,34.65,28.29,25.33,20.9,15.27
8.23,62.55,356,28.53,0.691,35.25,27.49,24.96,20.51,14.97
20.23,69.72,148,27.96,0.686,34.96,26.61,23.84,19.69,13.99
17.98,64.31,328,26.65,0.615,35.05,25.61,23.11,19.26,13.57
20.2,63.88,65,28.29,0.809,35.17,27.37,24.23,20.83,15.77
8.62,60.2,218,27.65,0.789,35.11,26.29,23.35,19.35,13.87
21.39,62.22,51,27.76,0.675,34.9,26.88,23.47,19.04,13.41
17.91,65.26,305,26.45,0.714,34.89,25.43,22.97,18.77,12.77
17.01,61.99,74,29.09,0.766,35.14,28.19,25.99,22.41,16.76
17.99,76.76,199,26.89,0.743,34.52,25.91,22.95,19.33,13.54
21.83,65.25,192,26.28,0.654,35.09,25.3,22.59,18.98,13.36
17.39,62.22,189,27.59,0.715,34.96,26.59,23.77,20.07,15.03
17.3,63.38,12,27.83,0.761,34.92,27.07,23.8,20.47,15.4
23.85,69.99,239,25.11,0.673,34.88,24.32,21.86,17.84,12.27
20.11,61.09,360,26.58,0.673,35.01,25.66,22.74,18.94,13.23
15.08,74.66,81,28.93,0.7,34.59,28.02,24.55,20.13,14.8
19.32,76.35,270,26.08,0.622,34.55,25.19,22.16,18.15,12.99
14.23,64.19,290,27.33,0.616,34.97,26.11,22.89,18.9,13.31
11.66,67.65,48,29.01,0.772,34.95,28.1,25.25,21.47,16.57
17.55,60.38,317,26.85,0.684,34.98,25.79,22.99,18.64,12.97
22.85,70.89,209,25.66,0.651,34.95,24.76,22.29,17.57,11.96
22.87,67.04,35,27.56,0.696,34.89,26.43,24.13,19.8,14.25
13.47,64.59,119,29.7,0.715,35.0,28.85,26.57,22.89,17.29
16.44,63.52,65,28.86,0.748,35.33,27.93,24.75,20.56,14.72
11.39,71.12,315,27.38,0.716,34.62,26.39,23.71,19.8,14.53
23.93,67.08,242,25.96,0.614,34.81,25.32,22.75,18.41,12.82
23.7,63.05,36,27.45,0.692,35.22,26.81,23.8,20.12,15.26
18.39,71.71,252,26.37,0.635,34.58,25.32,22.59,18.44,13.18
20.87,69.61,243,25.73,0.633,34.87,24.87,22.17,18.02,12.62
19.44,74.6,42,28.19,0.67,34.56,27.28,24.3,20.73,15.81
17.49,62.0,69,28.48,0.714,34.96,27.52,25.05,21.58,16.29
8.85,73.36,107,30.12,0.839,34.72,28.86,26.01,22.45,17.15
15.28,71.45,39,28.67,0.71,34.8,27.98,25.07,20.84,15.14
18.8,61.96,69,28.82,0.707,35.12,28.12,24.9,20.56,14.99
18.84,71.81,180,27.25,0.663,34.93,26.44,23.95,19.49,14.29
13.97,67.51,12,28.31,0.712,34.82,27.58,24.74,20.05,14.79
23.07,76.06,339,26.46,0.735,34.64,25.74,22.89,18.42,12.74
10.68,62.41,204,28.09,0.769,35.14,26.97,23.83,19.39,14.59
16.01,70.93,36,28.49,0.719,34.86,27.45,24.85,20.25,14.69
19.05,66.49,126,28.21,0.691,34.89,27.39,24.2,19.5,14.35
19.15,76.27,63,28.34,0.65,34.41,27.17,23.68,19.06,13.64
18.38,65.61,332,27.0,0.644,34.91,26.26,23.23,19.11,13.74
12.4,76.36,82,30.07,0.693,34.54,28.72,25.97,22.05,16.45
10.5,75.33,307,27.11,0.713,34.66,26.26,23.51,19.55,14.11
18.18,64.6,299,26.01,0.704,35.02,25.19,22.38,18.07,12.11
17.59,73.66,34,28.18,0.7,34.68,27.64,24.74,20.5,15.33
10.87,76.93,240,27.58,0.713,34.7,26.55,23.75,19.79,14.52
19.28,64.3,97,28.44,0.68,35.03,27.67,25.69,21.67,16.73
15.28,67.43,49,28.64,0.652,34.85,27.8,25.05,21.18,15.7
18.68,68.84,146,27.73,0.704,34.89,26.65,23.67,19.19,13.39
21.4,65.01,125,27.81,0.72,34.83,26.74,23.85,20.45,15.4
10.72,60.26,189,28.7,0.799,35.02,27.45,24.49,20.64,15.06
8.31,63.74,57,29.98,0.852,35.04,28.86,25.95,22.15,15.58
20.47,64.79,349,27.01,0.669,34.91,26.13,23.03,18.5,13.15
17.76,67.54,109,28.32,0.756,34.84,27.4,24.76,20.23,15.01
19.19,62.91,5,27.86,0.718,35.18,27.06,24.29,19.91,14.78
21.41,74.85,24,27.3,0.689,34.66,26.3,23.22,19.41,13.64
20.84,71.98,221,26.48,0.663,34.71,25.78,23.26,18.69,13.35
23.37,61.45,315,25.75,0.637,35.15,25.02,21.63,17.71,12.38
16.57,71.05,294,26.42,0.659,34.72,25.79,23.61,20.09,14.78
15.82,71.11,10,28.16,0.781,34.84,27.29,24.96,20.58,14.9
14.43,76.26,165,28.57,0.736,34.63,27.57,25.22,20.74,15.35
10.46,60.05,215,28.8,0.804,35.3,28.16,25.11,20.72,15.55
17.16,64.21,126,28.81,0.698,35.13,27.86,25.08,20.91,14.85
12.43,75.77,267,27.33,0.577,34.57,26.36,23.38,19.66,14.16
22.74,75.85,280,25.94,0.63,34.5,25.2,22.52,18.82,13.62
17.33,72.25,88,28.96,0.705,34.69,28.21,25.36,21.58,16.57
17.49,73.02,114,28.67,0.67,34.69,27.76,24.79,19.91,14.88
13.68,61.56,21,28.67,0.782,35.07,28.22,25.18,21.01,15.79
8.83,68.74,148,29.8,0.711,35.01,28.59,25.75,21.3,16.36
8.51,63.94,245,28.29,0.742,35.21,27.47,25.48,21.54,16.34
14.77,63.08,266,26.34,0.741,35.06,25.06,22.59,18.85,12.65
9.35,73.78,217,27.56,0.651,34.75,26.27,23.47,19.17,13.53
17.71,62.3,240,26.94,0.669,35.16,25.71,22.82,19.49,14.42
22.1,67.97,232,25.74,0.696,34.83,24.72,22.06,17.6,11.94
22.13,75.96,232,25.48,0.618,34.6,24.32,21.32,17.44,12.33
18.54,63.16,242,25.87,0.659,35.0,24.98,22.08,18.84,13.57
11.38,76.63,190,28.88,0.762,34.45,27.65,24.18,20.45,15.51
21.81,76.9,229,26.33,0.667,34.57,25.79,22.98,19.12,13.49
22.18,69.45,66,27.72,0.684,34.87,26.99,24.18,20.01,13.96
11.15,62.89,279,27.11,0.652,35.35,26.06,23.07,19.22,13.66
19.8,65.37,269,26.05,0.608,34.97,25.22,22.55,18.23,12.3
12.58,67.22,209,28.04,0.735,34.86,27.14,24.31,20.66,15.02
20.84,65.26,16,27.31,0.663,35.08,26.69,23.7,19.31,12.97
23.96,64.77,297,25.27,0.676,35.01,24.37,21.77,17.57,12.08
8.48,76.53,220,28.55,0.79,34.47,27.3,24.35,19.92,14.55
22.36,62.61,257,25.69,0.594,35.04,24.94,21.83,17.59,12.24
17.96,72.47,268,26.25,0.687,34.68,25.65,22.28,17.99,12.79
23.57,60.01,229,25.98,0.732,35.31,24.9,22.46,17.56,12.15
15.44,70.14,119,28.31,0.685,34.84,27.42,24.61,20.53,14.83
21.56,75.57,178,27.2,0.734,34.49,26.61,23.77,19.48,14.35
9.0,64.89,20,29.38,0.774,35.19,28.4,25.5,20.88,15.59
13.36,63.15,36,28.48,0.763,34.98,27.53,25.02,20.64,15.12
9.07,71.08,335,27.66,0.67,34.68,26.67,23.88,19.93,14.39
23.61,72.11,108,27.64,0.775,34.83,27.19,24.77,19.96,14.27
21.07,71.7,189,26.96,0.652,34.88,26.26,23.48,19.31,14.2
21.64,65.43,178,27.13,0.71,35.02,25.97,22.32,18.68,13.19
23.01,64.29,96,28.46,0.721,34.9,27.62,25.14,20.87,15.63
9.36,76.25,315,27.94,0.73,34.56,26.87,24.1,20.58,14.48
14.17,75.7,20,28.06,0.672,34.44,27.27,24.28,20.61,15.15
9.14,67.77,164,29.13,0.695,35.14,28.05,25.12,21.17,15.76
11.37,74.39,97,29.3,0.76,34.65,28.25,25.28,21.17,15.32
11.67,67.69,143,29.15,0.73,34.97,28.11,24.87,20.78,15.06
15.51,67.21,62,29.35,0.734,34.87,28.43,25.82,21.92,16.64
12.3,62.66,242,27.47,0.716,35.27,26.42,23.42,20.12,14.8
9.62,67.25,238,27.56,0.637,34.86,26.39,23.31,19.41,14.0
10.68,69.14,131,29.71,0.809,34.75,28.61,26.99,23.49,18.38
10.36,60.38,93,29.61,0.763,35.22,28.6,25.37,20.81,15.48
23.57,67.55,91,27.04,0.712,34.99,26.35,23.47,19.15,14.07
20.15,73.28,133,27.71,0.722,34.88,27.38,23.83,19.74,13.96
23.48,71.56,123,27.84,0.729,34.9,26.76,24.28,20.71,15.29
15.04,70.8,342,27.71,0.653,34.89,26.85,23.94,19.12,13.65
12.45,75.46,118,29.92,0.814,34.51,29.19,26.52,23.63,17.77
20.77,60.31,198,26.87,0.687,35.12,25.85,22.72,18.62,13.66
13.22,69.47,282,27.43,0.674,34.73,26.55,23.23,19.6,13.97
12.79,73.38,1,28.49,0.72,34.65,27.39,24.31,20.2,14.82
11.72,69.2,211,28.16,0.729,34.64,27.01,24.55,20.12,14.48
10.07,65.51,263,27.84,0.712,35.12,26.61,23.93,20.52,15.36
12.1,62.32,332,27.88,0.73,35.0,26.83,23.48,19.3,13.72
13.69,75.09,212,27.89,0.773,34.48,26.85,23.24,18.85,13.27
18.78,68.0,87,28.37,0.68,34.84,27.62,24.68,20.73,15.24
9.0,74.93,153,28.71,0.761,34.47,27.32,24.76,20.9,15.43
11.37,69.96,350,28.38,0.717,34.87,27.5,24.41,20.45,14.78
20.94,71.46,187,27.08,0.728,34.64,26.38,23.84,19.91,14.18
10.35,73.67,61,29.43,0.818,34.7,28.41,25.54,21.6,15.93
13.48,71.21,285,26.62,0.676,34.84,26.07,23.76,20.15,14.6
21.83,66.77,95,28.16,0.74,34.87,27.56,24.49,20.41,15.0
10.48,68.73,274,27.64,0.748,34.78,26.47,23.58,19.22,13.6
9.32,73.65,41,29.74,0.802,34.57,28.4,25.31,21.5,15.65
15.75,66.35,147,28.22,0.767,34.84,27.12,24.53,19.44,13.58
12.84,66.6,246,26.97,0.667,34.89,25.83,23.17,19.31,13.54
17.01,61.63,132,28.77,0.712,35.14,27.46,24.09,20.6,15.2
20.86,75.55,297,25.99,0.604,34.44,25.22,22.63,18.83,13.6
10.19,61.55,123,30.01,0.763,35.07,28.68,25.35,20.61,14.78
17.29,71.02,143,28.26,0.715,34.77,27.38,24.25,20.72,15.35
16.09,67.02,182,28.02,0.705,34.92,27.25,24.62,20.3,14.91
10.31,66.9,192,28.45,0.743,34.66,27.65,24.41,20.38,15.44
17.98,71.55,207,26.79,0.695,34.8,25.82,22.87,19.28,14.48
12.38,61.14,231,27.73,0.699,35.28,26.56,23.93,19.59,14.41
15.81,70.09,22,27.98,0.723,34.74,27.28,24.54,20.5,15.21
9.32,73.12,80,30.0,0.803,34.5,29.21,26.42,21.79,16.45
15.35,74.08,130,28.89,0.705,34.56,28.06,25.44,21.27,15.55
12.9,62.9,292,27.09,0.72,35.0,25.93,23.46,18.89,13.05
21.16,75.26,276,26.12,0.629,34.71,25.0,21.82,17.91,11.94
8.91,71.15,323,28.24,0.775,34.64,27.36,24.58,19.9,14.44
14.7,74.99,55,29.11,0.75,34.56,28.11,25.52,21.39,15.66
15.33,68.25,66,29.01,0.743,35.04,28.28,25.64,21.32,16.05
19.6,69.21,227,26.98,0.608,34.85,25.96,23.11,18.73,12.89
17.19,75.62,26,28.58,0.754,34.59,27.87,24.92,21.26,15.84
18.68,75.3,253,26.55,0.67,34.58,25.93,23.34,18.81,13.08
20.43,67.62,197,27.07,0.689,34.99,26.15,23.37,19.05,13.13
21.8,64.67,130,27.69,0.697,35.05,26.91,24.39,20.37,14.62
13.02,66.68,243,27.2,0.711,35.12,25.94,23.12,19.28,13.58
16.61,66.59,312,26.95,0.712,35.13,25.78,22.81,17.99,12.48
21.44,64.88,212,26.72,0.691,35.04,25.93,22.55,18.38,12.7
23.83,64.57,190,26.74,0.725,35.01,25.83,22.9,19.1,13.32
22.23,74.64,290,25.89,0.618,34.63,25.1,21.92,18.49,12.75
13.94,61.19,226,27.89,0.683,35.1,26.92,23.53,19.45,12.83
11.12,71.52,246,27.43,0.709,34.75,26.5,23.38,18.72,13.11
15.83,62.94,56,29.12,0.77,34.94,28.26,25.58,21.48,15.99
19.87,65.86,55,28.46,0.745,34.89,27.76,24.82,20.53,14.9
15.88,61.05,276,26.75,0.621,35.24,25.83,23.08,19.11,13.67
15.73,64.59,306,26.96,0.631,35.07,26.06,23.45,20.08,14.87
21.41,73.06,340,26.63,0.661,34.66,25.77,22.93,18.36,13.18
13.78,75.05,153,28.5,0.654,34.64,27.71,24.68,21.01,15.81
21.76,63.77,53,28.01,0.721,35.2,27.53,24.53,20.8,15.11
14.51,67.88,111,29.38,0.748,34.85,28.54,25.9,22.06,16.28
13.25,68.0,204,27.87,0.67,34.74,26.96,24.12,20.12,14.45
15.26,74.85,112,28.48,0.702,34.67,27.46,23.85,20.58,15.26
20.2,72.97,325,25.93,0.652,34.73,25.1,22.17,18.59,13.18
10.02,68.72,258,27.3,0.629,34.93,26.14,23.48,19.15,13.42
11.14,71.4,16,28.82,0.711,34.62,27.64,24.84,20.76,15.58
23.22,74.41,350,26.18,0.645,34.47,25.33,22.2,17.66,11.83
10.81,60.16,166,29.11,0.731,35.22,28.4,25.31,21.77,16.11
17.08,66.85,301,26.92,0.667,34.95,25.97,22.55,18.47,13.03
17.27,75.42,280,26.82,0.729,34.55,26.21,23.51,18.64,13.39
15.83,72.59,158,28.42,0.76,34.84,27.26,24.57,19.48,14.33
18.32,69.23,249,26.69,0.645,34.83,25.8,22.94,18.61,13.2
11.68,69.0,181,28.31,0.678,34.96,27.41,24.46,20.03,14.16
16.84,65.91,191,27.45,0.677,35.05,26.66,23.5,19.22,14.04
13.95,68.85,139,28.57,0.776,34.74,27.36,24.57,20.38,14.57
18.59,71.14,78,28.94,0.653,34.67,27.79,24.47,20.89,15.25
10.26,67.11,336,28.68,0.734,34.79,27.73,25.09,21.56,15.77
17.13,72.14,50,28.44,0.711,34.76,27.39,24.71,21.5,15.97
10.96,74.64,85,29.1,0.791,34.62,28.16,25.62,22.2,16.4
12.46,62.63,183,28.03,0.75,35.23,27.29,24.43,20.58,15.22
11.5,67.68,183,28.27,0.659,34.95,27.09,24.1,19.44,14.07
10.93,66.94,4,28.25,0.765,34.79,27.08,24.33,20.55,15.27
21.21,71.69,317,25.83,0.551,34.69,24.57,22.02,17.29,11.88
12.57,64.25,111,29.51,0.78,34.82,28.64,25.4,21.43,16.0
22.83,70.88,334,26.36,0.689,34.79,25.97,23.1,18.4,12.61
23.52,74.92,339,25.53,0.703,34.88,24.47,21.7,18.38,12.68
17.14,67.11,251,26.36,0.67,34.93,25.67,22.98,19.03,13.5
10.29,75.49,133,29.57,0.731,34.6,28.76,25.79,21.61,16.11
13.99,76.88,100,28.97,0.699,34.52,28.12,25.46,21.18,15.58
20.76,61.8,172,27.37,0.75,35.16,26.39,23.22,19.11,13.78
13.88,63.96,287,26.91,0.745,35.03,25.86,23.6,19.2,14.4
9.39,76.16,119,29.72,0.744,34.62,28.74,25.68,21.45,16.07
16.91,76.29,350,27.1,0.684,34.47,26.26,23.54,18.64,12.94
21.52,61.66,175,27.21,0.741,35.06,26.31,23.27,18.8,13.54
20.73,60.25,30,27.45,0.724,35.06,26.68,23.85,19.28,13.6
10.8,62.74,55,29.03,0.734,35.09,27.9,24.71,20.82,15.42
18.76,76.93,361,27.31,0.659,34.41,26.38,23.88,19.79,14.43
11.53,63.06,196,27.82,0.671,35.22,26.73,23.65,19.9,14.47
11.49,68.54,41,28.76,0.771,34.82,27.93,25.07,20.8,15.12
21.99,74.42,173,27.14,0.669,34.43,26.01,23.16,19.1,13.62
11.99,60.35,330,27.67,0.684,35.07,26.76,23.71,18.8,13.15
12.21,70.28,219,27.4,0.717,34.8,26.44,22.82,19.08,13.43
8.01,64.71,208,28.56,0.73,35.08,26.98,24.44,20.84,14.85
21.93,74.66,158,27.53,0.711,34.65,26.86,24.05,20.21,14.67
20.68,64.82,333,26.54,0.653,34.93,25.87,22.53,18.07,13.22
18.04,71.67,228,26.71,0.657,34.68,25.71,22.31,18.43,12.18
20.0,71.46,85,27.91,0.678,34.67,27.13,24.19,20.16,14.0
10.43,63.77,173,29.22,0.775,35.11,28.2,25.29,20.4,14.92
15.33,60.59,245,27.01,0.684,35.19,26.48,23.58,19.97,14.7
13.62,66.96,360,27.77,0.715,34.88,26.86,24.44,19.91,14.01
9.5,64.92,173,28.97,0.698,34.94,27.9,24.55,20.68,15.24
15.78,73.75,335,27.29,0.717,34.6,26.55,23.75,19.67,14.12
22.73,73.61,212,26.19,0.668,34.66,25.69,23.05,19.49,13.81
8.64,67.77,84,30.63,0.818,35.02,29.94,27.22,22.77,17.39
12.66,70.31,173,27.91,0.721,34.81,26.77,24.17,19.87,14.07
11.32,70.27,183,28.05,0.723,34.76,27.08,24.25,20.43,15.24
11.81,74.06,133,28.64,0.656,34.6,27.47,24.72,20.38,14.31
22.53,67.23,288,25.68,0.686,35.08,25.31,22.37,18.84,13.32
15.49,64.68,262,26.86,0.623,35.1,25.9,22.64,18.24,12.77
15.46,64.51,350,27.68,0.742,35.12,26.9,24.13,20.27,14.72
20.17,69.12,282,25.9,0.644,34.91,24.99,22.05,17.95,12.29
10.47,67.64,293,27.62,0.634,34.89,26.65,23.61,19.24,13.93
15.8,67.48,269,26.55,0.663,35.02,25.22,22.5,18.93,13.31
14.88,61.55,349,27.86,0.646,34.99,27.09,24.41,19.88,13.93
17.55,72.22,197,27.6,0.742,34.87,26.93,23.85,19.96,14.26
23.99,63.63,25,26.82,0.654,35.13,25.9,23.15,18.05,12.58
20.31,63.35,141,27.85,0.664,35.11,26.62,23.76,19.79,14.13
14.37,67.02,223,27.24,0.714,34.84,26.54,23.74,20.13,14.53
21.24,63.87,20,27.85,0.704,35.14,27.26,24.79,20.63,15.36
10.73,69.93,247,27.27,0.709,34.92,26.36,23.64,19.63,13.95
8.49,66.31,328,28.54,0.722,34.88,27.4,24.64,21.23,15.7
11.27,67.63,201,27.69,0.747,34.83,26.58,23.44,19.77,14.21
13.45,69.13,115,29.66,0.744,34.73,28.91,25.82,20.83,15.65
16.17,63.46,189,27.9,0.644,35.12,26.88,24.2,19.88,14.39
17.84,62.65,26,28.0,0.666,35.08,27.1,23.8,19.58,14.32
22.57,74.97,54,28.05,0.729,34.81,27.22,24.25,20.28,14.56
16.16,67.37,170,27.88,0.68,34.75,26.99,23.92,19.8,14.82
16.02,67.01,11,27.75,0.754,34.83,26.76,23.85,19.54,14.29
8.8,60.61,27,29.93,0.721,35.18,28.83,25.9,21.57,16.56
8.56,68.47,350,28.45,0.764,34.93,27.7,24.85,20.18,14.74
16.82,69.42,83,29.07,0.725,34.89,28.23,25.51,21.0,15.32
15.01,69.5,290,27.13,0.736,34.83,26.22,23.65,19.88,14.31
21.43,72.02,38,27.96,0.729,34.75,27.27,24.72,20.2,14.76
10.57,63.02,87,29.99,0.777,35.09,28.7,25.74,21.32,15.88
8.4,64.29,321,28.32,0.746,35.13,27.41,24.36,19.68,14.05
15.18,73.78,156,28.77,0.782,34.59,27.85,24.73,20.78,15.27
11.8,76.1,308,27.53,0.694,34.51,26.36,23.42,19.7,14.28
8.79,62.31,286,27.7,0.626,35.18,26.57,23.46,19.83,14.08
19.59,68.46,186,26.78,0.721,35.02,26.0,23.28,19.02,13.41
9.79,63.64,182,28.84,0.724,34.99,27.77,25.22,21.09,15.99
17.73,61.02,143,28.6,0.83,35.18,27.89,24.52,20.43,15.29
12.5,65.53,206,27.52,0.672,34.94,26.34,23.51,19.24,13.5
10.78,62.44,142,29.29,0.733,35.16,28.0,25.6,21.63,16.7
14.08,72.07,185,28.16,0.745,34.55,27.01,23.7,20.05,14.31
20.82,69.07,241,26.52,0.696,34.8,25.57,23.17,19.46,14.09
14.27,62.45,8,27.88,0.723,35.04,26.91,23.79,19.62,14.52
20.01,60.16,72,28.57,0.705,35.16,27.62,24.59,20.28,14.54
10.01,73.74,288,27.43,0.646,34.4,26.11,23.47,18.91,13.07
20.36,63.0,95,28.14,0.687,35.28,27.0,24.31,19.51,14.16
11.79,70.31,157,28.67,0.669,34.54,27.37,24.5,20.62,15.1
18.84,65.73,41,27.96,0.791,35.02,27.0,23.87,19.77,14.17
17.05,69.95,331,27.13,0.643,34.67,26.03,22.83,18.74,12.83
22.87,65.37,301,25.63,0.627,34.86,24.73,21.9,18.77,13.67
14.2,61.48,269,27.09,0.71,35.15,26.36,23.44,19.97,14.55
9.06,63.79,155,29.05,0.742,35.12,27.72,24.61,20.53,15.23
8.31,63.2,275,27.96,0.685,34.96,26.91,23.99,19.97,14.82
21.23,67.28,154,27.71,0.695,34.8,26.62,23.85,19.3,13.28
16.4,71.19,53,28.24,0.693,34.62,27.02,24.49,20.65,15.2
20.4,64.48,179,27.66,0.69,35.04,26.87,24.08,20.07,14.12
11.75,60.21,240,27.54,0.712,35.09,26.63,23.72,19.26,13.99
13.52,68.82,137,29.25,0.706,34.98,28.4,25.3,21.3,16.2
8.48,70.3,255,28.14,0.757,34.67,27.25,24.15,20.46,14.94
23.38,76.37,224,26.2,0.659,34.6,25.35,22.58,19.31,13.79
18.69,70.02,180,27.41,0.669,34.95,26.56,23.81,19.1,13.77
22.93,68.01,182,26.99,0.667,34.89,26.09,23.19,18.63,13.27
12.25,69.75,259,26.66,0.716,34.63,25.88,23.3,19.16,13.59
17.78,75.77,243,26.61,0.701,34.61,25.51,22.68,18.67,13.38
18.86,74.08,96,29.09,0.752,34.61,28.28,25.26,21.84,16.26
13.08,65.49,197,27.73,0.678,34.98,26.5,23.47,19.86,14.45
21.57,64.03,14,27.53,0.718,35.2,26.7,23.62,18.69,12.82
23.15,64.46,120,28.31,0.72,35.03,27.18,24.46,20.19,15.04
22.16,68.58,269,25.89,0.716,34.91,25.1,22.05,17.34,11.58
19.83,72.65,171,27.77,0.702,34.63,27.28,24.46,19.84,14.44
12.44,68.55,72,29.0,0.807,34.83,27.86,24.7,20.83,14.99
12.51,61.15,179,28.12,0.721,35.27,27.04,24.13,20.08,14.45
23.41,72.3,170,27.37,0.65,34.72,26.73,23.89,20.46,14.8
8.16,73.7,159,29.74,0.894,34.68,28.63,26.39,21.73,16.38
19.46,64.92,154,28.0,0.652,35.1,27.35,24.13,20.02,14.96
19.3,71.29,82,28.41,0.643,34.91,27.6,25.02,20.7,14.97
17.96,67.25,57,28.59,0.645,34.79,27.84,24.79,21.32,15.55
23.84,75.12,7,27.29,0.798,34.55,26.09,23.6,19.14,13.95
12.99,74.37,112,29.35,0.835,34.77,28.34,25.22,21.2,15.49
13.44,68.93,48,29.28,0.754,35.04,28.04,25.48,20.82,16.02
9.26,71.76,80,30.19,0.793,34.7,29.02,26.19,22.67,16.85
15.08,75.02,316,26.84,0.685,34.63,25.95,22.71,19.34,14.06
12.18,68.43,33,28.84,0.664,34.9,27.76,24.99,20.61,14.65
13.49,65.33,115,29.74,0.82,35.01,28.57,25.81,21.39,15.58
21.35,72.81,3,27.23,0.74,34.71,26.63,23.93,19.94,14.15
22.97,63.74,4,26.63,0.62,35.19,26.01,23.13,18.71,13.03
10.97,66.61,356,28.28,0.731,34.76,26.94,24.85,21.21,15.96
13.96,74.72,260,26.64,0.666,34.55,25.8,23.55,19.63,14.12
22.86,72.32,42,27.89,0.698,34.77,27.1,24.35,20.76,15.6
8.99,66.86,9,28.96,0.712,34.88,27.91,24.66,20.13,14.87
9.48,63.65,307,27.7,0.696,35.08,26.92,23.77,19.12,13.32
10.6,66.05,145,29.58,0.736,35.07,28.55,25.6,21.64,16.11
17.52,64.83,97,28.26,0.76,35.17,27.48,24.57,21.14,16.01
10.41,62.99,276,27.43,0.692,35.11,26.4,23.31,18.83,13.08
23.49,72.64,142,27.44,0.666,34.84,26.68,23.68,19.77,14.44
15.15,64.29,278,26.65,0.668,35.04,25.48,22.05,17.69,11.97
16.02,67.72,27,28.17,0.709,34.86,27.7,24.2,20.52,14.74
11.95,66.56,43,29.0,0.733,34.78,27.35,24.49,20.03,14.44
15.54,76.7,131,28.88,0.764,34.43,27.77,25.37,21.38,15.54
18.59,66.65,216,26.45,0.653,34.93,25.45,22.16,18.5,13.38
20.02,61.36,94,28.44,0.7,35.15,27.75,24.83,20.19,13.85
20.06,61.53,8,27.19,0.631,35.16,26.03,23.21,19.35,14.0
17.25,70.04,86,28.66,0.73,34.98,27.69,24.94,20.7,15.35
22.47,70.19,345,26.48,0.714,34.87,25.81,22.8,19.04,13.4
21.08,67.12,138,27.72,0.697,35.0,26.62,23.44,19.49,13.39
20.11,67.34,246,26.5,0.645,35.09,25.59,22.96,18.7,13.33
8.89,60.92,21,29.25,0.717,35.13,28.11,24.67,20.53,14.9
8.11,68.78,265,28.11,0.644,34.8,26.87,24.17,19.33,13.64
11.4,68.58,148,28.93,0.785,34.98,27.89,24.75,21.0,15.86
18.62,62.54,184,27.14,0.704,35.15,26.15,23.37,20.03,14.97
14.58,61.77,227,26.68,0.701,35.12,25.89,23.38,19.07,13.41
14.44,62.1,292,26.75,0.682,35.11,25.86,22.81,18.7,12.97
22.15,61.72,36,27.5,0.663,35.11,26.63,23.69,20.22,13.89
22.33,70.37,246,25.81,0.632,34.78,24.99,22.05,17.23,11.25
22.55,63.34,73,28.17,0.695,35.07,27.26,25.1,21.2,15.46
13.02,64.27,150,29.07,0.725,35.0,28.32,25.42,21.99,16.81
19.06,62.95,1,27.7,0.685,35.14,26.89,24.0,19.65,14.28
12.35,76.28,69,29.19,0.79,34.62,28.13,25.21,20.9,15.71
11.05,74.53,293,27.42,0.773,34.56,26.45,23.96,20.4,15.1
10.95,63.92,230,27.38,0.657,35.13,26.7,23.68,19.14,13.64
13.47,65.57,211,27.74,0.695,34.85,26.59,23.98,20.23,14.75
14.88,63.57,72,29.64,0.768,35.11,28.84,25.73,21.78,16.44
21.3,68.36,363,26.61,0.629,34.92,25.83,22.77,19.13,13.56
9.92,60.33,96,30.11,0.776,35.18,28.99,26.21,22.06,16.66
19.76,71.41,84,28.74,0.746,34.75,27.71,25.2,21.72,16.32
16.5,68.89,228,26.61,0.665,34.82,25.83,22.88,18.63,13.2
12.61,75.28,299,27.35,0.716,34.54,26.38,23.41,18.72,13.05
15.89,62.79,236,26.75,0.673,35.09,26.08,23.43,18.72,13.62
12.8,73.67,293,27.11,0.569,34.6,26.32,23.53,18.99,13.89
17.54,73.46,222,26.7,0.632,34.78,25.83,23.22,19.39,13.51
14.94,62.16,223,27.12,0.741,34.9,26.0,22.64,18.24,12.13
10.63,66.78,281,27.76,0.724,34.92,27.1,23.93,19.82,14.19
9.87,62.89,221,27.96,0.595,34.89,26.75,23.94,19.87,14.13
16.75,64.33,216,26.85,0.615,34.92,26.07,23.4,18.99,13.0
22.44,64.48,231,25.97,0.678,34.96,24.78,21.9,17.86,12.25
13.5,69.46,169,27.81,0.681,34.96,27.12,24.3,20.58,15.51
19.73,66.99,329,26.3,0.551,35.04,25.01,22.41,18.33,12.96
18.54,76.11,42,28.59,0.77,34.56,27.62,24.36,20.62,15.37
22.9,62.15,258,25.56,0.666,35.12,24.53,21.88,17.63,12.53
21.14,76.55,196,26.61,0.635,34.64,26.03,23.53,19.54,14.27
17.07,63.92,96,28.89,0.786,35.16,27.8,24.8,20.74,15.19
18.51,73.14,317,26.76,0.641,34.62,25.96,22.88,19.21,14.06
22.37,65.76,14,27.53,0.671,35.04,26.75,24.18,20.25,14.51
14.39,62.43,113,29.02,0.721,35.01,27.74,25.4,21.04,15.08
13.23,74.58,77,29.25,0.672,34.58,28.44,25.65,21.75,16.67
8.17,65.25,277,27.71,0.718,35.05,26.59,23.47,18.98,13.94
21.22,71.2,320,26.49,0.685,34.69,25.93,23.09,19.15,13.53
20.82,69.63,160,27.55,0.678,34.78,26.81,23.72,19.61,13.95
9.67,68.02,313,28.46,0.752,34.71,27.22,24.56,20.52,15.19
17.23,68.43,119,28.63,0.665,34.91,27.66,24.81,20.69,14.86
15.42,72.45,161,28.85,0.763,34.61,27.83,24.67,20.33,14.76
9.9,61.49,308,27.45,0.707,35.06,26.52,23.73,19.34,13.91
23.69,71.36,351,25.94,0.621,34.88,25.29,22.28,18.61,12.9
11.44,75.23,146,29.16,0.761,34.52,27.97,24.7,21.35,16.18
9.08,60.98,163,29.58,0.722,35.24,28.67,26.03,22.04,16.62
17.52,62.39,179,27.5,0.739,35.21,26.65,23.87,19.79,14.24
19.82,72.18,89,28.24,0.738,34.8,27.49,24.48,19.89,14.68
8.52,67.43,223,28.46,0.738,34.88,27.45,24.97,20.16,14.71
18.54,66.86,266,26.44,0.645,34.88,25.7,22.65,17.91,12.19
16.52,62.33,239,26.49,0.696,35.02,25.36,22.38,18.49,13.37
9.65,68.62,308,27.5,0.743,34.68,26.45,23.69,18.88,13.37
10.76,62.15,34,29.5,0.819,35.19,28.63,25.99,22.15,15.65
17.09,68.1,167,27.46,0.672,34.94,26.75,24.03,19.49,14.08
12.74,72.98,125,29.62,0.791,34.73,28.81,25.75,21.71,15.64
23.01,64.39,224,26.17,0.711,34.74,25.17,22.25,17.98,13.11
21.1,68.17,150,26.99,0.67,34.86,26.55,23.52,18.99,13.6
23.74,76.86,189,26.51,0.722,34.59,26.06,23.1,18.44,13.05
12.15,71.67,43,28.59,0.734,34.86,27.38,24.44,19.65,14.37
23.52,74.3,29,26.89,0.636,34.66,26.02,23.32,18.79,12.76
14.9,67.05,362,27.75,0.674,34.94,26.91,23.86,20.65,15.27
13.56,73.05,120,28.84,0.678,34.61,27.69,25.14,21.56,15.75
8.81,60.69,337,28.99,0.738,35.21,28.0,25.12,21.1,15.47
8.84,62.09,31,29.74,0.756,35.09,28.68,25.55,21.3,15.93
19.07,63.45,181,27.78,0.711,34.99,27.14,24.4,20.07,14.4
15.33,66.83,162,28.27,0.773,34.81,27.39,24.46,20.41,14.33
11.62,74.38,128,29.43,0.752,34.53,27.98,24.97,20.64,15.28
17.82,65.89,255,26.86,0.665,35.0,26.11,23.7,19.37,14.09
12.05,71.13,294,27.4,0.684,34.62,26.6,23.67,19.76,13.93
17.24,72.06,357,27.63,0.625,34.69,26.68,23.74,19.23,13.5
13.75,69.97,254,26.73,0.699,34.93,25.76,23.2,18.1,12.54
21.18,66.07,130,27.69,0.695,34.81,26.87,24.17,19.84,14.91
21.13,69.81,12,27.35,0.694,34.85,26.38,23.76,20.24,15.26
15.64,65.82,35,28.65,0.721,35.02,28.17,25.14,20.39,15.22
13.61,61.43,198,27.54,0.701,35.11,26.38,23.59,19.0,14.12
13.8,76.88,248,27.15,0.632,34.59,26.33,23.1,18.75,13.57
20.89,62.16,110,27.84,0.705,35.09,27.16,23.73,18.99,13.57
13.25,61.23,328,27.5,0.671,35.23,26.4,23.38,19.88,14.05
11.34,74.94,245,27.01,0.682,34.5,25.77,22.94,18.88,12.86
9.36,65.13,250,28.09,0.672,35.18,26.98,24.86,20.05,14.41
15.47,71.06,317,26.9,0.696,34.9,26.07,23.6,19.45,14.01
15.71,65.59,163,28.03,0.712,34.75,27.13,23.94,19.83,15.02
21.45,66.65,48,27.52,0.644,35.05,27.03,24.47,20.28,14.71
11.54,64.46,71,29.22,0.785,34.96,28.06,24.76,20.6,15.14
14.1,65.83,134,29.11,0.723,35.11,28.0,25.59,21.44,16.05
20.93,66.98,239,26.37,0.647,35.02,25.68,22.71,18.73,13.3
21.18,72.25,68,28.4,0.754,34.6,27.21,24.16,20.21,15.24
14.15,68.7,278,27.3,0.732,34.91,26.19,23.63,18.93,13.83
15.35,76.04,32,29.05,0.723,34.49,28.05,25.02,20.95,15.45
12.85,60.71,123,29.58,0.762,35.23,28.56,26.2,22.17,16.49
22.92,68.55,22,27.05,0.709,34.86,26.13,23.11,18.76,13.09
9.9,69.93,155,29.31,0.8,34.73,27.87,25.23,21.81,16.32
22.94,75.64,110,27.22,0.69,34.44,26.68,23.87,19.74,14.02
18.94,60.84,271,26.35,0.679,35.19,25.72,23.09,19.19,13.96
16.51,69.75,300,26.69,0.634,34.86,25.41,22.29,18.01,12.3
8.52,74.51,115,30.5,0.725,34.6,29.53,26.11,21.89,16.86
15.61,64.11,220,26.91,0.7,34.96,25.92,22.79,18.82,13.53
14.52,74.9,230,27.3,0.657,34.56,26.42,23.47,18.82,12.93
10.58,60.32,252,27.2,0.649,35.08,26.18,23.3,19.5,14.44
18.5,72.45,249,26.3,0.685,34.78,25.1,22.11,17.52,11.62
23.54,75.86,9,26.36,0.655,34.35,25.72,22.25,18.5,13.48
17.0,71.17,34,28.72,0.741,34.85,27.67,24.61,20.4,15.12
19.44,67.46,228,26.75,0.621,34.89,25.34,22.54,19.27,14.44
9.1,60.76,73,29.84,0.729,35.22,28.78,25.84,22.13,15.87
14.68,75.64,301,27.01,0.745,34.64,25.71,22.72,19.02,13.56
9.86,68.0,212,28.15,0.688,34.89,27.29,24.31,20.27,14.76
17.8,60.49,72,28.48,0.716,35.14,27.5,24.66,20.96,15.28
23.02,71.73,58,27.79,0.713,34.84,26.99,23.82,20.02,14.82
18.59,68.19,220,26.56,0.624,34.7,25.75,22.87,17.99,12.4
9.23,62.11,275,27.91,0.761,35.25,26.84,23.83,19.38,14.32
13.67,63.64,249,26.99,0.68,34.94,25.87,22.65,18.18,12.4
16.81,61.1,16,28.72,0.722,35.12,28.0,25.09,20.68,14.6
14.45,69.76,75,29.16,0.788,34.95,28.15,24.66,20.46,14.73
21.34,70.57,106,28.19,0.752,35.0,27.12,24.04,20.14,14.82
21.03,68.6,136,28.06,0.791,34.87,27.28,24.48,20.85,15.65
17.79,73.89,74,28.93,0.72,34.51,27.99,25.25,21.4,15.61
13.98,74.64,254,27.0,0.768,34.7,25.99,23.11,19.51,14.16
12.09,70.47,18,28.91,0.763,34.78,27.89,25.08,20.56,15.16
9.69,60.22,43,29.61,0.826,35.09,28.54,25.81,21.51,16.07
13.68,71.82,50,28.82,0.774,34.75,28.11,25.25,21.05,16.07
14.61,67.11,3,27.76,0.677,34.78,26.61,24.12,19.76,14.17
18.81,69.61,232,26.68,0.637,34.83,25.36,21.91,17.36,11.58
18.53,71.03,219,27.17,0.613,34.67,26.26,23.7,19.76,14.28
9.12,65.95,59,29.36,0.67,34.77,28.43,24.94,20.56,15.01
14.32,75.59,284,26.44,0.639,34.41,25.13,22.13,18.35,13.12
10.91,62.28,302,27.07,0.733,35.05,26.08,23.43,18.84,13.35
10.51,71.42,64,29.93,0.748,34.79,28.58,25.89,22.13,16.71
21.24,60.07,70,28.39,0.695,35.32,27.71,24.57,20.55,14.97
8.67,75.72,303,27.56,0.725,34.71,26.45,23.57,19.56,13.37
14.71,61.91,142,29.43,0.718,34.97,28.26,25.23,21.22,15.78
10.69,61.61,202,28.09,0.786,35.11,26.7,24.06,19.93,14.78
22.07,65.66,207,26.83,0.664,34.91,26.43,23.57,19.45,14.12
16.91,66.35,221,27.17,0.722,34.94,26.69,23.63,19.42,13.47
11.7,63.64,362,28.1,0.705,35.2,26.83,24.1,20.12,14.51
16.04,69.95,246,26.6,0.669,34.82,25.42,22.76,18.88,13.31
19.7,67.53,81,28.16,0.76,34.99,27.29,24.36,20.07,14.74
23.33,60.58,251,25.19,0.635,35.4,24.3,21.68,18.13,12.67
11.53,65.43,51,29.32,0.809,34.83,28.2,25.77,21.52,15.12
22.18,73.78,285,25.34,0.599,34.6,24.56,21.13,16.75,10.94
22.95,71.72,346,26.32,0.608,34.79,25.88,23.44,19.28,13.67
22.66,72.32,204,26.95,0.608,34.73,26.39,24.02,19.61,13.92
18.17,71.87,25,28.18,0.766,34.83,27.2,24.46,20.54,14.98
18.08,65.29,41,28.1,0.749,34.95,27.33,24.36,20.2,14.56
14.45,61.69,69,28.95,0.728,35.15,27.59,24.26,20.46,14.88
20.04,64.63,4,27.16,0.697,34.94,26.3,23.47,19.34,14.08
16.5,74.14,240,27.34,0.733,34.74,26.35,23.36,19.22,14.07
18.84,76.67,361,26.97,0.671,34.54,26.25,23.0,18.74,13.19
14.86,68.4,31,28.58,0.657,35.0,27.72,24.7,20.93,15.6
19.7,60.16,117,28.47,0.654,35.33,27.64,24.8,20.61,15.23
21.19,62.38,195,27.13,0.64,34.98,26.37,23.63,19.63,14.54
10.34,65.48,90,29.75,0.767,35.14,28.59,25.4,21.72,16.42
21.33,69.84,178,26.81,0.636,34.9,26.15,22.61,18.48,13.6
16.64,61.28,145,28.51,0.767,35.13,27.66,24.7,20.56,15.27
21.51,76.04,202,26.97,0.628,34.64,26.09,23.0,18.81,12.82
14.9,66.21,322,27.07,0.654,34.9,26.11,23.15,19.13,14.03
14.06,75.51,344,27.41,0.62,34.72,26.58,23.16,19.38,14.16
22.64,73.27,203,26.42,0.645,34.68,25.78,22.86,19.07,13.84
12.02,72.84,24,28.39,0.722,34.78,27.28,24.53,20.63,14.74
21.51,70.31,355,26.7,0.714,34.72,25.67,22.68,19.07,13.9
15.74,70.66,105,29.36,0.756,34.8,28.3,25.46,21.39,16.18
16.23,70.85,275,26.83,0.705,34.85,25.79,22.85,19.31,13.39
12.94,70.69,322,27.41,0.732,34.8,26.41,22.95,19.27,13.99
17.17,69.41,60,29.15,0.76,34.88,28.46,25.6,21.24,15.83
13.2,76.77,15,29.1,0.707,34.45,27.99,24.9,21.11,15.62
8.63,72.45,85,30.3,0.795,34.73,29.27,25.97,21.13,15.61
12.35,73.21,197,27.61,0.758,34.6,26.54,23.87,20.25,14.17
8.1,74.83,235,27.48,0.682,34.6,26.36,23.6,19.48,13.95
23.65,63.67,344,26.64,0.691,35.0,25.9,22.87,18.46,13.19
23.45,61.42,263,25.58,0.658,35.12,25.01,22.13,17.33,11.58
14.32,68.21,6,28.67,0.715,34.7,27.72,24.91,20.76,15.24
19.65,68.74,289,25.69,0.678,34.85,24.29,20.94,17.33,11.67
13.53,74.1,58,29.13,0.729,34.63,28.08,24.87,20.87,15.24
18.74,67.54,145,28.42,0.741,34.75,27.83,24.63,20.37,14.32
20.89,69.7,42,27.64,0.69,34.85,27.01,24.31,20.14,14.83
23.15,68.96,350,26.73,0.674,34.92,26.07,23.7,20.13,14.64
14.4,60.65,200,27.65,0.737,35.21,26.89,24.2,20.38,14.63
20.53,70.46,174,27.3,0.611,34.86,26.6,23.83,19.71,14.57
12.25,74.08,335,27.41,0.717,34.58,26.61,23.44,19.72,14.48
23.85,62.68,95,27.9,0.735,35.07,26.87,24.22,20.44,14.92
8.41,70.1,217,28.92,0.715,34.8,27.8,24.83,20.38,15.25
17.66,70.09,111,28.8,0.733,34.81,27.9,24.73,20.49,15.47
18.55,62.79,353,26.93,0.639,34.85,26.04,23.43,19.9,14.12
19.01,62.1,180,27.82,0.673,35.02,26.8,24.37,20.54,14.7
9.93,76.66,163,28.88,0.747,34.63,27.83,25.17,21.78,15.61
23.02,66.69,119,28.33,0.825,34.85,27.17,24.97,21.11,15.4
10.9,63.87,325,27.42,0.719,35.02,26.45,23.36,18.98,13.36
17.96,62.91,228,26.74,0.638,35.08,25.69,22.73,18.62,12.63
11.56,71.35,145,29.65,0.79,34.61,28.16,25.0,21.22,15.47
12.92,70.36,308,27.01,0.703,34.94,25.99,22.87,18.77,13.49
16.74,70.94,142,28.48,0.655,34.76,27.85,25.44,21.36,15.94
14.68,61.5,122,29.38,0.739,35.05,28.02,24.81,21.53,15.8
10.56,75.19,285,26.76,0.667,34.66,25.64,22.65,18.45,13.32
10.73,66.62,226,28.05,0.716,34.91,26.66,24.18,20.21,14.31
14.69,65.33,360,27.87,0.705,34.99,26.93,24.2,20.2,14.85
20.12,67.86,257,26.46,0.67,35.03,25.76,22.62,18.89,13.32
22.37,66.63,285,25.42,0.595,34.88,24.42,21.6,17.61,12.14
9.35,74.68,165,28.74,0.719,34.73,27.56,24.19,20.14,14.73
14.29,75.8,221,27.16,0.674,34.53,26.13,23.23,19.94,14.8
9.6,65.16,69,29.7,0.807,35.0,28.86,25.98,21.84,16.55
8.27,74.69,309,27.91,0.679,34.64,26.52,23.72,19.91,14.74
18.59,73.29,224,26.49,0.655,34.63,25.49,23.22,18.61,12.8
17.64,75.82,124,27.97,0.695,34.47,27.35,24.73,20.63,15.04
10.61,64.18,344,28.16,0.778,35.08,26.94,23.7,19.56,13.78
11.74,69.81,339,27.99,0.736,34.92,26.86,24.03,19.9,14.01
8.38,64.67,12,29.13,0.707,35.08,28.05,25.18,20.39,15.16
21.36,74.01,52,28.02,0.726,34.7,27.63,25.33,21.09,15.0
23.6,60.09,129,27.64,0.659,35.15,26.61,23.65,19.2,13.53
10.17,69.6,135,29.14,0.754,34.88,28.21,25.37,21.71,16.04
11.7,65.77,145,29.08,0.797,35.01,27.79,24.97,20.53,14.96
21.89,65.49,127,27.93,0.63,35.07,26.89,23.75,19.9,14.06
22.82,70.96,226,25.89,0.606,34.77,24.96,21.7,17.87,12.15
14.71,74.48,71,28.67,0.736,34.68,27.78,24.84,20.51,15.57
8.81,70.36,273,28.05,0.696,34.74,26.83,24.18,19.74,14.17
8.63,74.5,187,28.52,0.734,34.69,27.44,24.18,19.97,14.2
17.18,64.5,3,27.31,0.686,34.89,26.23,23.36,19.1,13.67
14.29,68.83,285,26.89,0.61,34.81,25.91,22.91,18.41,12.94
8.46,67.66,22,29.28,0.773,34.82,27.91,24.44,20.22,15.3
17.33,60.2,166,28.12,0.66,35.54,26.93,24.17,20.19,14.61
8.18,69.47,310,28.26,0.726,34.89,27.04,24.3,19.73,14.37
20.6,71.25,363,27.29,0.67,34.64,26.54,23.91,19.73,13.87
12.9,70.06,246,27.2,0.782,34.66,26.22,23.56,19.25,13.53
8.64,72.52,234,28.14,0.709,34.52,26.88,23.99,19.93,14.24
17.41,69.71,325,26.36,0.675,34.7,25.2,22.48,19.14,13.19
14.36,61.13,158,28.87,0.758,35.07,28.08,25.26,20.55,15.06
23.58,61.98,151,27.16,0.698,35.02,26.62,23.0,18.86,13.44
16.71,70.14,213,27.68,0.699,34.75,26.84,23.54,19.55,14.09
12.4,64.67,218,27.99,0.67,35.1,27.03,23.97,19.67,13.68
19.35,61.35,246,26.17,0.651,35.13,24.85,22.04,18.09,12.3
12.34,67.3,303,27.3,0.614,34.98,26.39,23.66,18.98,13.36
22.47,69.42,276,25.99,0.669,34.72,25.47,22.83,18.59,12.74
14.0,65.59,151,28.04,0.828,34.94,27.26,24.54,19.38,13.27
16.8,72.25,196,27.36,0.698,34.62,26.62,23.82,19.63,14.41
8.81,70.94,21,29.81,0.778,34.81,28.38,25.64,21.04,16.0
14.82,65.66,257,27.08,0.62,34.96,25.96,23.61,19.63,14.47
21.32,72.83,17,27.1,0.65,34.86,26.21,23.51,19.98,14.57
20.89,71.03,51,28.08,0.748,34.69,27.08,24.2,20.21,14.53
11.59,70.84,270,26.97,0.621,34.66,25.69,23.02,18.89,14.04
11.62,69.41,315,27.45,0.664,34.85,26.48,23.89,19.59,14.41
21.08,60.19,83,28.33,0.743,35.17,27.67,25.26,21.05,15.3
22.89,71.84,306,25.9,0.679,34.78,24.8,21.63,17.42,12.38
9.53,66.39,124,30.0,0.766,34.94,29.12,25.75,21.65,16.2
15.2,76.02,290,27.14,0.689,34.54,26.21,23.42,19.51,14.41
13.4,73.91,262,26.66,0.675,34.58,25.97,22.7,18.29,13.27
21.93,69.99,49,27.81,0.655,34.77,27.13,24.23,20.59,14.89
9.34,64.29,6,28.67,0.727,34.88,27.6,25.28,21.09,15.55
11.38,63.46,117,29.46,0.763,35.18,28.43,25.55,21.46,16.03
20.04,65.79,118,28.04,0.708,35.1,27.16,24.31,20.73,15.26
8.82,68.1,263,27.85,0.628,34.97,27.11,24.17,19.22,13.41
15.88,65.03,353,27.89,0.768,34.95,27.05,24.62,19.5,14.03
15.07,68.75,129,29.23,0.703,34.79,28.17,25.45,21.51,15.92
13.35,62.81,171,28.1,0.716,35.14,27.2,24.2,20.11,14.52
14.31,76.62,27,28.55,0.739,34.44,27.65,25.23,21.72,15.75
16.48,61.83,199,27.05,0.663,35.24,26.02,23.24,18.69,13.12
10.58,75.84,314,27.34,0.7,34.33,26.11,23.13,19.23,14.37
17.15,75.53,345,27.02,0.65,34.53,26.32,22.87,18.63,13.26
20.89,68.93,97,28.36,0.807,34.74,27.45,24.59,20.87,15.27
20.16,72.32,17,27.68,0.69,34.83,26.74,23.76,18.78,13.44
10.46,67.41,173,29.02,0.777,35.01,28.07,25.09,20.88,15.8
10.39,70.71,101,30.0,0.726,34.83,28.83,25.85,22.04,16.33
12.29,65.79,186,28.03,0.74,35.16,27.04,23.62,19.2,14.21
13.78,65.12,184,28.46,0.695,35.0,27.38,25.3,21.18,15.36
14.54,69.83,215,27.62,0.643,34.87,26.12,23.09,19.01,13.39
18.88,68.47,251,26.14,0.611,34.7,25.31,22.71,18.74,13.1
8.91,69.85,216,28.1,0.679,34.77,27.05,24.14,19.61,14.47
8.55,64.87,29,29.29,0.753,35.02,28.26,24.56,20.26,14.43
14.27,66.24,102,28.85,0.851,34.86,27.44,24.47,20.57,15.39
19.15,61.43,123,28.55,0.836,35.17,27.38,24.5,20.7,15.14
11.09,60.89,54,29.74,0.749,34.97,28.92,25.88,21.85,16.39
18.26,64.31,283,26.0,0.688,35.08,25.1,22.69,18.45,13.31
12.16,61.26,102,29.19,0.695,35.11,27.77,25.46,21.4,16.04
22.18,61.76,117,27.68,0.616,35.05,26.86,24.13,20.37,15.26
22.33,73.82,104,28.05,0.713,34.72,26.91,24.18,20.16,14.97
12.76,60.66,45,28.71,0.753,35.32,27.57,24.35,19.78,15.06
11.68,71.2,114,29.9,0.798,34.84,28.9,25.65,21.1,15.95
14.58,64.63,343,27.89,0.75,34.93,26.95,23.88,19.8,14.33
11.85,74.82,31,29.16,0.732,34.67,28.32,26.05,21.29,15.81
18.76,68.24,164,28.0,0.713,34.84,27.19,24.17,20.39,15.41
21.22,65.19,189,26.9,0.71,35.11,26.15,23.69,19.22,13.82
18.77,68.8,293,26.39,0.709,34.87,25.41,22.34,17.77,12.43
21.19,66.49,195,26.38,0.625,34.79,25.35,22.25,18.82,13.69
14.35,69.59,292,27.32,0.698,34.79,26.34,23.34,19.04,13.45
10.5,61.95,261,27.31,0.715,35.04,26.44,23.43,19.44,13.69
19.81,76.95,207,26.7,0.677,34.44,25.98,22.92,19.06,13.75
13.77,67.23,52,29.82,0.74,34.88,28.77,26.37,22.85,17.22
18.74,65.92,49,28.22,0.717,34.99,27.3,24.43,20.09,15.06
12.33,72.07,6,28.7,0.752,34.81,27.48,24.55,20.52,14.3
9.3,66.19,224,28.17,0.685,34.9,27.31,24.47,20.33,14.69
23.88,74.17,23,26.68,0.623,34.75,26.2,23.66,20.52,15.13
10.5,67.72,145,29.05,0.824,34.72,28.06,25.16,20.25,14.58
23.81,72.23,110,28.38,0.729,34.63,27.25,24.47,20.31,15.27
23.64,61.83,212,26.24,0.695,35.33,25.57,23.03,18.92,13.53
20.7,74.38,300,26.01,0.659,34.51,25.48,22.33,18.18,12.52
18.55,72.51,41,28.04,0.753,34.82,26.9,23.77,19.1,13.71
17.24,63.6,172,27.93,0.711,35.05,27.16,24.34,19.49,13.61
21.86,62.47,186,26.97,0.703,35.09,26.09,23.03,18.31,13.01
12.63,65.38,214,27.75,0.658,35.08,26.98,24.08,20.32,15.26
15.48,76.59,306,27.18,0.615,34.62,25.98,22.84,18.73,13.23
17.91,64.37,52,28.19,0.697,35.16,27.18,24.07,19.27,13.81
14.58,67.75,70,28.83,0.678,34.87,27.53,25.03,21.5,15.7
14.84,60.51,196,28.01,0.626,35.19,27.1,24.17,20.86,15.17
13.28,66.75,151,29.46,0.766,34.9,28.56,25.54,21.56,16.41
17.03,69.71,109,29.04,0.671,34.7,28.17,25.09,21.16,15.66
21.61,76.2,118,28.42,0.761,34.57,27.47,24.33,20.26,15.47
11.22,68.78,95,29.69,0.818,34.83,28.55,25.33,20.98,15.69
22.95,73.92,256,25.69,0.583,34.46,24.81,21.63,16.8,10.99
19.03,69.3,44,28.25,0.729,34.94,27.52,24.45,19.92,15.14
21.17,60.69,67,28.1,0.787,35.19,26.96,24.03,19.91,14.01
16.9,65.36,156,28.62,0.71,34.92,27.61,24.94,21.07,15.5
20.47,69.78,323,26.67,0.695,34.84,25.5,22.63,18.44,13.03
8.26,76.16,206,28.37,0.817,34.5,27.17,23.96,19.82,14.45
21.09,74.61,274,25.34,0.563,34.64,24.48,21.54,17.45,11.81
8.64,63.88,155,29.43,0.712,35.18,28.74,25.71,21.65,16.19
22.24,63.74,179,26.59,0.69,35.09,25.62,22.58,18.24,13.18
23.87,63.42,60,27.66,0.787,35.01,27.06,24.05,20.12,15.06
12.71,75.68,74,29.12,0.715,34.47,27.75,25.16,20.62,15.7
11.37,74.5,49,29.77,0.86,34.55,28.72,26.0,22.02,16.29
20.25,73.17,271,26.17,0.66,34.75,25.3,22.95,18.24,12.87
12.05,66.68,73,29.73,0.683,34.93,28.84,25.73,21.15,15.83
21.85,68.57,196,26.97,0.743,34.91,26.02,22.81,18.42,12.41
9.65,67.89,179,28.94,0.72,34.86,27.7,24.73,20.71,15.15
10.02,64.31,48,29.74,0.78,34.93,28.25,25.71,21.7,16.4
23.67,68.59,72,28.22,0.65,34.92,27.47,24.02,19.58,14.07
18.78,60.52,113,28.46,0.694,35.1,27.43,24.61,19.95,14.28
21.55,62.24,245,26.09,0.593,35.07,25.45,22.55,18.93,13.58
13.19,75.07,309,26.92,0.613,34.47,26.01,23.39,19.31,14.21
18.82,72.78,159,27.87,0.71,34.6,27.21,24.48,20.32,14.91
17.51,67.19,274,27.05,0.704,35.0,25.95,23.28,19.33,13.21
17.65,68.79,268,26.6,0.646,34.95,25.72,23.04,18.56,13.45
18.92,66.29,304,26.3,0.601,35.06,25.43,23.47,19.8,13.95
17.21,72.59,30,28.29,0.668,34.81,27.26,24.96,21.09,15.26
14.86,73.33,97,29.16,0.76,34.63,28.42,25.79,21.58,16.18
12.41,72.98,251,27.3,0.693,34.75,26.42,23.43,19.31,13.92
20.3,72.28,7,27.18,0.701,34.81,26.71,23.75,19.55,13.89
11.62,63.48,92,29.81,0.826,34.97,28.9,26.33,22.76,17.51
19.08,65.75,113,28.61,0.751,34.99,28.09,25.57,21.64,16.16
11.73,67.99,259,27.28,0.705,34.87,26.6,23.5,19.61,13.68
18.01,65.62,107,28.7,0.826,34.79,27.68,24.17,20.09,14.32
19.95,72.83,63,28.37,0.71,34.72,27.2,23.79,19.69,14.12
11.5,65.6,358,28.17,0.811,34.9,27.46,24.91,21.56,16.09
8.96,62.35,271,27.8,0.761,35.21,26.84,24.37,20.12,14.48
10.1,66.78,199,28.58,0.716,34.85,27.61,24.76,20.74,14.71
17.7,76.66,347,27.62,0.731,34.57,26.6,23.84,20.56,14.87
21.59,63.84,337,26.5,0.656,35.06,25.73,23.44,19.87,14.59
8.72,70.41,146,29.43,0.695,34.61,28.53,26.28,22.34,16.88
19.75,67.36,61,28.25,0.717,34.87,27.49,24.84,20.14,14.93
13.46,61.21,120,28.89,0.678,35.19,27.76,24.91,21.68,16.44
15.66,68.29,61,29.11,0.753,34.97,28.45,25.45,21.25,15.25
22.86,71.94,309,25.17,0.657,34.72,24.37,21.46,17.39,11.71
13.31,68.72,26,29.03,0.732,34.94,28.15,25.05,21.37,16.09
15.45,74.83,115,29.33,0.759,34.66,28.52,25.84,21.66,16.33
8.22,64.91,40,28.85,0.744,35.06,28.16,25.25,21.23,15.9
9.31,61.47,344,28.76,0.767,35.2,27.75,24.62,20.55,15.36
12.14,75.92,116,29.78,0.767,34.54,28.73,26.19,21.94,16.84
8.45,66.43,136,29.71,0.749,34.84,28.98,26.27,22.31,16.31
18.1,69.8,277,25.93,0.68,34.97,25.23,22.47,18.12,12.51
14.82,73.46,299,26.64,0.675,34.74,25.71,22.83,18.27,12.99
16.77,65.51,21,27.88,0.621,34.97,26.99,24.31,20.43,15.18
10.79,72.17,31,29.59,0.744,34.77,28.13,25.15,21.55,16.59
12.73,62.3,247,27.08,0.662,35.15,26.04,24.04,19.64,14.6
18.62,64.95,27,28.22,0.722,34.92,27.03,24.85,20.54,15.4
23.44,62.46,73,27.79,0.705,35.07,26.44,23.34,19.25,13.62
8.81,73.79,97,30.09,0.695,34.78,28.87,25.94,21.84,16.62
22.25,63.79,161,26.83,0.615,35.05,25.71,22.64,17.75,12.86
17.23,72.2,346,26.89,0.638,34.75,25.88,22.5,18.23,13.2
17.02,76.04,300,26.95,0.681,34.68,26.08,23.75,20.37,15.0
16.0,68.97,299,26.66,0.713,34.84,25.81,22.9,19.36,14.32
9.11,69.18,287,27.75,0.638,34.74,26.64,23.49,20.07,14.66
9.44,67.84,212,28.74,0.705,34.9,27.39,24.02,20.17,14.76
17.61,65.54,76,28.68,0.728,34.92,27.73,24.93,20.62,15.07
13.46,68.09,143,28.88,0.699,34.74,27.66,24.91,20.92,15.02
22.68,70.25,34,27.82,0.708,34.87,27.28,24.55,20.69,15.49
14.51,76.76,336,27.45,0.719,34.5,26.43,23.9,19.66,14.15
10.29,75.94,4,28.83,0.705,34.26,27.53,24.95,20.16,14.72
19.44,74.66,328,26.87,0.689,34.64,25.77,22.54,18.8,13.47
12.69,75.12,98,29.49,0.75,34.62,28.46,25.26,20.98,15.33
16.41,67.95,217,27.3,0.643,35.08,26.36,23.83,19.98,14.77
19.17,71.18,28,27.85,0.7,34.75,26.91,23.88,19.14,13.62
22.4,75.22,201,26.76,0.691,34.7,26.12,22.84,18.48,12.97
20.68,66.68,273,26.03,0.707,35.0,24.97,21.7,17.76,11.32
18.82,76.35,314,26.39,0.727,34.49,25.68,23.1,19.25,13.82
18.87,67.07,127,28.37,0.698,34.95,27.45,24.88,21.08,15.32
23.13,70.22,202,25.6,0.613,34.77,24.96,22.19,18.06,12.48
12.73,72.07,9,28.83,0.737,34.65,27.68,24.53,20.51,14.8
8.02,76.16,287,27.45,0.672,34.5,26.49,23.63,19.69,14.0
12.35,64.16,88,29.22,0.795,34.97,28.03,25.08,21.11,15.57
11.49,72.68,318,27.48,0.698,34.69,26.76,23.78,19.9,14.57
18.59,68.85,19,27.26,0.69,34.85,26.34,23.7,19.13,14.11
18.14,64.57,81,28.8,0.76,34.96,27.8,24.77,21.42,15.99
17.5,73.2,107,28.84,0.742,34.65,27.68,24.97,20.79,15.18
8.26,69.39,311,27.85,0.718,34.64,26.77,24.01,19.88,14.3
19.66,71.24,230,26.17,0.666,34.65,25.26,21.99,17.77,12.58
13.18,65.49,112,29.14,0.738,34.95,27.86,25.58,21.58,16.23
18.64,68.18,220,26.87,0.64,35.04,25.81,23.17,18.49,12.63
16.91,70.5,123,28.21,0.787,34.84,26.88,23.51,19.21,13.52
13.48,66.88,244,27.01,0.644,34.83,25.77,22.52,17.66,12.18
10.15,63.37,178,28.31,0.786,35.23,27.21,24.79,20.5,14.96
9.51,76.35,65,30.08,0.786,34.55,29.06,26.23,22.19,16.53
21.3,68.69,3,26.97,0.655,34.74,26.05,23.39,19.52,13.96
22.69,72.48,207,26.47,0.686,34.69,25.74,23.01,18.89,13.48
18.4,66.99,21,28.24,0.749,35.02,27.14,24.59,20.6,15.22
9.65,66.04,293,28.0,0.779,34.85,27.0,24.45,19.67,14.19
14.43,66.92,15,28.03,0.658,34.82,27.03,23.94,19.9,14.68
19.66,66.96,343,26.9,0.671,35.1,25.97,23.29,19.69,14.33
20.48,69.25,206,26.99,0.735,34.86,26.12,22.83,18.92,13.12
9.89,69.24,202,28.53,0.756,34.78,27.33,24.12,19.73,14.13
8.0,68.45,120,30.29,0.798,34.85,28.87,25.88,21.85,16.31
19.39,62.29,137,27.6,0.757,35.14,26.5,23.11,19.56,14.02
13.71,68.43,300,27.27,0.681,34.84,25.98,22.91,19.03,13.3
12.07,62.87,295,27.03,0.585,35.22,25.95,22.5,18.64,12.98
8.21,62.14,25,29.67,0.745,35.12,28.69,25.81,21.4,16.17
16.64,75.85,312,26.95,0.759,34.63,26.3,23.91,19.66,13.87
21.62,70.28,234,26.2,0.668,34.8,25.26,22.44,18.31,12.73
23.32,71.21,121,27.71,0.668,34.75,26.87,24.05,20.67,15.55
17.05,66.83,90,29.24,0.8,35.02,28.67,25.67,21.2,15.68
16.23,75.45,320,27.08,0.716,34.67,26.04,23.48,19.48,14.7
9.36,70.84,200,28.54,0.732,34.6,27.32,24.44,20.61,15.6
16.78,73.08,180,27.45,0.717,34.68,26.48,23.3,19.49,13.35
14.08,66.27,345,27.8,0.663,35.15,26.72,23.94,19.74,13.92
17.71,76.32,76,29.3,0.734,34.5,28.23,25.83,21.6,16.13
14.22,73.95,137,28.5,0.722,34.69,27.22,23.93,20.6,15.01
11.84,74.52,138,29.47,0.798,34.74,28.75,25.57,21.36,16.08
9.52,62.93,10,29.23,0.725,34.97,28.26,25.36,21.09,15.79
13.04,64.61,201,28.39,0.721,34.98,27.69,24.72,21.0,15.05
9.55,64.86,318,28.12,0.771,34.85,27.22,24.46,20.41,15.26
10.83,64.61,346,28.19,0.817,35.03,27.13,23.93,19.31,14.39
23.8,74.54,219,26.05,0.617,34.66,24.91,21.95,18.24,12.33
15.11,60.54,60,28.88,0.742,35.24,27.72,24.87,20.61,15.0
16.51,61.29,147,28.78,0.673,35.31,27.76,24.95,20.68,15.09
21.98,64.66,107,27.59,0.697,35.02,26.56,24.49,21.46,16.33
23.93,63.4,38,27.19,0.674,34.95,26.03,23.43,19.23,14.19
17.32,63.94,134,28.62,0.779,34.95,27.51,24.16,20.09,14.46
21.0,73.57,221,26.66,0.623,34.58,25.76,22.65,18.91,13.28
13.23,69.57,303,27.16,0.632,34.84,26.46,23.24,18.77,13.57
12.89,60.1,133,28.93,0.799,35.43,27.78,25.36,21.49,15.92
14.44,67.3,334,27.36,0.665,34.9,26.5,23.35,19.62,14.18
18.76,66.93,53,28.23,0.725,35.06,27.12,24.44,20.87,15.66
18.92,61.94,62,28.32,0.731,35.11,27.37,24.65,20.82,15.53
13.04,71.49,23,28.58,0.696,34.62,27.55,24.26,19.72,14.31
10.13,71.94,44,29.37,0.72,34.64,28.62,25.63,21.71,15.81
18.12,72.26,308,25.97,0.694,34.64,24.52,21.59,16.95,11.63
10.05,72.38,46,29.64,0.786,34.69,28.39,25.03,21.42,16.22
17.26,60.0,147,28.5,0.724,35.24,27.62,25.29,21.62,16.35
19.09,76.22,216,27.13,0.678,34.49,26.32,23.53,19.52,13.61
19.21,73.84,340,27.08,0.695,34.73,25.94,23.58,19.55,14.3
20.06,75.37,47,28.3,0.734,34.69,27.42,25.21,21.11,15.4
21.97,60.27,347,26.63,0.719,35.16,25.79,22.98,18.87,12.65
16.0,75.88,308,26.27,0.657,34.66,25.61,22.89,19.18,13.63
19.68,73.77,24,27.81,0.722,34.46,26.97,23.87,19.65,13.8
17.91,74.23,145,28.27,0.747,34.39,27.32,24.85,21.62,16.12
10.99,61.59,89,30.06,0.801,35.22,28.86,25.94,21.91,16.04
8.41,72.56,174,29.28,0.806,34.66,28.29,25.26,21.66,16.1
12.55,76.32,64,29.35,0.75,34.77,28.27,25.16,20.4,14.41
15.09,71.54,119,29.59,0.735,34.73,28.5,25.65,21.32,15.62
17.87,69.7,223,27.0,0.666,34.71,25.88,23.24,19.5,14.11
21.6,76.08,156,27.59,0.723,34.73,26.68,23.88,19.91,14.94
11.14,67.53,178,28.76,0.728,34.96,27.84,25.12,21.03,15.44
10.01,70.19,320,27.88,0.798,34.95,26.7,23.73,20.06,14.55
23.42,68.1,342,26.23,0.657,34.82,25.43,22.75,19.5,14.24
9.73,75.86,56,29.08,0.704,34.6,27.88,25.17,20.61,15.23
15.66,61.29,59,28.6,0.741,35.06,27.66,25.16,21.46,16.1
17.37,68.52,220,26.71,0.733,34.68,25.79,23.17,18.89,13.6
16.66,71.68,185,27.78,0.671,34.81,26.68,23.89,20.13,14.52
9.38,73.46,47,29.17,0.711,34.62,28.24,25.51,21.23,15.49
8.91,69.91,102,29.89,0.759,34.7,28.49,25.27,21.38,15.96
9.69,75.45,44,29.38,0.725,34.44,28.52,26.04,22.19,15.99
17.37,76.01,15,27.94,0.654,34.58,27.07,24.17,19.79,13.67
16.71,61.09,236,26.87,0.615,35.16,26.05,23.2,18.91,13.86
11.74,66.84,361,28.16,0.724,34.88,26.79,23.78,19.61,14.45
18.2,60.4,51,28.22,0.745,35.12,27.29,24.16,19.41,13.7
21.12,65.6,309,25.84,0.617,35.05,25.29,22.24,18.32,12.45
8.67,69.13,34,29.45,0.751,34.59,28.31,25.11,21.6,16.26
15.97,75.48,124,28.8,0.742,34.64,27.87,24.93,20.32,15.03
19.03,74.39,77,28.9,0.693,34.67,27.78,25.18,21.34,15.58
12.04,62.17,123,29.12,0.778,34.99,27.79,24.89,20.93,15.39
12.92,61.58,205,28.33,0.728,34.94,27.36,24.69,20.32,14.28
17.82,70.02,228,26.31,0.68,34.86,25.25,22.56,19.27,13.64
22.37,69.05,70,28.25,0.745,34.72,27.31,24.3,20.66,15.09
20.96,64.53,230,26.04,0.748,35.18,25.19,22.69,19.08,13.63
17.33,75.29,21,27.75,0.662,34.8,26.96,24.42,20.34,15.51
19.68,75.77,108,28.79,0.698,34.61,28.01,25.41,20.7,14.85
13.84,66.84,364,28.13,0.781,34.92,27.14,24.38,20.35,15.3
18.26,75.14,241,26.46,0.69,34.57,25.72,22.78,18.63,12.95
15.46,66.53,251,26.69,0.673,34.77,25.93,22.99,19.3,13.59
11.04,72.53,135,29.25,0.728,34.67,28.16,25.29,20.95,15.76
19.23,68.09,90,28.46,0.715,34.83,27.9,25.46,21.89,16.18
16.9,62.08,79,27.87,0.698,35.05,26.71,24.2,19.85,14.08
13.74,75.77,177,27.7,0.641,34.61,26.38,23.13,19.31,14.0
22.58,67.72,298,25.83,0.684,34.9,25.28,22.52,18.12,12.76
8.33,72.49,308,28.31,0.639,34.78,27.05,23.49,19.37,13.71
13.05,66.24,102,29.83,0.731,34.91,28.28,25.28,20.65,15.69
8.91,60.32,361,28.49,0.708,35.25,27.33,24.27,20.2,14.55
20.26,61.71,335,26.63,0.755,35.13,26.0,23.29,18.78,12.81
19.23,68.44,112,27.78,0.699,34.92,26.82,23.65,19.77,13.92
13.3,71.73,181,28.13,0.727,34.72,26.76,23.44,19.62,13.76
18.81,65.69,104,28.8,0.699,35.15,27.84,24.84,20.73,15.12
14.33,71.82,16,28.37,0.756,34.48,27.34,24.46,20.1,15.03
20.1,71.88,96,28.28,0.837,34.79,27.34,23.9,19.96,13.91
15.27,71.97,293,26.77,0.693,34.81,25.65,23.15,19.43,14.44
14.6,68.37,146,29.1,0.73,34.74,27.98,25.05,20.89,15.17
22.96,75.55,302,25.62,0.557,34.76,24.95,22.18,17.9,12.23
12.01,68.32,2,28.46,0.752,34.87,27.31,24.76,20.16,14.41
9.93,67.65,119,30.23,0.738,34.88,29.18,26.09,22.08,16.42
17.35,63.39,343,27.08,0.652,35.1,26.18,23.8,20.13,14.55
23.51,65.23,94,27.38,0.729,35.08,26.45,23.59,20.06,14.51
14.05,60.72,191,28.33,0.701,35.18,27.18,24.57,20.56,15.14
8.99,70.77,3,29.22,0.743,34.78,28.13,25.39,20.73,14.6
13.43,64.23,111,28.65,0.76,35.11,27.31,24.64,20.35,14.8
16.09,65.17,177,27.86,0.678,35.09,27.3,24.48,20.85,15.49
10.59,73.1,257,27.45,0.642,34.71,26.27,23.31,19.54,14.01
18.53,65.56,361,27.75,0.721,34.82,26.76,24.48,19.97,14.38
23.96,64.12,22,27.04,0.712,34.93,26.39,23.53,20.22,14.56
15.23,62.87,220,27.24,0.664,35.19,26.23,23.07,18.54,13.35
13.68,73.17,173,28.4,0.697,34.65,27.31,24.91,20.65,15.29
14.41,62.21,224,27.11,0.639,35.05,25.85,22.94,19.04,13.47
9.84,67.71,65,30.19,0.804,34.94,29.13,25.71,21.58,16.23
22.13,68.62,277,25.44,0.71,34.89,24.5,21.4,17.17,11.94
14.64,71.69,249,26.77,0.71,34.71,26.2,22.75,18.66,12.74
14.2,70.77,260,26.9,0.673,34.84,25.87,22.79,19.11,13.75
18.56,73.78,131,27.95,0.737,34.52,26.58,24.24,20.91,15.16
15.07,60.76,113,29.59,0.724,35.0,28.8,26.07,22.09,16.98
18.37,65.04,286,26.27,0.673,35.15,25.16,22.32,17.97,12.18
8.98,64.76,287,27.93,0.665,34.9,26.85,23.85,19.79,14.28
21.02,62.48,211,26.19,0.651,34.95,25.62,22.75,19.44,14.02
23.05,64.92,20,27.36,0.734,34.97,26.48,23.95,20.17,14.11
18.38,65.27,215,27.05,0.714,34.99,26.09,22.69,19.12,12.99
23.27,68.87,310,26.02,0.673,34.8,25.39,23.44,19.67,14.04
10.42,71.28,251,28.1,0.73,34.73,27.31,24.18,20.46,15.46
15.64,66.48,271,26.49,0.635,34.8,25.49,22.6,18.52,12.96
17.63,72.23,180,27.55,0.702,34.78,27.03,24.13,20.61,15.25
17.31,65.71,194,27.11,0.715,34.82,25.83,22.92,17.69,11.25
14.42,64.93,313,27.07,0.672,35.0,25.9,22.86,18.99,13.74
13.41,69.2,79,29.56,0.749,34.86,28.45,25.84,21.93,16.58
10.03,60.4,180,28.93,0.719,35.25,28.06,25.54,21.1,15.79
14.27,61.36,163,28.95,0.727,35.17,28.0,25.42,21.46,15.97
10.6,67.11,202,28.36,0.69,34.81,27.16,24.34,20.48,14.59
19.75,76.03,14,27.52,0.697,34.52,26.41,23.39,18.6,12.87
11.34,72.27,347,27.81,0.691,34.64,26.45,23.55,19.6,13.82
8.94,61.5,246,28.05,0.653,34.98,27.06,24.2,20.62,15.29
16.84,74.39,14,27.91,0.811,34.67,26.89,23.69,20.27,14.7
17.52,72.45,99,29.03,0.699,34.63,28.3,25.5,21.66,16.4
21.95,70.39,33,27.43,0.687,34.8,26.3,23.99,19.86,14.55
17.23,73.94,257,26.82,0.677,34.63,25.98,23.09,19.38,14.4
13.53,66.87,34,28.95,0.717,34.81,27.93,25.22,20.79,15.32
20.85,63.77,19,27.76,0.699,34.93,26.77,23.72,19.94,14.37
16.64,68.7,152,28.42,0.69,34.82,27.37,24.79,20.67,15.2
9.27,69.33,260,27.37,0.72,34.7,26.29,23.23,19.61,13.31
17.05,69.15,164,27.91,0.706,34.93,26.96,23.99,19.7,14.09
22.53,69.61,77,27.6,0.727,34.95,26.59,23.88,20.48,15.16
14.34,76.13,314,27.18,0.744,34.63,26.29,23.12,19.51,13.92
12.74,75.34,137,28.7,0.72,34.62,27.91,25.18,21.23,15.66
10.3,74.89,359,28.62,0.76,34.61,27.5,24.93,20.95,15.36
10.42,73.62,208,27.04,0.743,34.55,26.09,23.26,19.85,14.82
14.92,76.04,242,27.18,0.68,34.64,26.17,23.59,20.35,14.93
17.53,61.67,67,28.34,0.748,35.27,27.89,24.63,20.4,14.85
9.29,64.51,116,29.61,0.74,34.99,28.52,25.79,21.57,16.8
23.03,68.42,202,26.76,0.721,34.86,26.08,23.09,19.51,13.62
20.08,74.39,250,26.18,0.635,34.54,25.54,22.84,17.8,12.09
17.39,68.59,278,26.65,0.698,34.82,25.59,23.21,18.1,12.27
21.26,72.72,112,27.83,0.745,34.57,27.12,23.35,18.96,13.23
9.28,62.36,331,28.43,0.676,35.08,27.51,24.49,20.53,15.4
15.63,64.29,234,26.88,0.65,35.07,26.0,22.49,17.97,12.16
18.08,72.44,176,27.66,0.671,34.73,26.89,23.69,19.1,13.61
21.26,62.8,143,28.21,0.76,35.11,27.23,24.21,19.93,14.57
20.54,65.97,32,27.4,0.645,34.72,26.96,24.39,20.86,15.56
12.43,64.5,181,28.64,0.742,35.02,27.13,24.5,20.26,14.56
23.05,65.95,67,27.95,0.738,35.02,26.97,24.33,20.7,15.36
9.99,72.04,4,28.72,0.738,34.72,27.37,24.67,20.63,14.99
22.0,66.25,286,25.4,0.683,35.06,24.9,21.66,18.2,12.7
23.54,69.44,269,25.41,0.555,34.81,24.57,22.03,17.86,12.03
10.83,61.7,236,27.37,0.716,35.17,26.12,23.06,19.15,13.25
19.55,73.69,277,26.42,0.655,34.55,25.41,22.72,18.73,13.33
8.64,66.29,41,29.71,0.701,35.01,28.3,25.17,21.04,16.25
14.49,71.03,121,28.87,0.693,34.84,28.01,25.1,21.35,15.75
16.26,72.33,275,26.13,0.717,34.64,25.32,22.44,18.64,13.13
17.29,63.56,231,26.58,0.693,34.91,25.7,22.96,18.98,13.66
22.97,75.04,304,26.08,0.685,34.55,25.12,22.03,17.18,12.0
18.76,70.48,86,28.62,0.767,34.68,28.02,25.33,20.78,15.62
15.7,67.29,63,28.85,0.681,34.97,28.04,24.81,20.36,15.02
20.95,63.1,192,27.37,0.701,35.03,26.16,23.82,19.84,14.29
23.21,76.02,293,25.46,0.678,34.63,24.61,21.54,17.45,12.15
8.35,72.84,31,29.31,0.733,34.53,27.97,24.52,20.14,14.76
23.72,63.54,330,26.08,0.707,34.98,25.57,22.7,18.29,12.77
9.38,65.74,146,29.62,0.734,34.89,28.44,25.45,21.65,16.43
21.03,73.76,107,28.03,0.716,34.68,26.89,23.76,19.39,14.02
12.49,71.83,359,27.96,0.725,34.52,26.9,24.45,19.38,13.67
10.11,73.02,110,30.25,0.808,34.65,29.5,26.82,22.81,16.99
15.04,67.5,276,26.62,0.657,34.86,25.81,23.12,18.83,12.85
18.3,72.18,210,26.47,0.705,34.75,25.45,22.31,18.54,12.76
14.1,66.57,139,28.96,0.756,34.94,27.93,24.89,20.51,15.02
8.87,63.59,86,30.33,0.714,34.96,29.43,26.39,22.22,17.03
17.59,70.76,44,28.33,0.793,34.54,27.68,24.23,20.27,14.73
22.44,76.59,82,28.18,0.677,34.46,27.04,24.28,19.33,13.91
14.13,65.28,64,28.84,0.812,34.86,27.87,25.07,20.75,15.43
11.46,67.84,343,28.23,0.71,34.77,27.1,24.29,19.9,14.03
15.08,71.46,321,26.83,0.661,34.67,25.75,22.99,18.72,13.09
8.77,69.21,55,29.95,0.784,34.91,29.11,25.88,21.59,15.74
21.13,74.34,74,28.41,0.694,34.5,27.28,24.16,20.08,14.48
21.22,72.95,129,28.0,0.635,34.5,27.31,24.4,20.39,14.97
17.41,60.99,256,26.07,0.648,35.1,24.69,22.28,18.45,12.97
13.65,76.97,231,26.91,0.692,34.49,25.75,23.26,19.38,13.63
20.8,72.79,137,28.41,0.784,34.65,27.55,24.81,21.2,15.87
16.87,74.69,351,27.15,0.637,34.55,25.95,23.73,20.04,14.62
21.21,71.07,355,27.04,0.704,34.73,26.63,23.93,20.4,15.03
18.1,74.56,112,28.64,0.725,34.64,27.58,24.91,21.32,15.87
20.55,61.91,308,25.82,0.646,35.04,24.79,22.41,18.12,12.4
17.58,65.91,146,28.11,0.752,35.06,27.04,24.37,20.17,14.31
14.63,74.9,33,29.16,0.724,34.59,28.29,25.92,21.75,16.37
23.33,63.43,260,26.58,0.674,35.16,25.95,23.12,19.51,14.14
16.66,61.33,87,28.8,0.778,35.17,27.77,24.69,20.52,15.04
17.68,73.4,331,26.77,0.714,34.54,25.91,23.02,19.25,14.39
11.53,74.2,265,26.79,0.625,34.44,25.82,23.08,18.25,12.61
18.01,62.77,320,26.16,0.63,35.2,24.96,21.87,16.96,11.56
17.15,74.52,30,27.96,0.703,34.53,27.0,23.94,20.38,14.92
10.96,71.68,232,27.52,0.728,34.72,26.33,23.34,19.47,13.96
8.95,68.84,76,30.01,0.76,34.79,28.6,25.39,21.79,15.97
17.67,74.11,129,28.71,0.735,34.77,27.83,24.78,20.1,14.52
20.22,67.13,271,26.03,0.701,34.91,25.36,22.73,18.73,13.52
16.37,63.3,89,29.15,0.731,34.93,28.21,25.58,20.92,15.6
11.63,64.84,170,28.53,0.785,34.98,26.97,23.65,19.95,14.7
18.66,68.59,128,28.35,0.656,34.97,27.35,24.61,20.56,14.88
9.28,69.03,174,28.87,0.72,34.75,27.6,24.72,20.61,15.38
15.07,73.69,26,28.08,0.658,34.5,27.46,24.94,21.23,15.4
10.61,73.45,61,29.06,0.746,34.73,27.92,24.97,20.87,15.31
10.95,69.88,67,29.45,0.784,34.71,28.07,24.81,20.69,14.89
11.24,73.27,26,28.29,0.712,34.5,27.23,24.22,19.58,14.61
14.19,63.26,83,28.92,0.719,34.98,28.05,24.83,21.31,15.86
8.82,60.85,364,29.02,0.686,35.19,27.94,24.42,20.4,15.18
14.36,74.85,60,29.13,0.811,34.64,27.98,25.06,21.2,15.82
16.19,61.28,39,28.52,0.725,35.18,27.48,24.77,20.16,14.82
15.73,64.19,123,29.22,0.728,34.92,28.41,25.6,22.09,16.28
14.12,71.82,292,26.72,0.734,34.81,25.74,22.49,18.49,12.97
21.43,66.96,277,25.99,0.636,34.99,25.55,22.32,18.94,13.12
10.33,74.9,304,27.37,0.655,34.65,26.31,23.55,19.89,14.25
16.09,65.07,282,26.68,0.642,34.89,25.42,23.11,18.06,12.57
8.99,60.2,191,28.72,0.697,35.13,27.58,25.12,21.36,15.58
9.14,65.11,292,27.75,0.66,35.02,26.54,23.62,19.92,14.03
17.18,69.83,152,28.11,0.686,34.86,26.86,24.08,20.26,14.4
17.06,66.39,233,26.82,0.771,34.84,25.91,23.3,19.31,13.99
22.05,69.09,146,27.72,0.656,35.01,26.79,23.92,19.77,14.17
16.93,74.9,271,26.03,0.591,34.59,25.12,21.92,17.83,11.94
23.36,75.51,335,26.36,0.672,34.67,25.91,22.23,18.71,13.19
8.78,64.52,134,29.4,0.749,34.89,28.27,25.45,21.96,16.67
9.57,67.86,171,28.74,0.759,34.9,27.85,24.91,20.77,15.22
8.71,69.34,28,29.52,0.734,34.7,28.38,25.0,20.61,14.67
10.96,76.13,136,29.6,0.723,34.57,28.62,25.33,21.76,16.19
16.66,76.98,241,26.75,0.74,34.56,25.83,22.88,19.17,13.42
18.33,64.0,344,27.12,0.619,35.09,26.26,23.29,19.29,13.86
8.73,72.36,228,27.7,0.716,34.63,26.57,24.14,19.68,14.05
23.14,66.43,287,25.4,0.66,34.76,24.88,22.47,17.72,12.27
21.47,60.14,303,25.31,0.662,35.22,24.59,21.5,17.72,11.69
12.75,60.16,34,28.68,0.718,35.15,27.67,25.27,20.96,15.47
9.24,67.83,2,28.45,0.674,34.84,27.54,25.19,20.87,15.28
10.72,68.3,362,28.53,0.786,34.77,27.49,24.69,20.78,14.99
10.03,60.38,195,29.15,0.727,35.18,28.29,25.15,20.85,15.35
9.97,71.68,94,30.13,0.835,34.73,28.81,25.93,21.65,16.04
16.3,65.0,328,26.37,0.676,35.1,25.84,22.37,17.99,12.45
11.93,69.52,308,26.96,0.659,34.61,25.95,22.94,19.13,13.31
13.73,65.12,135,28.63,0.745,34.86,27.39,24.6,20.12,14.65
23.83,62.84,204,25.66,0.686,35.13,25.01,22.28,17.59,11.52
18.95,66.92,250,26.17,0.658,34.7,25.53,22.57,18.09,12.51
23.18,63.95,147,27.48,0.665,34.97,26.46,23.65,20.12,14.59
10.28,69.09,346,27.88,0.635,35.07,26.72,23.59,19.26,14.24
14.11,63.38,348,27.67,0.683,35.03,26.88,24.46,20.55,14.95
16.88,68.64,254,26.6,0.7,34.92,25.77,23.36,19.13,14.09
9.23,62.68,334,28.42,0.682,34.92,27.23,24.6,20.42,15.24
8.07,71.41,176,29.17,0.772,34.81,28.0,25.04,21.49,15.92
18.73,72.82,125,28.49,0.726,34.65,27.34,24.23,20.18,14.66
18.27,61.88,251,26.34,0.69,35.15,25.23,22.64,19.2,13.35
14.57,67.95,131,28.64,0.636,34.93,27.32,24.55,21.23,15.53
15.83,61.2,50,28.5,0.668,35.1,27.46,24.33,20.86,15.41
14.65,70.17,93,28.81,0.716,34.84,27.95,25.41,21.11,15.48
8.38,64.49,310,28.42,0.797,34.91,27.25,24.22,20.19,14.93
13.37,68.97,220,27.03,0.651,34.84,26.24,23.16,19.65,14.32
10.83,68.8,334,28.25,0.712,34.9,27.06,24.49,20.7,15.27
9.57,75.71,334,27.72,0.787,34.51,26.33,23.2,19.56,14.24
23.31,69.33,20,27.34,0.707,34.73,26.76,23.94,20.34,14.94
17.59,69.91,205,27.4,0.726,34.75,26.55,24.07,20.49,14.98
19.66,66.83,91,28.8,0.708,35.03,28.16,25.66,21.16,15.43
13.05,76.13,355,27.73,0.749,34.65,26.64,23.87,19.75,14.79
14.29,73.21,173,28.3,0.772,34.74,27.63,24.39,20.03,14.72
11.79,64.85,189,28.12,0.734,35.16,26.86,23.84,19.7,14.3
9.55,74.35,312,27.55,0.693,34.63,26.41,24.28,20.27,14.53
10.86,67.35,2,28.62,0.751,34.92,27.64,25.05,21.0,16.21
20.76,74.09,361,27.25,0.622,34.44,26.29,23.41,19.07,13.36
18.84,73.99,168,27.49,0.738,34.55,26.63,23.39,18.78,13.29
16.75,63.21,24,28.27,0.684,35.12,27.57,24.16,19.45,13.97
15.6,71.92,68,28.69,0.72,34.81,27.8,25.3,21.94,16.03
22.76,64.94,194,26.24,0.71,34.87,25.38,22.89,19.29,13.92
9.16,65.06,84,29.92,0.811,34.99,29.07,26.15,22.19,16.79
12.49,65.04,207,27.76,0.638,35.21,26.83,23.89,18.64,12.82
13.6,72.33,49,29.26,0.71,34.7,28.25,25.73,21.3,16.02
20.52,63.91,32,27.37,0.717,35.19,26.49,23.19,19.29,13.5
23.88,60.02,317,26.38,0.592,35.23,25.51,23.31,19.55,13.95
11.85,72.16,170,28.14,0.771,34.77,27.27,24.6,20.38,14.64
21.99,62.91,129,27.93,0.712,34.99,27.26,24.03,20.15,14.83
21.29,61.78,102,28.1,0.77,34.97,27.5,24.85,20.71,15.36
11.59,64.04,35,28.95,0.709,35.11,27.98,24.92,21.28,15.44
14.39,66.46,307,26.98,0.653,34.97,25.88,22.65,18.54,12.86
14.55,68.09,199,27.88,0.748,34.88,26.96,24.32,20.19,14.52
23.65,60.76,301,25.83,0.633,35.04,24.91,21.76,17.46,12.16
10.89,76.5,77,29.66,0.71,34.5,28.63,25.38,21.58,15.87
20.79,72.17,321,26.36,0.683,34.65,25.77,23.08,19.15,13.61
13.35,65.49,14,28.09,0.649,34.93,27.31,24.45,19.89,14.32
19.69,65.42,349,26.86,0.734,35.01,26.16,23.6,19.65,14.05
14.72,67.63,131,29.04,0.749,34.97,28.05,25.09,21.06,16.08
17.25,70.65,238,25.95,0.613,34.8,25.19,22.27,18.55,12.85
21.32,62.49,280,25.83,0.691,35.12,24.85,21.39,17.26,11.69
20.87,63.21,65,28.1,0.759,35.08,26.94,24.22,19.73,14.33
21.86,74.61,138,28.13,0.714,34.6,27.35,24.48,20.2,14.57
8.95,64.36,269,27.71,0.792,34.94,26.54,24.0,20.63,14.95
19.07,66.46,228,26.64,0.759,34.95,26.09,23.44,19.26,13.86
10.24,74.81,201,28.21,0.729,34.68,27.46,24.69,21.01,15.74
14.65,71.27,142,28.96,0.781,34.74,27.84,24.73,20.08,14.97
16.78,65.81,100,29.04,0.794,34.88,28.23,25.21,21.27,15.71
14.44,71.62,138,28.47,0.679,34.62,27.09,24.41,19.7,13.97
16.31,60.33,168,28.14,0.726,35.09,27.26,24.38,20.31,14.57
23.94,72.51,99,28.15,0.687,34.59,27.41,25.0,20.6,15.52
10.16,68.28,311,28.01,0.677,35.16,26.73,24.29,19.82,14.42
18.81,73.82,319,26.53,0.671,34.56,25.66,22.75,18.23,12.49
14.34,76.23,327,27.42,0.7,34.55,26.24,23.41,19.23,13.53
10.13,75.74,355,28.75,0.668,34.56,27.84,24.77,19.91,14.08
10.54,75.46,66,29.37,0.765,34.72,28.33,25.42,20.75,15.22
23.19,68.71,335,26.27,0.648,34.89,25.75,23.21,19.15,13.8
22.07,66.12,329,25.6,0.694,35.0,24.46,21.45,16.65,11.61
22.51,67.91,47,27.95,0.755,34.9,26.95,23.96,19.25,14.08
23.86,71.73,337,25.95,0.614,34.76,25.05,21.89,18.51,13.02
11.33,75.03,231,27.58,0.75,34.63,26.63,23.59,20.11,14.41
13.69,63.52,308,26.98,0.701,35.0,26.03,23.36,18.93,13.57
18.71,75.61,146,28.09,0.704,34.48,27.27,24.34,20.37,14.34
15.74,73.86,207,27.42,0.672,34.65,26.33,23.15,18.72,12.98
14.69,76.64,146,28.93,0.692,34.48,27.56,24.78,20.37,15.06
13.72,74.96,152,29.13,0.695,34.62,27.98,25.11,19.76,14.52
17.5,64.76,279,26.39,0.589,34.9,25.75,23.29,19.8,14.69
17.21,61.8,140,27.92,0.708,34.98,26.86,23.97,20.09,14.55
10.58,61.91,151,29.62,0.676,35.0,28.59,25.45,21.65,16.54
15.55,64.95,21,27.85,0.671,34.99,26.89,24.35,20.46,14.85
16.86,70.44,254,26.41,0.689,34.62,25.51,22.37,18.19,12.55
17.12,73.67,64,28.55,0.786,34.85,27.35,24.07,19.77,14.36
11.36,75.29,218,27.81,0.658,34.78,26.92,23.78,19.67,14.51
19.88,70.6,72,27.97,0.734,34.86,27.07,24.02,20.51,15.29
8.4,60.1,162,28.96,0.726,35.16,28.31,24.88,20.79,15.6
13.68,63.17,130,29.08,0.722,35.02,28.0,24.62,21.3,15.96
20.48,61.7,69,28.0,0.716,35.16,27.33,24.7,20.29,15.08
17.02,66.18,225,27.25,0.661,35.01,26.23,23.35,18.65,13.16
12.18,68.52,246,27.14,0.681,34.89,26.49,23.6,19.13,13.73
19.12,60.74,68,28.13,0.717,35.04,27.38,24.5,20.34,15.67
17.08,65.92,107,29.3,0.795,34.94,28.1,25.37,21.83,16.59
20.74,63.05,109,28.37,0.776,35.13,27.79,24.66,20.36,14.87
19.76,71.0,328,27.34,0.666,34.52,26.61,23.94,19.26,14.0
17.76,67.89,103,28.13,0.703,34.77,27.12,24.3,20.2,14.39
15.81,68.42,141,28.68,0.762,34.92,27.39,24.22,20.61,15.01
10.13,67.27,65,29.91,0.76,34.88,29.07,26.37,22.27,16.71
12.18,76.25,134,29.27,0.777,34.52,28.58,25.71,21.69,15.97
14.71,63.65,199,27.55,0.733,35.16,26.79,23.61,19.5,14.53
17.59,68.78,155,28.48,0.765,34.84,27.73,24.55,20.37,15.01
16.22,72.51,79,29.08,0.746,34.65,28.24,25.51,22.37,17.04
12.61,69.47,250,26.7,0.624,34.79,25.88,23.38,19.8,14.27
8.1,75.79,87,29.92,0.761,34.54,28.75,25.95,22.6,16.76
15.94,66.43,304,26.42,0.642,34.86,25.09,22.54,19.59,14.08
12.57,67.88,241,27.26,0.719,34.86,26.39,23.9,20.31,14.69
19.75,61.5,88,28.72,0.793,35.03,27.91,24.95,20.66,14.86
8.38,70.35,324,28.05,0.774,34.75,26.66,23.82,20.07,14.8
17.36,64.9,172,27.74,0.738,34.95,26.36,23.7,20.36,14.78
23.06,62.73,357,26.28,0.621,35.11,25.48,22.32,18.44,12.4
10.79,69.26,17,29.16,0.801,34.98,28.06,25.47,21.23,15.73
15.55,69.05,223,27.47,0.711,34.86,26.45,24.0,20.45,14.96
9.46,61.29,294,27.64,0.666,35.16,26.67,23.61,19.0,13.73
18.01,71.87,310,27.0,0.714,34.75,25.93,23.93,19.89,14.43
16.81,70.6,219,26.81,0.665,34.69,26.0,23.41,19.61,13.93
14.52,63.21,234,26.67,0.592,35.14,25.82,22.98,18.84,13.49
16.34,67.98,248,26.91,0.638,34.92,25.42,21.98,18.13,12.43
22.35,72.25,52,27.76,0.7,34.71,26.91,24.03,20.19,14.9
11.14,69.0,15,28.66,0.726,34.88,27.64,24.91,21.03,15.88
8.36,66.72,324,28.19,0.673,34.96,27.23,24.48,20.31,14.06
21.79,65.48,112,27.58,0.727,35.01,26.85,23.59,19.33,13.6
17.23,70.38,184,27.06,0.703,34.88,25.77,22.72,18.58,13.22
22.25,75.96,360,26.79,0.616,34.49,25.97,23.37,18.72,13.25
17.55,71.42,7,27.84,0.811,34.87,26.86,24.13,20.58,15.47
20.96,61.27,51,28.4,0.673,34.99,27.75,25.2,21.31,16.19
14.87,67.83,314,27.31,0.671,34.95,26.09,23.29,19.26,14.03
20.0,75.14,241,26.38,0.676,34.61,25.5,22.65,18.28,12.27
22.61,61.61,245,26.13,0.636,35.04,25.48,22.82,18.77,13.22
17.15,76.81,186,27.7,0.759,34.63,26.92,24.07,20.01,14.7
10.89,76.13,287,27.29,0.682,34.37,26.2,22.9,18.63,13.12
12.3,61.33,92,29.83,0.728,35.31,29.03,26.62,22.94,17.4
11.18,75.87,106,29.95,0.793,34.79,28.74,26.12,21.57,16.44
11.95,66.17,13,28.67,0.614,34.94,27.78,25.1,20.63,15.24
12.9,74.36,146,28.61,0.75,34.52,27.77,24.48,20.83,15.25
16.88,67.11,119,28.2,0.768,34.86,26.98,24.35,20.85,15.0
17.41,67.49,203,27.43,0.601,35.0,26.76,23.82,19.84,14.85
14.82,70.78,141,28.91,0.721,34.74,27.59,24.98,20.49,15.08
17.85,73.17,115,28.81,0.668,34.38,27.96,25.29,21.72,16.08
9.31,60.57,152,29.67,0.761,35.22,28.48,25.5,21.48,16.26
9.4,70.08,57,29.52,0.845,34.89,28.63,26.02,21.97,15.99
10.75,63.17,157,28.53,0.735,35.12,27.54,24.31,20.83,15.85
16.29,65.88,310,26.94,0.669,35.03,26.34,23.52,19.76,14.44
11.42,65.92,133,29.75,0.649,35.12,28.92,26.6,22.35,17.51
12.53,67.97,163,28.82,0.69,34.86,27.82,25.12,20.39,15.08
14.41,65.68,275,26.39,0.656,35.14,25.64,23.09,18.86,13.43
20.99,61.83,183,27.11,0.687,35.11,26.23,23.41,19.5,13.82
8.22,62.48,77,29.79,0.778,35.21,28.46,25.56,21.72,16.09
18.39,60.57,325,26.22,0.687,35.16,25.21,22.0,17.41,11.54
18.7,67.99,44,28.22,0.68,35.08,27.29,24.4,20.04,15.13
20.78,76.23,206,26.66,0.671,34.62,25.17,22.54,17.26,11.8
22.92,61.97,38,27.46,0.674,35.11,26.92,23.75,19.79,14.55
8.32,76.09,318,28.21,0.679,34.44,27.08,23.95,19.17,13.98
10.46,72.47,22,28.84,0.7,34.72,27.96,25.24,20.95,15.38
22.18,70.84,73,28.04,0.733,34.68,27.24,24.62,20.16,14.42
15.34,70.97,241,26.74,0.57,34.81,25.46,23.28,19.45,13.73
17.03,74.05,154,28.13,0.64,34.7,27.21,24.31,20.36,14.4
18.61,61.82,237,26.52,0.792,35.23,25.59,22.62,18.23,12.39
18.87,68.58,5,27.79,0.677,34.91,26.75,24.16,20.12,14.78
22.91,71.85,221,26.11,0.712,34.73,25.21,22.53,18.7,13.51
23.95,69.98,310,25.82,0.642,34.93,25.03,22.13,18.15,12.65
19.52,74.16,86,28.47,0.702,34.78,27.09,24.23,18.78,13.56
12.6,61.23,177,28.57,0.753,35.05,27.61,24.55,21.37,16.16
22.08,71.74,259,26.04,0.654,34.91,25.32,22.15,18.26,12.67
8.79,69.08,220,28.72,0.725,34.96,27.72,24.82,21.17,15.99
11.7,66.45,38,29.54,0.754,34.86,28.44,26.02,21.63,16.08
22.36,65.78,142,27.6,0.714,34.78,27.16,24.09,19.61,13.99
12.1,70.55,235,27.79,0.676,34.9,26.85,23.58,19.27,13.8
11.53,75.15,203,28.22,0.697,34.61,27.09,23.94,20.64,14.71
10.21,68.43,329,27.79,0.665,34.82,26.47,23.79,19.57,14.05
21.75,74.02,294,25.98,0.601,34.67,24.86,22.19,18.06,11.87
16.0,66.84,172,27.68,0.774,35.05,26.8,24.29,20.93,15.64
18.8,61.74,125,28.55,0.69,34.93,27.79,25.27,21.02,15.13
11.83,61.05,326,28.21,0.756,35.17,27.19,24.4,20.3,14.8
20.13,60.87,65,28.51,0.711,35.17,27.62,24.96,20.33,15.27
20.16,66.46,281,26.34,0.682,35.09,25.4,22.33,19.01,13.53
13.0,65.73,272,26.94,0.678,35.05,26.02,23.38,18.98,12.91
14.57,72.2,244,27.11,0.612,34.79,25.97,23.13,18.96,13.5
11.36,72.63,15,29.01,0.742,34.65,27.96,25.34,19.9,14.33
23.62,60.86,226,25.75,0.667,35.23,24.96,22.25,18.08,12.86
18.33,63.76,131,28.59,0.689,35.0,27.79,24.8,20.67,15.14
22.95,64.66,195,26.64,0.762,35.0,25.65,22.44,18.17,13.01
12.85,69.31,293,27.35,0.723,34.89,26.12,23.11,18.31,12.95
20.51,62.46,209,26.29,0.691,35.11,25.43,22.64,18.75,13.52
20.25,62.28,113,28.66,0.767,35.14,27.83,24.7,19.84,14.31
19.07,76.04,244,26.43,0.57,34.69,25.53,22.7,17.94,12.82
23.45,73.67,166,26.98,0.708,34.62,25.63,23.1,18.9,13.24
14.3,63.07,191,27.85,0.797,34.97,26.92,24.38,20.76,14.71
10.09,66.91,257,27.52,0.726,34.83,26.96,24.24,20.12,14.29
18.75,66.05,327,26.41,0.652,34.85,25.69,23.27,19.29,13.83
19.67,73.45,218,26.92,0.633,34.82,25.64,22.44,18.08,12.66
17.2,68.67,359,27.79,0.655,34.92,26.77,24.33,19.96,14.51
11.31,62.17,275,27.61,0.645,35.22,26.52,23.29,19.54,14.41
16.07,72.56,52,29.18,0.729,34.79,28.16,25.3,21.69,16.24
13.0,66.75,158,28.8,0.691,34.91,27.53,24.44,20.79,15.38
14.84,64.47,363,27.44,0.687,35.18,26.27,23.65,19.8,14.59
18.32,66.38,55,28.61,0.737,34.88,27.89,24.55,20.58,14.58
19.92,68.46,14,27.68,0.631,35.06,26.94,23.6,18.92,13.64
11.72,65.83,269,27.71,0.671,34.98,26.64,23.61,19.29,14.18
14.49,64.11,340,27.85,0.682,35.21,27.05,23.99,19.61,14.32
12.31,66.77,90,29.59,0.734,34.82,28.43,25.39,21.32,15.91
11.18,60.33,27,29.02,0.741,35.14,27.89,24.82,21.03,15.77
20.53,73.13,89,28.62,0.734,34.51,27.68,25.02,20.78,14.64
22.55,62.91,41,26.8,0.657,35.19,25.66,22.81,17.71,12.17
13.92,60.75,304,27.14,0.657,35.2,26.09,23.73,20.13,14.24
20.02,71.11,268,26.29,0.658,34.96,25.73,22.97,18.52,13.13
22.35,73.16,138,27.64,0.757,34.63,27.12,24.5,20.06,14.26
21.54,73.84,6,26.98,0.621,34.78,26.15,23.52,19.67,14.43
10.93,68.39,242,27.62,0.744,34.87,26.52,23.38,19.07,13.45
23.3,63.49,162,27.52,0.63,35.05,27.06,24.09,20.0,14.12
14.03,72.53,180,28.28,0.733,34.67,27.23,24.67,20.7,14.92
13.43,71.9,297,26.88,0.718,34.64,25.76,22.37,18.33,12.44
9.0,64.19,6,29.34,0.697,35.07,28.43,25.73,21.53,16.02
15.78,75.36,271,27.06,0.696,34.61,25.75,22.85,18.8,13.48
9.74,61.77,272,27.3,0.647,34.97,26.19,23.14,19.97,14.28
11.98,76.71,156,29.77,0.81,34.28,28.72,25.73,22.15,16.21
13.07,74.62,85,29.43,0.689,34.58,28.52,26.16,22.44,16.94
20.94,71.69,200,26.99,0.644,34.85,26.01,22.67,18.76,13.25
22.01,75.96,10,27.32,0.695,34.58,26.45,23.24,19.81,14.16
12.84,72.28,138,28.9,0.765,34.58,27.89,24.43,20.71,14.98
21.74,63.24,242,25.78,0.647,34.89,24.88,21.93,18.38,13.27
21.72,67.52,201,26.59,0.687,35.01,25.7,22.67,19.14,13.47
20.23,61.22,156,27.13,0.662,34.99,26.42,23.64,19.85,13.92
10.35,66.62,275,27.69,0.657,35.01,26.74,23.77,19.91,14.39
19.05,72.61,225,25.97,0.708,34.75,25.18,22.46,18.27,12.92
23.12,66.57,68,27.84,0.725,35.1,26.7,23.6,20.31,14.95
18.92,65.62,184,27.13,0.664,34.91,26.31,24.11,20.02,14.04
13.31,70.12,195,28.12,0.647,34.89,26.94,24.3,19.79,14.65
16.01,74.83,42,27.93,0.757,34.75,27.37,24.65,20.73,15.29
18.33,60.81,151,27.57,0.748,35.03,26.66,23.97,19.82,14.49
16.17,66.55,84,28.79,0.725,34.95,27.79,24.61,20.14,15.43
9.92,62.69,134,29.76,0.736,35.09,28.98,26.04,21.58,16.31
12.99,71.82,309,27.33,0.68,34.62,26.55,23.65,19.59,14.27
20.84,61.8,354,27.16,0.676,35.15,26.25,23.27,19.24,13.67
21.78,71.3,298,25.87,0.677,34.63,24.79,21.85,17.2,11.7
10.2,64.87,30,29.26,0.702,35.04,27.83,25.23,20.99,15.13
23.24,63.38,9,26.58,0.644,35.28,25.55,22.71,19.01,13.54
13.26,75.92,170,28.4,0.715,34.54,27.45,24.68,19.56,14.55
18.6,60.31,290,26.25,0.668,35.18,25.31,21.97,17.78,12.4
20.03,67.44,168,26.88,0.711,35.04,25.81,22.43,18.34,13.51
20.99,60.37,344,26.36,0.673,35.31,25.42,22.3,18.47,13.12
23.13,68.22,145,27.59,0.768,34.81,27.12,24.73,20.54,15.13
13.01,68.52,228,27.46,0.654,34.93,26.66,24.44,20.18,14.64
21.74,65.47,306,25.84,0.704,34.69,25.35,22.79,18.94,14.03
10.11,62.25,76,29.66,0.722,35.01,28.44,25.47,21.35,15.71
19.28,66.4,223,26.01,0.635,35.05,25.28,22.59,19.2,13.48
19.87,71.43,177,26.68,0.686,34.69,25.94,23.47,19.62,13.86
18.84,73.3,189,27.15,0.732,34.65,26.54,24.23,20.45,15.63
12.04,69.02,302,27.78,0.688,34.75,26.74,23.55,19.48,14.03
21.97,70.03,46,27.77,0.719,34.69,26.77,23.97,20.63,15.15
10.7,63.41,17,29.25,0.735,34.81,28.0,25.04,20.71,15.37
8.86,64.88,66,29.61,0.666,34.97,28.5,25.84,21.28,15.71
19.48,62.75,360,27.26,0.686,35.14,26.38,23.56,19.42,13.69
15.61,64.24,261,26.48,0.615,35.06,25.56,22.46,18.25,12.51
21.59,63.82,123,27.76,0.754,34.96,26.64,23.88,19.72,13.97
14.13,68.83,231,27.41,0.744,34.7,26.68,23.59,20.29,14.18
10.69,69.57,125,29.56,0.723,34.78,28.23,25.35,20.94,15.46
21.38,76.06,112,27.7,0.661,34.42,27.11,24.28,20.16,14.19
16.78,63.32,272,26.51,0.64,34.99,25.5,23.19,18.44,13.1
11.03,70.91,81,29.51,0.777,34.78,28.82,26.03,22.69,17.44
19.53,73.89,246,25.77,0.665,34.56,24.53,21.67,16.64,10.96
16.18,69.52,347,27.11,0.82,34.95,26.39,23.69,19.65,14.25
17.67,64.34,328,27.45,0.681,34.92,26.32,23.21,18.57,13.29
15.37,64.46,215,27.62,0.702,34.96,26.43,23.61,18.95,13.9
21.26,60.67,352,26.14,0.731,35.26,25.62,22.94,18.49,12.87
21.27,65.19,235,26.01,0.662,35.06,25.31,22.65,18.11,12.19
19.35,72.66,82,28.45,0.68,34.75,27.26,24.26,20.27,14.5
9.69,60.81,294,27.54,0.71,35.1,26.49,23.75,19.14,13.14
21.42,63.73,310,25.81,0.673,35.11,25.24,22.61,18.93,13.57
18.74,72.01,76,28.77,0.72,34.8,27.98,24.85,21.28,14.81
19.15,73.31,15,27.92,0.739,34.71,27.03,23.97,20.54,14.74
13.81,67.74,220,27.72,0.73,34.89,26.95,23.99,19.27,13.78
22.07,71.87,230,26.11,0.635,34.78,25.35,23.23,18.82,12.99
19.61,66.6,265,26.26,0.72,34.93,25.04,21.95,17.66,11.9
9.8,62.72,264,27.44,0.662,35.13,26.38,23.65,19.32,14.07
14.52,66.77,110,28.69,0.748,34.94,27.79,24.81,21.03,15.2
22.18,69.86,307,25.38,0.607,34.65,24.59,21.51,17.53,11.9
8.76,76.12,200,28.28,0.651,34.5,27.09,24.47,20.0,14.78
23.38,61.17,226,25.82,0.659,35.36,25.09,21.84,17.63,12.02
18.87,68.63,185,26.93,0.755,34.66,26.07,23.62,19.51,14.73
18.1,65.59,31,27.76,0.701,35.13,26.44,23.28,19.11,13.94
12.33,68.64,102,29.42,0.693,34.92,28.12,25.07,20.68,15.52
11.98,60.41,259,27.5,0.704,35.19,26.52,23.84,19.3,13.38
23.07,65.32,99,28.03,0.678,34.82,27.36,24.75,20.95,15.42
12.77,73.94,339,27.51,0.737,34.64,26.33,23.53,18.95,13.37
20.41,69.42,299,26.06,0.643,34.75,25.34,22.36,18.54,12.92
14.29,67.66,285,26.48,0.594,35.01,25.59,22.31,18.31,12.65
10.23,64.85,266,27.22,0.707,34.94,26.1,23.22,18.78,13.24
8.17,65.07,140,29.28,0.757,34.97,28.25,25.11,21.22,15.0
16.71,66.51,302,26.76,0.661,34.96,25.9,23.79,19.4,13.63
23.61,74.2,286,25.4,0.59,34.57,24.77,22.01,18.14,13.14
13.91,76.44,350,27.76,0.774,34.64,26.94,23.67,19.25,13.59
13.72,67.46,216,27.73,0.684,34.87,26.52,23.57,19.52,13.82
13.51,66.69,32,28.5,0.761,34.74,27.35,24.69,20.57,15.05
16.33,74.39,303,26.84,0.657,34.64,26.18,23.7,19.35,13.86
15.05,67.26,88,29.74,0.789,34.99,28.93,25.95,21.72,15.54
22.08,69.38,63,27.65,0.702,34.97,26.94,24.06,19.7,14.24
16.09,63.93,279,26.12,0.655,35.1,25.32,22.67,19.03,13.7
16.12,72.64,74,28.55,0.693,34.81,27.82,24.69,20.31,14.99
10.21,69.04,306,27.76,0.724,34.89,26.72,23.96,19.83,14.05
23.72,73.75,124,28.18,0.772,34.55,27.3,24.5,19.56,14.52
12.0,73.27,269,27.72,0.66,34.59,26.79,24.12,19.74,14.67
9.17,63.66,285,27.9,0.674,34.82,26.8,23.95,20.1,15.01
18.61,72.17,121,28.72,0.849,34.69,28.12,24.73,20.82,15.55
17.53,73.6,346,27.32,0.65,34.72,26.7,23.95,20.02,14.42
14.64,65.88,212,27.64,0.677,34.81,26.83,23.73,19.62,14.12
14.76,62.93,148,28.75,0.788,35.21,27.51,25.13,21.13,16.06
20.56,60.04,78,28.04,0.768,35.19,26.96,24.6,21.08,14.89
11.13,67.67,14,29.33,0.653,34.8,28.01,24.84,20.37,14.65
21.12,65.99,136,28.29,0.749,34.8,27.47,24.34,20.73,15.37
18.38,69.43,304,26.17,0.647,34.99,25.44,21.93,17.47,11.9
14.7,63.2,280,27.0,0.674,35.19,25.95,23.33,19.35,13.73
15.33,74.61,79,29.51,0.802,34.58,28.41,25.34,20.89,15.88
12.11,64.38,243,27.47,0.68,35.12,26.46,23.7,19.94,14.69
20.03,63.85,193,26.92,0.657,35.03,25.88,22.89,18.28,13.06
16.21,68.17,242,27.17,0.672,34.81,26.27,22.95,18.45,12.72
13.13,68.48,51,29.23,0.733,34.8,28.16,25.36,21.22,15.55
17.54,63.66,232,26.48,0.678,35.03,25.42,22.96,18.55,13.17
23.93,64.62,259,25.1,0.676,34.98,24.33,21.48,17.09,11.72
14.96,62.88,218,26.39,0.679,35.09,25.58,22.44,18.29,13.34
22.73,72.21,206,26.91,0.677,34.87,25.78,22.9,18.3,12.91
13.52,73.09,314,27.0,0.702,34.9,26.02,23.32,19.28,14.27
8.88,67.86,311,28.2,0.747,34.77,26.67,23.74,19.79,14.48
11.27,72.14,120,29.29,0.772,34.76,28.18,24.97,20.24,14.67
14.7,72.51,80,29.22,0.72,34.72,28.38,26.12,22.12,16.39
11.51,62.35,42,29.4,0.769,35.16,28.56,25.22,21.2,15.94
8.0,76.43,21,29.05,0.657,34.5,27.83,25.68,21.76,16.15
22.64,73.96,10,27.3,0.75,34.7,26.36,23.46,19.41,13.87
21.5,63.48,313,25.98,0.711,34.92,25.08,22.5,18.54,12.79
19.88,63.16,153,27.97,0.745,35.41,26.86,24.06,20.1,14.6
10.69,62.14,312,28.08,0.762,35.14,27.05,23.91,19.9,14.58
9.93,62.35,294,27.81,0.701,35.18,26.52,24.07,20.12,14.5
9.08,72.72,86,30.0,0.74,34.58,29.02,26.33,22.85,17.13
19.58,67.98,113,28.96,0.689,34.81,27.93,25.06,21.48,16.0
22.86,73.31,189,26.62,0.709,34.52,25.74,23.1,18.96,13.6
14.89,72.69,112,29.12,0.714,34.84,28.24,25.34,20.99,15.49
9.91,70.28,175,28.82,0.72,34.68,27.86,24.34,20.75,15.82
16.2,71.67,310,26.43,0.672,34.71,25.59,22.24,19.06,13.59
13.58,60.31,302,26.7,0.67,35.17,25.75,22.9,18.79,13.45
14.0,65.3,4,28.02,0.721,35.04,26.8,23.84,19.94,14.71
17.94,70.84,222,26.45,0.591,34.64,25.52,22.7,18.47,13.09
19.5,60.16,221,26.45,0.654,35.28,25.53,22.6,18.71,12.92
9.77,60.56,171,29.22,0.78,35.3,28.05,24.82,19.93,14.18
8.57,74.48,318,27.92,0.69,34.55,26.83,23.57,19.26,13.43
23.91,71.63,213,26.08,0.618,34.73,25.1,22.04,18.23,12.33
11.72,64.51,253,27.17,0.723,35.08,26.11,23.48,19.03,13.61
8.86,71.7,124,30.65,0.772,34.76,29.49,26.35,22.48,17.35
11.04,73.47,128,29.96,0.776,34.56,28.81,26.24,22.35,17.06
8.62,65.22,213,28.23,0.709,35.06,26.9,23.73,19.87,14.58
14.27,60.61,112,29.27,0.748,35.33,28.04,25.52,21.22,15.41
20.84,75.86,85,27.87,0.767,34.72,27.27,24.23,20.44,15.09
13.46,65.87,4,28.2,0.739,35.02,27.21,24.25,20.89,15.55
15.11,61.81,65,28.83,0.686,35.2,28.22,25.29,20.99,15.99
18.81,68.36,318,26.73,0.657,34.83,26.2,23.55,19.18,13.78
16.14,73.06,346,27.11,0.667,34.59,26.4,23.64,19.48,14.5
21.78,63.77,120,28.49,0.733,35.04,27.39,24.56,20.57,15.11
21.86,64.58,243,25.87,0.682,35.24,25.31,22.44,17.93,12.56
8.16,64.13,137,29.56,0.758,34.98,28.42,25.37,21.09,15.94
20.45,76.86,247,26.07,0.652,34.57,25.14,22.64,19.13,13.7
15.37,63.36,45,28.95,0.649,35.1,27.9,25.1,21.45,15.5
23.82,69.78,146,27.49,0.748,34.77,26.61,23.91,19.42,13.62
15.73,75.73,176,28.02,0.704,34.72,27.14,24.34,20.99,16.29
23.79,62.5,42,27.69,0.711,35.26,27.34,24.36,20.09,14.62
20.07,76.5,297,26.33,0.67,34.81,25.12,23.01,19.04,13.75
11.98,76.11,89,29.85,0.735,34.48,29.2,26.7,22.62,16.8
16.61,75.04,218,26.94,0.668,34.64,26.29,23.29,19.56,14.16
23.87,63.65,228,25.69,0.61,35.06,24.85,22.66,18.1,13.0
21.72,70.78,298,25.78,0.699,34.7,24.84,22.27,17.96,11.9
9.56,72.94,291,27.47,0.605,34.62,26.11,22.98,18.52,13.08
19.3,76.76,67,28.43,0.685,34.55,27.36,24.78,20.26,14.82
13.53,63.07,251,27.06,0.669,35.03,25.93,23.22,18.82,13.42
8.11,73.02,41,30.26,0.838,34.58,29.12,26.25,21.82,16.95
14.46,65.76,99,29.07,0.77,34.98,28.07,25.49,21.65,16.07
11.76,62.99,306,27.12,0.618,34.97,26.23,23.52,19.27,13.63
21.1,67.16,360,27.13,0.679,34.87,26.4,22.96,18.75,13.2
13.4,73.5,342,27.75,0.731,34.7,26.78,23.51,18.68,13.89
21.24,67.9,79,27.98,0.799,34.87,27.12,23.96,20.26,14.8
8.01,69.14,301,28.16,0.701,34.81,27.27,25.02,20.23,14.91
12.93,76.92,199,27.84,0.658,34.7,26.99,24.35,20.29,14.1
11.86,66.78,147,29.57,0.77,35.07,28.61,25.89,22.32,16.86
11.74,70.46,106,29.32,0.748,34.79,28.19,25.35,21.86,16.31
9.09,66.21,193,28.45,0.742,34.85,27.57,24.42,19.77,14.3
10.99,66.68,122,29.62,0.786,35.01,28.73,25.4,21.23,15.63
16.89,71.83,77,29.24,0.76,34.98,28.25,25.67,21.87,15.99
12.66,75.94,312,27.14,0.705,34.7,25.73,23.37,19.11,13.53
14.68,69.22,112,29.24,0.812,34.7,28.27,25.57,21.9,16.85
14.03,73.06,349,27.42,0.681,34.66,26.28,23.29,18.38,12.92
22.01,61.52,297,26.07,0.603,35.07,25.37,22.45,18.41,12.37
22.48,63.59,170,26.89,0.689,34.96,26.1,23.46,19.54,13.69
15.89,68.54,6,28.13,0.663,34.97,26.83,23.96,19.4,13.99
13.28,60.34,197,28.11,0.669,35.3,27.16,24.28,20.5,14.68
9.71,64.3,98,29.39,0.719,35.21,28.65,25.63,21.12,15.69
23.25,68.8,329,26.08,0.602,34.92,25.23,22.23,18.78,13.66
8.96,60.25,230,27.83,0.752,35.19,26.73,23.81,19.58,14.23
12.76,64.5,168,28.73,0.734,35.04,27.64,24.3,20.13,14.34
12.77,68.74,297,26.92,0.706,34.76,25.91,23.24,18.73,13.28
13.13,69.74,265,26.87,0.697,34.95,26.16,22.75,18.51,13.23
10.63,75.74,8,29.13,0.736,34.5,28.27,25.73,21.34,15.62
20.53,70.97,172,27.67,0.739,34.72,26.69,23.66,19.68,13.86
9.96,67.05,360,28.3,0.7,34.89,27.21,24.32,20.33,14.8
18.16,75.82,195,27.76,0.696,34.26,26.84,24.16,20.02,14.99
9.98,73.34,269,26.73,0.644,34.75,25.73,22.83,18.79,13.0
9.13,63.4,19,29.28,0.804,34.97,28.27,25.15,20.61,14.98
22.55,62.22,354,26.21,0.652,35.18,25.36,22.62,18.1,12.25
11.04,71.49,352,28.39,0.746,34.7,27.08,24.87,21.25,15.52
21.14,69.52,49,27.85,0.682,34.77,26.97,24.36,19.96,14.42
16.71,73.42,356,27.2,0.72,34.55,26.18,23.1,19.12,13.57
9.25,72.56,338,28.05,0.743,34.84,26.78,23.8,18.78,12.46
23.29,70.63,158,26.96,0.614,34.94,26.31,23.36,19.43,13.86
11.95,76.77,66,29.52,0.756,34.63,28.48,25.29,21.66,16.69
21.75,69.07,347,26.86,0.681,34.86,25.81,23.15,19.1,13.64
10.7,61.92,59,30.2,0.764,35.14,29.53,26.55,22.52,16.95
21.66,74.08,309,25.91,0.703,34.75,25.15,22.39,18.92,13.25
8.21,64.28,308,28.06,0.663,35.02,27.1,23.49,19.5,13.72
16.19,73.21,337,27.57,0.679,34.8,26.82,24.19,19.82,14.35
20.31,76.27,159,27.49,0.661,34.45,26.53,23.52,19.25,13.88
22.96,71.85,271,25.32,0.671,34.82,24.61,21.47,17.13,12.15
22.55,70.13,121,28.45,0.682,34.92,27.23,23.99,20.28,14.56
21.11,67.83,254,25.85,0.572,34.78,25.18,22.12,18.54,13.42
22.21,66.19,261,25.76,0.66,34.87,24.91,21.95,18.28,13.16
11.19,66.0,135,28.92,0.732,34.96,27.97,25.37,20.97,15.35
12.55,70.82,274,26.96,0.72,34.81,25.92,22.92,18.85,13.13
12.62,72.77,56,29.86,0.798,34.63,29.19,26.59,22.77,16.84
14.03,71.53,331,27.57,0.695,34.75,26.82,24.06,19.49,14.0
14.29,63.37,96,29.24,0.69,34.86,27.73,25.43,21.69,16.11
16.71,68.4,114,29.22,0.699,34.94,28.39,25.39,21.63,16.45
10.56,73.46,357,27.96,0.638,34.74,26.83,24.14,20.28,14.88
19.06,68.09,28,27.77,0.698,35.03,26.99,24.52,20.75,14.65
10.68,69.12,306,28.26,0.691,34.89,27.31,24.65,20.52,15.0
12.96,73.11,2,28.28,0.711,34.64,27.11,24.21,19.77,14.36
16.05,71.24,212,27.19,0.693,34.65,26.21,23.22,19.58,14.02
20.74,66.96,68,28.55,0.802,34.84,27.48,23.99,19.91,14.68
19.83,75.22,128,28.57,0.75,34.58,27.98,25.03,20.73,15.06
18.33,62.76,333,26.43,0.666,35.0,25.58,22.47,18.43,13.24
10.49,76.92,24,29.24,0.684,34.45,28.25,25.25,21.2,15.53
16.75,62.02,253,27.09,0.684,35.12,26.21,23.38,19.09,13.49
9.4,60.25,230,27.72,0.737,35.03,26.42,23.08,19.2,14.28
14.04,75.13,176,28.12,0.729,34.5,27.24,24.08,20.75,14.85
14.62,64.16,221,27.28,0.646,35.06,26.65,23.94,19.34,13.87
8.64,72.4,36,29.81,0.749,34.73,28.39,25.14,20.55,15.15
12.38,73.79,2,27.96,0.712,34.73,26.94,24.07,20.46,14.78
23.29,74.6,361,25.69,0.624,34.63,25.03,21.8,18.01,12.65
23.26,76.86,274,25.58,0.613,34.53,24.61,21.96,18.53,13.25
13.64,65.0,177,28.62,0.643,35.06,27.76,25.13,21.79,16.37
8.69,72.07,264,27.62,0.668,34.74,26.52,24.06,20.27,14.83
10.87,61.96,186,28.31,0.729,35.02,27.11,24.62,20.06,14.72
14.28,66.92,15,28.32,0.754,34.84,26.82,24.02,20.07,14.34
23.16,74.42,279,26.01,0.653,34.79,25.17,21.82,17.58,11.89
10.26,66.25,194,28.23,0.759,35.27,27.14,24.26,20.36,15.0
20.22,70.05,198,27.02,0.678,34.87,26.41,23.71,19.32,13.71
9.74,68.56,349,28.07,0.677,34.76,27.05,24.25,20.37,14.85
23.7,70.98,305,25.28,0.61,34.95,24.37,22.06,18.26,12.0
14.11,76.54,64,29.41,0.772,34.5,28.1,25.6,21.62,16.32
20.4,60.95,290,26.48,0.654,35.2,25.78,22.96,19.04,13.93
13.48,69.76,18,28.81,0.709,34.81,27.82,25.19,21.39,16.08
18.04,74.67,64,27.95,0.646,34.63,26.95,23.69,19.29,14.02
11.07,68.18,362,28.35,0.685,34.83,27.18,24.4,20.43,15.21
10.34,61.33,330,28.04,0.695,35.28,27.22,23.99,19.87,14.31
23.01,69.53,358,26.62,0.645,34.8,26.08,23.2,19.56,13.79
22.68,65.65,251,25.11,0.584,35.04,24.16,21.17,17.39,12.04
22.2,62.63,17,26.83,0.737,35.15,25.53,22.47,18.15,12.97
18.01,74.43,141,28.04,0.735,34.61,27.08,23.97,20.16,14.33
20.93,68.87,308,26.04,0.739,34.69,25.23,22.24,18.7,13.41
9.1,75.87,320,27.41,0.628,34.48,26.33,23.35,19.42,14.0
13.36,73.7,245,27.32,0.702,34.72,25.99,23.33,19.11,13.58
13.02,71.78,290,27.07,0.665,34.76,26.35,23.44,18.92,13.34
18.17,60.09,351,26.88,0.677,35.12,25.59,22.73,17.85,12.43
13.7,67.27,87,29.4,0.826,34.91,28.24,25.42,21.77,16.07
10.38,63.36,199,27.88,0.637,35.09,26.6,23.87,19.23,14.63
17.54,75.48,358,27.41,0.669,34.64,26.26,23.11,18.6,12.7
21.03,62.97,161,26.94,0.648,35.26,25.64,22.74,18.68,12.42
14.11,64.86,140,28.39,0.699,34.78,27.4,24.62,20.65,15.24
10.12,68.79,76,29.71,0.677,34.97,28.91,25.81,22.3,16.82
11.15,64.48,19,28.7,0.782,35.04,27.61,24.42,20.47,15.13
11.8,63.57,330,27.87,0.759,34.95,26.62,23.39,19.18,12.82
12.8,70.18,50,29.18,0.769,34.81,28.44,25.62,21.41,15.36
18.28,61.51,232,27.18,0.632,35.28,26.44,23.53,18.83,13.19
17.62,60.99,295,26.36,0.672,35.34,25.26,22.38,18.86,13.62
19.14,66.33,12,26.59,0.702,34.84,25.75,22.37,18.62,12.58
13.8,72.25,335,26.93,0.693,34.63,26.14,23.31,19.32,13.96
21.18,69.43,15,26.97,0.677,34.69,25.93,23.13,19.6,14.03
11.27,67.19,28,30.08,0.829,34.94,29.05,26.22,22.55,17.09
15.5,69.62,292,26.72,0.643,34.84,25.67,23.29,19.4,13.89
20.82,66.21,321,26.59,0.661,35.05,25.48,22.43,18.31,12.81
10.88,75.91,250,27.77,0.728,34.61,26.74,24.02,19.94,14.43
9.76,60.93,98,29.55,0.769,35.25,28.55,25.77,21.07,15.91
22.14,71.45,303,25.29,0.651,34.6,24.46,21.77,18.1,12.61
13.49,75.15,337,27.81,0.726,34.77,26.64,23.68,19.51,14.31
18.94,73.67,39,27.44,0.714,34.78,26.96,24.33,20.66,15.02
8.41,63.13,38,29.96,0.754,35.02,28.75,25.66,21.85,16.69
19.04,65.03,300,26.23,0.629,34.92,25.44,22.49,18.43,12.86
13.06,72.19,179,28.5,0.73,34.79,27.64,24.72,20.96,15.39
8.89,61.43,97,30.15,0.835,34.99,28.55,25.56,21.15,15.12
17.76,73.8,282,26.46,0.663,34.57,25.7,22.98,18.29,12.52
11.85,72.22,238,27.47,0.718,34.61,26.43,23.65,19.49,13.78
14.19,72.4,164,28.53,0.73,34.69,27.48,24.7,20.77,14.73
9.29,61.7,97,30.01,0.852,35.09,28.9,26.37,22.61,16.85
10.35,72.2,257,27.08,0.677,34.63,26.13,23.23,19.16,13.87
12.77,71.56,309,27.18,0.71,34.65,25.7,23.16,18.7,13.44
9.44,74.13,262,28.26,0.689,34.57,27.18,24.01,20.43,14.43
22.57,60.71,293,25.77,0.598,35.05,25.03,22.19,17.95,12.95
8.1,60.39,258,28.17,0.715,35.24,27.49,24.61,20.66,15.42
15.74,66.34,249,26.45,0.711,35.06,25.22,21.97,18.07,13.19
9.97,62.53,245,27.35,0.716,35.14,26.36,23.51,19.44,14.27
12.92,69.49,251,26.79,0.59,34.96,25.67,22.91,18.04,13.1
22.82,75.59,123,27.4,0.721,34.49,26.68,23.99,19.63,14.25
10.59,66.66,325,27.36,0.63,34.86,26.47,23.8,19.88,14.15
23.45,74.36,169,27.03,0.714,34.67,26.07,22.83,19.36,13.94
11.29,60.0,175,28.55,0.748,35.26,27.89,25.38,21.55,15.38
19.87,62.86,269,26.29,0.653,35.09,25.67,22.7,18.8,13.25
16.75,60.52,204,27.16,0.714,35.18,26.37,23.33,18.44,12.93
22.15,65.58,325,25.39,0.621,34.87,24.49,21.82,18.14,12.93
16.86,75.44,66,28.89,0.743,34.32,27.84,25.22,21.49,16.05
16.55,61.65,315,26.2,0.598,35.19,25.34,22.4,18.52,12.89
11.13,70.31,324,27.82,0.694,34.89,26.68,23.82,19.83,13.91
10.66,67.68,59,29.39,0.789,34.85,28.22,25.6,21.7,15.97
22.66,75.95,219,26.16,0.602,34.51,25.72,22.64,19.03,13.47
13.25,62.08,266,26.59,0.7,35.05,25.69,22.0,17.87,12.16
13.95,63.6,141,29.13,0.663,35.02,28.29,25.62,21.67,15.38
20.16,60.5,236,26.23,0.609,35.28,25.73,23.2,18.98,13.47
13.42,67.38,218,27.4,0.679,34.81,26.4,23.08,18.99,13.35
23.23,64.72,15,26.51,0.672,35.08,25.57,22.73,18.68,13.03
19.81,74.79,302,26.71,0.648,34.56,25.61,22.64,18.78,13.33
17.56,70.28,138,28.13,0.69,34.59,27.47,24.66,20.36,14.73
22.09,70.44,232,26.06,0.696,34.75,25.15,21.68,17.53,12.36
8.79,69.04,89,29.8,0.811,35.0,28.1,24.81,20.85,15.13
12.11,61.56,77,30.68,0.773,35.07,29.11,26.36,22.21,16.46
15.44,67.57,136,28.79,0.718,34.87,27.52,24.62,20.59,14.86
11.63,76.99,110,29.41,0.741,34.52,28.29,25.87,21.29,15.84
19.9,74.2,353,27.15,0.773,34.65,26.22,23.51,19.63,14.18
22.71,75.19,301,25.95,0.649,34.75,25.23,22.11,17.77,12.1
14.78,73.99,91,29.3,0.812,34.56,28.09,25.4,20.75,15.24
13.47,61.75,190,27.93,0.737,35.13,26.96,24.6,20.62,15.23
23.38,63.87,73,27.97,0.705,35.12,27.33,24.46,20.49,15.17
15.12,60.05,173,28.08,0.687,35.13,27.07,24.35,20.43,14.89
15.82,65.16,35,28.5,0.756,35.0,27.44,24.81,20.89,15.16
13.63,61.85,210,27.37,0.66,35.22,26.19,23.31,19.38,13.65
22.55,68.04,298,25.28,0.613,34.83,24.68,21.24,17.73,12.31
17.1,71.51,133,28.71,0.758,34.72,27.49,24.78,21.02,15.73
20.19,74.87,283,26.17,0.645,34.49,25.61,23.02,19.3,13.84
20.99,72.74,198,27.12,0.668,34.79,26.26,23.86,19.99,14.38
13.47,75.96,32,28.82,0.722,34.58,27.6,24.41,20.66,14.99
14.94,60.92,136,28.76,0.705,35.12,27.94,24.77,20.5,15.24
21.58,60.21,248,25.46,0.652,35.16,24.71,21.68,17.84,11.97
13.81,71.24,359,27.99,0.711,34.75,27.07,24.17,20.53,14.89
20.7,64.92,341,26.72,0.617,35.04,26.0,23.35,19.16,14.1
23.06,64.31,146,26.9,0.658,34.96,26.11,22.95,19.4,14.25
17.97,65.63,334,27.21,0.672,34.92,26.39,23.83,19.6,14.16
19.87,64.59,143,27.76,0.688,34.99,27.15,24.58,20.67,15.02
20.88,68.69,234,26.08,0.676,34.87,25.26,22.7,18.19,12.62
21.52,67.48,44,27.98,0.681,35.06,27.29,24.36,20.58,15.1
14.32,68.71,32,28.68,0.838,34.77,27.24,23.65,20.04,15.18
8.82,71.44,231,28.41,0.778,34.58,27.37,24.96,20.85,15.66
14.43,66.58,28,28.78,0.789,35.08,28.29,25.22,20.59,15.36
18.78,64.27,160,27.79,0.662,34.94,26.53,23.91,19.83,14.28
15.21,62.83,333,26.35,0.579,35.23,25.78,23.03,18.57,12.92
19.98,65.94,207,27.01,0.667,35.09,26.27,23.78,19.72,14.16
13.71,72.61,18,28.16,0.726,34.75,26.81,23.93,20.17,14.96
18.16,72.86,103,28.91,0.731,34.81,28.0,25.15,21.24,16.23
10.98,71.34,70,29.82,0.743,34.56,28.84,26.02,21.3,15.55
19.99,63.98,119,28.21,0.647,34.91,27.51,24.81,20.58,14.39
16.73,70.0,139,28.79,0.707,34.83,27.76,24.54,20.52,14.94
11.27,69.7,160,29.12,0.734,34.77,28.2,25.9,22.35,17.17
12.67,68.23,232,27.49,0.675,34.79,26.75,23.89,19.73,14.06
19.98,69.35,148,27.36,0.671,34.91,26.66,23.99,20.09,14.73
15.72,68.36,353,27.61,0.666,34.89,26.88,24.5,20.47,14.64
11.46,69.61,243,27.07,0.748,34.92,25.93,23.06,18.72,13.13
23.48,72.16,35,27.03,0.709,34.68,26.36,23.2,18.92,13.18
19.44,61.86,325,26.41,0.701,35.12,25.98,22.82,18.65,13.1
23.31,72.74,355,26.94,0.689,34.84,25.91,22.93,19.34,13.9
14.83,62.31,239,27.09,0.629,34.98,26.19,23.48,19.07,13.78
15.6,61.13,334,27.38,0.721,35.15,26.19,23.46,19.29,13.66
22.37,76.59,149,27.73,0.756,34.45,27.15,24.61,20.27,14.43
16.4,76.27,111,28.61,0.788,34.72,27.26,23.91,20.33,14.37
19.32,61.03,17,27.18,0.71,35.4,26.17,23.38,19.43,14.26
12.03,67.54,226,27.05,0.682,34.92,26.47,23.82,20.27,14.52
15.15,63.17,140,28.8,0.734,35.12,27.72,25.03,19.86,14.52
9.98,68.25,144,29.74,0.783,34.86,28.65,25.03,21.3,15.32
11.3,74.11,260,27.61,0.633,34.62,26.81,23.88,19.42,14.39
8.02,76.16,217,28.08,0.738,34.56,26.93,24.3,19.97,15.3
8.63,70.78,162,29.73,0.742,34.63,28.21,25.1,20.92,15.52
23.64,66.02,92,28.47,0.812,35.03,27.45,24.18,20.08,14.49
11.88,70.26,174,28.78,0.721,34.69,28.0,25.31,21.2,16.13
18.61,65.3,331,27.19,0.694,34.95,26.58,23.82,19.44,13.79
21.43,75.47,205,26.79,0.68,34.58,25.54,22.77,18.63,13.14
16.81,74.8,153,28.19,0.688,34.53,27.06,24.02,19.88,13.55
10.45,69.49,103,29.61,0.777,34.88,28.4,25.12,20.36,14.84
19.65,65.52,202,26.37,0.675,34.93,25.41,22.86,18.9,13.74
17.6,64.99,280,26.23,0.698,35.11,25.12,23.27,19.18,13.54
19.7,60.57,65,28.25,0.746,35.09,27.39,24.03,20.01,14.37
20.32,73.87,117,28.17,0.723,34.63,27.18,24.63,20.33,14.7
23.61,67.66,153,27.21,0.654,34.79,26.32,23.44,19.35,14.44
17.18,65.53,156,27.46,0.662,35.08,26.3,23.56,18.6,13.17
13.47,68.01,164,28.79,0.8,34.85,27.94,25.02,20.7,15.21
18.38,73.92,82,28.9,0.74,34.59,27.71,25.5,21.22,15.59
9.1,62.12,6,29.07,0.825,35.1,28.05,24.9,20.78,15.58
22.36,74.58,322,25.69,0.608,34.61,25.05,22.07,17.96,12.22
9.91,75.26,67,29.92,0.855,34.63,29.24,26.33,22.61,17.49
13.25,76.09,238,27.24,0.649,34.61,26.33,23.67,19.13,13.59
21.05,66.76,72,28.32,0.702,34.91,27.51,25.06,21.24,16.09
17.56,63.69,95,29.23,0.765,35.05,27.96,25.23,21.93,16.32
